id,title,versions,poster_path,created_at,genre_ids,vote_average,popularity,release_date,certification,certification_reasons,popularity_rank,keywords,backdrop_path
6,Los jueces de la noche (1993),"{""castellano"":{""url"":""https://ok.ru/videoembed/12004209527478?autoplay=1"",""quality"":""HD""}}",/q55oAjYoXPXcQCuwDZf2nPIJPdM.jpg,2026-01-21 09:24:00-03,"[28,80,53]",6.458,1.5505,1993-10-15,R,,894,"[""drug dealer"",""chicago, illinois"",""escape"",""one night"",""boxing""]",
13,Forrest Gump (1994),"{""castellano"":{""url"":""https://ok.ru/videoembed/11299325348364?autoplay=1"",""quality"":""HD""}}",/y9717iJeSCT6wNQfQfHtVhZmOU8.jpg,2026-02-12 13:23:00-03,"[35,18,10749]",8.462,26.42,1994-06-23,B,,49,"[""new year's eve"",""vietnam war"",""vietnam veteran"",""mentally disabled"",""friendship"",""usa president"",""washington dc, usa"",""post-traumatic stress disorder (ptsd)"",""waitress"",""based on novel or book"",""hippie"",""single parent"",""parent child relationship"",""optimism"",""1970s"",""drug addiction"",""autism"",""alabama"",""black panther party"",""bus stop"",""family relationships"",""chameleon"",""single mother"",""military"",""anti war protest"",""1960s"",""college american football"",""mother son relationship"",""america"",""hilarious"",""comforting"",""feel-good"",""réveillon""]",/67HggiWaP9ZLv5sPYmyRV37yAJM.jpg
14,Belleza Americana (1999),"{""latino"":{""url"":""https://ok.ru/videoembed/10186556967470?autoplay=1"",""quality"":""HD""},""subtitulado"":{""url"":""https://ok.ru/videoembed/3382160263804?autoplay=1"",""quality"":""HD""}}",/5Friz3hXc7yqw1aV4t9XiYHcDh4.jpg,2026-04-09 00:29:00-03,[18],8.001,9.5855,1999-09-15,C,,159,"[""estate agent"",""adultery"",""coming out"",""first time"",""virgin"",""cheating"",""parent child relationship"",""age difference"",""midlife crisis"",""cheerleader"",""dark comedy"",""rose"",""satire"",""dysfunctional family"",""suburbia"",""coming of age"",""sexual fantasy"",""dysfunctional marriage"",""marijuana"",""loneliness"",""love affair"",""exercise"",""extramarital affair"",""realtor"",""voyeurism"",""quitting a job"",""neighborhood"",""philosophical"",""retired army man"",""closeted homosexual"",""singing in a car"",""gay theme"",""intimate"",""existential"",""teenager"",""camcorder""]",/2ndw55F40IkALzWyjCCza3M6nqM.jpg
15,El Ciudadano Kane (1941),"{""latino"":{""url"":""https://ok.ru/videoembed/12157776955965?autoplay=1"",""quality"":""HD""}}",/w7V0bv38Z0q0DgHmMfcGM4WRNTv.jpg,2026-03-21 23:37:00-03,"[9648,18]",8,5.191,1941-04-17,PG,,287,"[""media tycoon"",""florida"",""art collector"",""newspaper"",""capitalist"",""journalist"",""sleigh"",""banker"",""american dream"",""failure"",""money"",""black and white"",""told in flashback"",""snowglobes"",""kids"",""bold"",""defiant"",""based on real person""]",/9Y85oA1y6toL2OACXdaC6iTl7eQ.jpg
17,La oscuridad (2005),"{""latino"":{""url"":""https://ok.ru/videoembed/11828963314316?autoplay=1"",""quality"":""HD""}}",/h6gCVAzjFLhzkffv2VZO1RgVCBt.jpg,2026-02-26 12:28:00-03,"[27,53,9648]",5.697,0.7646,2005-09-28,16,,1151,"[""sea"",""wales"",""child abuse"",""shepherd"",""adolescence"",""paradise"",""suicide"",""sheep"",""parent child relationship"",""loss of loved one"",""single"",""macabre"",""dramatic"",""frightened""]",/dhr0q4eiRr8ltqPig32TwhPRdaD.jpg
38,Eterno resplandor de una mente sin recuerdos (2004),"{""latino"":{""url"":""https://ok.ru/videoembed/10009059592793?autoplay=1"",""quality"":""HD""},""castellano"":{""url"":""https://ok.ru/videoembed/3473669294750?autoplay=1"",""quality"":""HD""}}",/2bHEXzzccUsBNOS6rn9uvi3vAGW.jpg,2026-04-09 00:21:00-03,"[878,18,10749]",8.09,26.7032,2004-03-19,B-15,,46,"[""new york city"",""regret"",""jealousy"",""deja vu"",""amnesia"",""dreams"",""operation"",""relationship problems"",""love"",""memory"",""brainwashing"",""relationship"",""heartbreak"",""nonlinear timeline"",""2000s"",""memory manipulation"",""psychological drama"",""enchant""]",/W1ffLQGHoxfAOq0ZYdPtJlvAdb.jpg
63,12 monos (1995),"{""castellano"":{""url"":""https://ok.ru/videoembed/10288299641590?autoplay=1"",""quality"":""HD""}}",/bXLwKCCMS2NCNlxAhSwn9HCymRl.jpg,2026-02-24 16:42:00-03,"[878,53,9648]",7.601,9.7345,1995-12-29,B-15,,157,"[""biological weapon"",""philadelphia, pennsylvania"",""schizophrenia"",""stockholm syndrome"",""airplane"",""world war i"",""underground"",""insanity"",""asylum"",""paranoia"",""prison cell"",""dystopia"",""pimp"",""lion"",""post-apocalyptic future"",""time travel"",""florida keys"",""mental breakdown"",""melancholy"",""past"",""dormitory"",""insane asylum"",""volunteer"",""drug use"",""flashback"",""remake"",""psychiatric hospital"",""jail"",""mental institution"",""alternate history"",""disease"",""lethal virus"",""paradox"",""psychiatrist"",""monkey"",""epidemic"",""trapped"",""street life"",""nonlinear timeline"",""medical research"",""gas mask"",""psychosis"",""subterranean"",""virus"",""mysterious"",""recurring dream"",""1990s"",""reflective"",""escaped animal"",""future noir"",""animal research"",""anxious"",""2030s"",""irreverent"",""inspirational"",""absurd"",""suspenseful"",""critical"",""intense"",""complicated"",""ominous""]",/mKIkGoyuR71qz6FdiEiOjxvBQcS.jpg
68,Brasil (1985),"{""subtitulado"":{""url"":""https://ok.ru/videoembed/11004490681062?autoplay=1"",""quality"":""HD""}}",/x7N8ZbCw7ojT8XbvoeGL0LXTK8E.jpg,2026-02-14 00:00:00-03,"[35,878]",7.665,4.2209,1985-02-20,16,,416,"[""dreams"",""government"",""bureaucracy"",""police state"",""great britain"",""technology"",""dystopia"",""office"",""dark comedy"",""satire"",""surrealism"",""steampunk"",""terrorism"",""bombing"",""job promotion"",""repairman"",""disturbed"",""christmas"",""irreverent"",""absurd"",""incredulous"",""ambiguous"",""baffled"",""preposterous""]",
85,Los cazadores del arca perdida (1981),"{""castellano"":{""url"":""https://ok.ru/videoembed/11857979116147?autoplay=1"",""quality"":""HD""}}",/qeELdpfXoUUVVnb6EBqpIs1fzo9.jpg,2026-02-19 11:32:00-03,"[12,28]",7.922,13.3304,1981-06-12,B,,106,"[""egypt"",""treasure"",""medallion"",""swastika"",""saving the world"",""nepal"",""himalaya mountain range"",""cairo"",""moses"",""hat"",""whip"",""leather jacket"",""mediterranean"",""ark of the covenant"",""ten commandments"",""nazi"",""excavation"",""riddle"",""treasure hunt"",""archaeologist"",""adventurer"",""archeology"",""globetrotting"",""religious history"",""1930s"",""dramatic""]",/zPACwR32amTNvzId9qyapCWXYDJ.jpg
111,Scarface (1983),"{""latino"":{""url"":""https://ok.ru/videoembed/3192604134028?autoplay=1"",""quality"":""HD""}}",/iDABT5GD9OQmFiXM3wR0DJIxtkY.jpg,2026-01-20 12:36:46.193763-03,"[28,80,18]",8.156,19.7538,1983-12-09,R,,71,"[""corruption"",""sibling relationship"",""miami, florida"",""cuba"",""loss of loved one"",""gangster"",""cocaine"",""rise and fall"",""remake"",""drug cartel"",""mafia"",""drug lord"",""bitterness"",""rise to power"",""miami beach"",""cuban refugees"",""drug war"",""tragic""]",/1qM2BYNE11Viby8ImC9LC00DgDr.jpg
123,El Señor de los Anillos (1978),"{""latino"":{""url"":""https://ok.ru/videoembed/3188851083992?autoplay=1"",""quality"":""HD""}}",/6SHIZpuZ2cGoTGq5nbihIgy43rC.jpg,2026-04-10 00:26:00-03,"[12,16,14]",6.6,3.2276,1978-11-15,PG,,571,"[""mission"",""based on novel or book"",""elves"",""dwarf"",""troll"",""fantasy world"",""wizard"",""journey"",""ring"",""hero's journey"",""high fantasy"",""good versus evil"",""animation""]",/TXSxV23MWYkezZ3219gtgcSX6n.jpg
136,La parada de los monstruos (1932),"{""subtitulado"":{""url"":""https://ok.ru/videoembed/11676811201139?autoplay=1"",""quality"":""HD""}}",/idK9v05lDtXm67bylUhQyvVlZM6.jpg,2026-02-07 15:36:00-03,"[18,27]",7.769,2.3722,1932-01-01,NR,,716,"[""infidelity"",""dwarf"",""attempted murder"",""clown"",""beauty"",""carnival"",""romance"",""revenge"",""murder"",""black and white"",""newlywed"",""pre-code"",""bigotry"",""disability"",""sideshow"",""told in flashback"",""speech impediment"",""trapeze artist"",""stutterer"",""deformity"",""conjoined twins"",""freak"",""armless"",""midgets"",""midget"",""bareback rider"",""poisoned drink"",""pseudo-hermaphrodite"",""bearded lady"",""microcephalics"",""human skeleton"",""provocative""]",
144,El cielo sobre Berlín (1987),"{""castellano"":{""url"":""https://ok.ru/videoembed/11624767294126?autoplay=1"",""quality"":""HD""}}",/3BUvkcxlIjrZN0wlgIK0cB8rAtp.jpg,2026-01-26 17:00:00-03,"[18,14,10749]",7.8,2.2302,1987-09-23,PG-13,,742,"[""berlin, germany"",""dreams"",""library"",""circus"",""angel"",""berlin wall"",""immortality"",""observer"",""melancholy"",""black and white"",""perception"",""thoughtful"",""mortality"",""dramatic"",""ambiguous""]",/7TlGXrB4WQ3wbpOCUQnBXseCuOl.jpg
205,Hotel Rwanda (2004),"{""castellano"":{""url"":""https://ok.ru/videoembed/13201586719486?autoplay=1"",""quality"":""HD""}}",/lOBsGSCBEZNdsiCNpoSG2S6xrdN.jpg,2026-04-03 21:57:00-03,"[18,36,10752]",7.719,4.616,2004-12-22,B-15,,364,"[""rwanda"",""refugee"",""refugee camp"",""tutsi"",""militia"",""rwandan genocide"",""based on true story"",""murder"",""slaughter"",""dead body"",""atrocity"",""african"",""cruelty"",""genocide"",""united nations"",""death"",""angry"",""aggressive"",""desperate"",""malicious"",""cautionary"",""factual"",""commanding"",""foreboding"",""ominous""]",/jkvvXaN7FPVKGlk8oj9PL0FHNtj.jpg
277,Inframundo (2003),"{""latino"":{""url"":""https://ok.ru/videoembed/11346186013395?autoplay=1"",""quality"":""HD""},""subtitulado"":{""url"":""https://ok.ru/videoembed/3612556921461?autoplay=1"",""quality"":""HD""}}",/6mq3OSMsmcTtoRLXiYOp8VZGOdw.jpg,2026-03-09 12:02:00-03,"[14,28,53]",6.845,6.0868,2003-09-19,,,233,"[""budapest, hungary"",""love of one's life"",""vampire"",""subway"",""hostility"",""bite"",""descendant"",""hybrid"",""rivalry"",""shootout"",""werewolf"",""gothic"",""dark fantasy"",""lycanthrope"",""urban gothic"",""supernatural power""]",
310,Todopoderoso (2003),"{""latino"":{""url"":""https://ok.ru/videoembed/9697068976818?autoplay=1"",""quality"":""HD""}}",/vD0EfyAo5pz4kVqa8KHCfB9dZzC.jpg,2026-01-20 12:36:46.662574-03,"[14,35]",6.724,9.1969,2003-05-23,PG-13,,163,"[""new love"",""lovesickness"",""moon"",""street gang"",""moses"",""faith"",""prayer"",""christianity"",""journalism"",""car crash"",""god"",""religion"",""relationship"",""super power"",""news reporter"",""female journalist"",""religious conflict"",""responsibility"",""praying"",""almighty""]",/cgjLr9VVQzp0mYQ6IUc3JlZ8Frp.jpg
311,Érase una vez en América (1984),"{""castellano"":{""url"":""https://ok.ru/videoembed/11464043858547?autoplay=1"",""quality"":""HD""}}",/u4VnqaxINtKVscmdldZsBojU6jm.jpg,2026-01-26 12:29:00-03,"[18,80]",8.392,15.2333,1984-05-23,18,,96,"[""new york city"",""regret"",""lovesickness"",""rape"",""life and death"",""sexual abuse"",""street gang"",""corruption"",""based on novel or book"",""prohibition era"",""gangster"",""sadistic"",""money laundering"",""opium"",""mafia boss"",""murder"",""memory"",""jewish american"",""torture"",""brooklyn bridge"",""childhood friends"",""nostalgic"",""aggressive"",""1920s"",""1960s"",""1930s""]",/xlDUjb0Q5Dv6jPQRF5VE4IMjIy.jpg
329,Parque Jurásico (1993),"{""latino"":{""url"":""https://ok.ru/videoembed/11436013849268?autoplay=1"",""quality"":""HD""}}",/bZwiCOH2o2YK0G6pLraFnATY988.jpg,2026-02-11 00:34:00-03,"[12,878]",7.964,8.3302,1993-06-11,,,169,"[""exotic island"",""island"",""triceratops"",""brontosaurus"",""electric fence"",""dna"",""tyrannosaurus rex"",""paleontology"",""dinosaur"",""amusement park"",""theme park""]",
350,El Diablo viste a la moda (2006),"{""latino"":{""url"":""https://ok.ru/videoembed/3154814110423?autoplay=1"",""quality"":""HD""},""castellano"":{""url"":""https://ok.ru/videoembed/7607695510063?autoplay=1"",""quality"":""HD""}}",/gvBvYFS9LVeukBYcdBX2HJZN4DL.jpg,2026-01-20 12:36:46.434715-03,"[18,35]",7.4,107.6627,2006-06-29,PG-13,"Fear, Coarse Language",13,"[""new york city"",""journalist"",""paris, france"",""based on novel or book"",""journalism"",""fashion journal"",""assistant"",""job entrant"",""job interview"",""editor-in-chief"",""fashion"",""fashion magazine"",""bullied"",""city life"",""fashion industry"",""bold""]",
408,Blanca Nieves y los siete enanos (1938),"{""latino"":{""url"":""https://ok.ru/videoembed/7468695358039?autoplay=1"",""quality"":""1080P""}}",/b2ZPP3bZqDOzqTHr1TlFIFPWP48.jpg,2026-04-10 18:16:00-03,"[14,16,10751]",7.122,10.0668,1938-01-14,AA,,152,"[""witch"",""dying and death"",""princess"",""becoming an adult"",""dwarf"",""poison"",""sadness"",""queen"",""attempted murder"",""cartoon"",""villain"",""kiss"",""miner"",""surrogate mother"",""love"",""apple"",""candlelight vigil"",""evil queen"",""based on fairy tale"",""magic mirror"",""good versus evil"",""seven dwarfs"",""whimsical"",""awestruck"",""straightforward""]",/4yWayBvwl9gHXaWrDrAslxjL7mh.jpg
437,Cube 2: Hypercube (2002),"{""subtitulado"":{""url"":""https://ok.ru/videoembed/11859986811555?autoplay=1"",""quality"":""HD""}}",/gN5jiymsQW00AK7ZT2ftM7hVsWD.jpg,2026-01-28 09:05:00-03,"[53,878,9648]",5.488,2.6369,2002-04-15,R,,662,"[""hacker"",""riddle"",""detective"",""mathematics"",""claustrophobia"",""maze"",""cube"",""amused""]",
457,Sissi (1955),"{""castellano"":{""url"":""https://ok.ru/videoembed/9947423115837?autoplay=1"",""quality"":""HD""}}",/yTibsvDd6OkaNVZJ3DrLj0nooTO.jpg,2026-03-21 23:50:00-03,"[35,18,10749]",7.3,3.4904,1955-12-22,6,,525,"[""marriage proposal"",""anonymity"",""husband wife relationship"",""sibling relationship"",""love of one's life"",""chase"",""attachment to nature"",""horseback riding"",""love at first sight"",""mistake in person"",""bavaria, germany"",""emperor"",""love of animals"",""ball"",""telegram"",""bad mother-in-law"",""biography"",""schloss schönbrunn"",""historical figure"",""empress"",""royalty"",""wedding"",""period drama"",""vienna, austria"",""austria-hungary"",""habsburger""]",/rKs8y5WlXcYX5GCbDkXcXybGteZ.jpg
476,Drugstore Cowboy (1989),"{""latino"":{""url"":""https://ok.ru/videoembed/12505156946610?autoplay=1"",""quality"":""HD""}}",/nxITSEh80jvMEGGsU8RgCzLL340.jpg,2026-03-15 00:19:00-03,"[18,80]",7.081,2.7318,1989-10-20,16,"Violence, Illegal Drugs",642,"[""drug abuse"",""support group"",""1970s"",""drug addiction"",""junkie"",""portland, oregon"",""drugstore"",""group therapy"",""melancholy"",""drug stealing"",""burglars"",""opioid use disorder"",""hopeful"",""tragic""]",/zf52xLEyao2xcVnpThmzW2Xl0aj.jpg
503,Poseidón (2006),"{""latino"":{""url"":""http://ok.ru/videoembed/499411782278?autoplay=1"",""quality"":""HD""},""castellano"":{""url"":""http://ok.ru/videoembed/7615643060783?autoplay=1"",""quality"":""HD""}}",/4OlwVoSxeeP9TuZ5OdKWnIPLvsO.jpg,2026-01-20 12:36:46.662574-03,"[12,28,18,53]",5.864,2.6897,2006-05-03,PG-13,,649,"[""new year's eve"",""daughter"",""self-abandonment"",""ship"",""fire"",""drowning"",""cataclysm"",""escape"",""loss of loved one"",""shipwreck"",""atlantic ocean"",""ball"",""giant wave"",""blackout"",""single"",""remake"",""disaster"",""capsized ship"",""disaster movie"",""dramatic"",""excited""]",/cmif4raVnSublaj6wEswHHPPL65.jpg
550,El Club de la Lucha (1999),"{""castellano"":{""url"":""https://ok.ru/videoembed/11649670842995?autoplay=1"",""quality"":""HD""}}",/bI0BhpswEApC0B17RhLZtRVPZiQ.jpg,2026-02-05 17:49:00-03,"[18,53]",8.438,29.0245,1999-10-15,R,"Violence / Horror, Sexuality, Negative examples",41,"[""dual identity"",""rage and hate"",""based on novel or book"",""nihilism"",""fight"",""support group"",""dystopia"",""insomnia"",""alter ego"",""breaking the fourth wall"",""split personality"",""quitting a job"",""dissociative identity disorder"",""self destructiveness""]",
561,Constantine (2005),"{""latino"":{""url"":""https://ok.ru/videoembed/8843629693502?autoplay=1"",""quality"":""HD""},""castellano"":{""url"":""https://ok.ru/videoembed/9129269660325?autoplay=1"",""quality"":""HD""}}",/oj0s9jvCyMSCMvw7pNWt7nELykW.jpg,2026-01-20 12:36:46.434715-03,"[14,28,27]",7.119,15.6231,2005-02-08,R,,95,"[""self sacrifice"",""angel"",""christianity"",""confession"",""superhero"",""supernatural"",""exorcism"",""archangel gabriel"",""holy water"",""redemption"",""based on comic"",""lucifer"",""demon"",""occult"",""aftercreditsstinger"",""mysticism"",""supernatural power"",""good versus evil"",""conceited"",""defiant"",""occult detective"",""dc elseworlds""]",/z9qFZHT8K7tG2PlpKBSAqlmGST8.jpg
571,Los pájaros (1963),"{""subtitulado"":{""url"":""https://ok.ru/videoembed/11928732895987?autoplay=1"",""quality"":""HD""}}",/g4PKccNcpGzGiIrbXQyiYSTfcDm.jpg,2026-03-06 20:25:00-03,"[27,53]",7.515,4.7519,1963-03-28,NR,,341,"[""pet shop"",""seclusion"",""playground"",""fireplace"",""seagull"",""bird attack"",""socialite"",""based on short story"",""practical joke"",""schoolteacher"",""lovebird"",""shopkeeper"",""unsolved mystery"",""schoolhouse"",""intense""]",/il5zDHC5sGe3ZHLhVi3tNFZ9Tt5.jpg
583,La vida de Brian (1979),"{""castellano"":{""url"":""https://ok.ru/videoembed/11306145614451?autoplay=1"",""quality"":""HD""}}",/b4JaQ2ZjPxblj3E3S9ga5ykTita.jpg,2026-01-27 10:49:00-03,[35],7.8,4.5234,1979-08-17,R,,378,"[""roman empire"",""jewry"",""three kings"",""crucifixion"",""bethlehem"",""independence movement"",""satire"",""parody"",""religion"",""sermon on the mount"",""anarchic comedy"",""mother son relationship"",""hilarious"",""religious satire""]",/lOrM3OQhHlzEkpF7Ih3GghecrA8.jpg
600,Full Metal Jacket (1987),"{""latino"":{""url"":""https://ok.ru/videoembed/8539688929887?autoplay=1"",""quality"":""HD""},""castellano"":{""url"":""https://ok.ru/videoembed/5152756140591?autoplay=1"",""quality"":""720P""}}",/6CX7BcyD8Xd5AQ7myNs0UE4mu6c.jpg,2026-01-20 12:36:46.434715-03,"[18,10752]",8.122,10.8706,1987-06-26,18,,140,"[""rescue"",""sniper"",""vietnam war"",""suicide"",""vietnam"",""helicopter"",""army"",""prostitute"",""based on novel or book"",""propaganda"",""war correspondent"",""journalism"",""recruit"",""infantry"",""war photographer"",""boot camp"",""jungle"",""sergeant"",""racism"",""genocide"",""fighting"",""platoon"",""combat"",""discipline"",""u.s. marine"",""obstacle course"",""military"",""anti war"",""mass grave"",""blanket party"",""soldiers"",""war"",""critical"",""frustrated"",""harsh"",""scathing""]",/3k2TRmqMjgt7tcwkYwZQdctnty3.jpg
628,Entrevista con el vampiro (1994),"{""latino"":{""url"":""https://streaam-660fef271516.herokuapp.com/watch/67ae632e265c9891b0b20e3b"",""quality"":""HD""},""castellano"":{""url"":""https://ok.ru/videoembed/7632338946800?autoplay=1"",""quality"":""HD""}}",/921DrRqvdnX90grWPkuRnOoko5l.jpg,2026-01-20 12:36:46.434715-03,"[27,18,14]",7.383,5.9424,1994-11-11,18,,243,"[""paris, france"",""based on novel or book"",""san francisco, california"",""vampire"",""bite"",""new orleans, louisiana"",""plantation"",""louisiana"",""pity"",""child vampire"",""gothic horror"",""18th century"",""plague"",""19th century"",""urban gothic"",""reluctant vampire""]",/3fChciF2G1wXHsyTfJD9y7uN6Il.jpg
634,El Diario de Bridget Jones (2001),"{""latino"":{""url"":""https://ok.ru/videoembed/12265777597052?autoplay=1"",""quality"":""HD""},""castellano"":{""url"":""https://ok.ru/videoembed/12265778645628?autoplay=1"",""quality"":""HD""},""subtitulado"":{""url"":""https://ok.ru/videoembed/7029447527125?autoplay=1"",""quality"":""HD""}}",/747EDazOLVIALUnflQcGf8lNwNA.jpg,2026-03-01 23:43:00-03,"[35,10749,18]",6.74,4.3433,2001-04-13,C,,401,"[""daughter"",""london, england"",""lovesickness"",""england"",""sexual frustration"",""alcohol"",""parent child relationship"",""telecaster"",""birthday"",""cigarette"",""diary"",""lawyer"",""reporter"",""extramarital affair"",""duringcreditsstinger"",""woman director"",""amused""]",/9rSpxsMhG1FnFtUDdvSAXdtLtb3.jpg
661,El matrimonio de Maria Braun (1979),"{""subtitulado"":{""url"":""https://ok.ru/videoembed/11295059217064?autoplay=1"",""quality"":""HD""}}",/pzPV0YOnxyFC01R4KwBjTo63itw.jpg,2026-02-05 14:34:00-03,[18],7.359,0.7909,1979-03-23,12,,1140,"[""strong woman"",""black market"",""empowerment"",""world war ii"",""marriage"",""penitentiary"",""economic miracle"",""1940s"",""new german cinema""]",/ejp6CZQ64mEvewfit2fSIpOYxGR.jpg
670,Old Boy (2003),"{""castellano"":{""url"":""https://ok.ru/videoembed/10872215177857?autoplay=1"",""quality"":""HD""}}",/eFhZFoD8YJI6KMVg34k3QoC6n0z.jpg,2026-02-03 16:35:00-03,"[18,53,9648,28]",8.241,18.7125,2003-11-21,18,,76,"[""daughter"",""rage and hate"",""hostility"",""transformation"",""imprisonment"",""dark comedy"",""hypnosis"",""sushi restaurant"",""notebook"",""time"",""sin"",""alcoholism"",""flashback"",""revenge"",""loneliness"",""torture"",""based on manga"",""urination"",""rage"",""anger"",""catholic"",""incest"",""aggressive"",""captivity"",""neo-noir"",""brother sister sex"",""father daughter relationship"",""asian origins"",""remade"",""south korea"",""hammer"",""driven to suicide"",""suspenseful"",""tragic"",""brother sister incest"",""father daughter incest"",""hipnotismo"",""prisão"",""incesto""]",/sdwjQEM869JFwMytTmvr6ggvaUl.jpg
671,Harry Potter y la Piedra filosofal (2001),"{""latino"":{""url"":""https://streaam-660fef271516.herokuapp.com/watch/67953d4799e591269e40903f"",""quality"":""HD""}}",/3MKK7vAJLtSkBTABMTjxf6TOCo3.jpg,2026-01-20 12:36:46.193763-03,"[12,14]",7.9,28.7874,2001-11-16,PG,,43,"[""witch"",""school friend"",""friendship"",""london, england"",""based on novel or book"",""magic"",""boarding school"",""male friendship"",""child hero"",""school of witchcraft"",""chosen one"",""bullying"",""school"",""ghost"",""fantasy world"",""wizard"",""pre-teen"",""children's adventure"",""based on young adult novel"",""found family"",""owl"",""male female friendship"",""whimsical"",""teen fantasy""]",/1XAC6RPT01UX9EQGy2JVn5c8pgy.jpg
672,Harry Potter y la Cámara secreta (2002),"{""latino"":{""url"":""https://ok.ru/videoembed/7463471090389?autoplay=1"",""quality"":""HD""}}",/bhCfAzeMMg7GyLDT11yVM2i1NPh.jpg,2026-01-20 12:36:46.193763-03,"[12,14]",7.7,21.4524,2002-11-13,PG,,62,"[""witch"",""flying car"",""elves"",""magic"",""sword"",""diary"",""child hero"",""school of witchcraft"",""giant spider"",""black magic"",""giant snake"",""ghost"",""child driving car"",""wizard"",""aftercreditsstinger"",""christmas"",""based on young adult novel"",""teen fantasy""]",/1stUIsjawROZxjiCMtqqXqgfZWC.jpg
673,Harry Potter y el Prisionero de Azkaban (2004),"{""latino"":{""url"":""https://ok.ru/videoembed/8639757355615?autoplay=1"",""quality"":""HD""}}",/wF9aoo4YZmpKP4bZPSy4Zwwek6G.jpg,2026-01-20 12:36:46.193763-03,"[12,14]",8.009,21.3519,2004-05-31,PG,Violence,64,"[""witch"",""school friend"",""friendship"",""flying"",""magic"",""bus"",""traitor"",""child hero"",""school of witchcraft"",""black magic"",""time travel"",""school"",""best friend"",""werewolf"",""muggle"",""ghost"",""wizard"",""aftercreditsstinger"",""magical creature"",""night bus"",""teenage life"",""christmas"",""school class"",""based on young adult novel"",""magic spell"",""admiring"",""comforting"",""enchant"",""teen fantasy""]",/vbk5CfaAHOjQPSAcYm6AoRRz2Af.jpg
674,Harry Potter y el Cáliz de fuego (2005),"{""latino"":{""url"":""https://streaam-660fef271516.herokuapp.com/watch/67953d4f99e591269e409042"",""quality"":""HD""}}",/5hrrncgY7GfRHz6JmnhPlvJUONe.jpg,2026-01-20 12:36:46.193763-03,"[12,14]",7.801,20.0711,2005-11-16,PG-13,Violence,67,"[""witch"",""dying and death"",""based on novel or book"",""magic"",""boarding school"",""world cup"",""maze"",""mermaid"",""school of witchcraft"",""black magic"",""chosen one"",""sequel"",""vision"",""school"",""tournament"",""dragon"",""ghost"",""wizard"",""teenage hero"",""christmas"",""based on young adult novel"",""teen fantasy""]",/1OV7hau4D3rWGS5bu8sqBYeVpe.jpg
675,Harry Potter y la Orden del Phoenix (2007),"{""latino"":{""url"":""https://ok.ru/videoembed/7582152329863?autoplay=1"",""quality"":""HD""}}",/xxXiM2Ij7plbzibKWW9BfDk23aI.jpg,2026-01-20 12:36:46.193763-03,"[12,14]",7.673,19.062,2007-07-08,PG-13,Violence / Horror,74,"[""witch"",""dying and death"",""court"",""magic"",""prophecy"",""loss of loved one"",""professor"",""supernatural"",""child hero"",""school of witchcraft"",""black magic"",""sorcery"",""occult"",""ghost"",""wizard"",""christmas"",""scholar"",""mystical land"",""ministry"",""based on young adult novel"",""teen fantasy""]",
706,Effi Briest (1974),"{""subtitulado"":{""url"":""https://ok.ru/videoembed/11268859169448?autoplay=1"",""quality"":""HD""}}",/y4DpDwfbrRFaglJhuQplCo8Yj11.jpg,2026-02-04 19:19:00-03,"[36,18]",6.594,1.7833,1974-06-20,,,832,"[""adultery"",""naivety"",""berlin, germany"",""becoming an adult"",""age difference"",""way of life"",""life planning"",""northern germany"",""duel"",""single father"",""baltic sea"",""new german cinema""]",/cv6MxWigdHr1ga9AN4stzyzEG7r.jpg
712,Cuatro bodas y un funeral (1994),"{""latino"":{""url"":""https://ok.ru/videoembed/9413628856956?autoplay=1"",""quality"":""HD""},""castellano"":{""url"":""https://ok.ru/videoembed/4941397101234?autoplay=1"",""quality"":""HD""}}",/hpPe7zVnNuqfzDy3bzXnWnJWA83.jpg,2026-01-20 12:36:46.662574-03,"[35,18,10749]",6.771,3.2636,1994-03-09,R,,564,"[""friendship"",""marriage proposal"",""love of one's life"",""england"",""wedding vows"",""funeral"",""upper class"",""love at first sight"",""yuppie"",""marriage"",""lone wolf"",""snob"",""witness"",""bride"",""bridegroom"",""bridesmaid"",""clumsy fellow"",""fear of commitment"",""unrequited love"",""wedding"",""thirty something"",""group of friends"",""best man"",""rich man"",""commitment issues""]",
752,V de Vendetta (2006),"{""castellano"":{""url"":""https://ok.ru/videoembed/7596353063471?autoplay=1"",""quality"":""HD""}}",/RGtqJD856BJ7kZ88v7ZPz84tU6.jpg,2026-01-27 10:24:00-03,"[28,53,878]",7.897,10.5105,2006-02-23,12,,145,"[""government"",""detective"",""revolution"",""dystopia"",""fascism"",""fascist"",""chancellor"",""based on comic"",""revenge"",""torture"",""hatred"",""masked vigilante"",""vengeful spirit"",""activist"",""thoughtful"",""vengeful""]",
767,Harry Potter y el Misterio del Príncipe (2009),"{""latino"":{""url"":""https://streaam-660fef271516.herokuapp.com/watch/67953d5599e591269e409044"",""quality"":""HD""}}",/tO0UGkNuQoxyXve0mvwtXP49NAO.jpg,2026-01-20 12:36:46.193763-03,"[12,14]",7.682,19.0842,2009-07-15,PG,,73,"[""witch"",""dying and death"",""london, england"",""magic"",""school of witchcraft"",""sequel"",""apparition"",""curse"",""teenage crush"",""school"",""werewolf"",""teenage love"",""luck"",""ghost"",""wizard"",""secret past"",""christmas"",""based on young adult novel"",""teen fantasy""]",/ze6Mx4QE5mQVXRYmG2flncqqle4.jpg
788,"Señora Doubtfire, papá de por vida (1993)","{""castellano"":{""url"":""https://ok.ru/videoembed/11471636138611?autoplay=1"",""quality"":""HD""}}",/krR0wGE6T7dG7PucgMybzHDZ1xH.jpg,2026-01-26 16:35:00-03,"[35,18,10751]",7.196,7.6984,1993-11-24,7,,179,"[""mask"",""parent child relationship"",""san francisco, california"",""social worker"",""transvestite"",""nanny"",""restaurant"",""fake identity"",""custody battle"",""responsibility"",""voice acting"",""divorced couple"",""apologetic"",""enchant"",""frustrated""]",
790,La Niebla (1980),"{""latino"":{""url"":""https://ok.ru/videoembed/12152647649972?autoplay=1"",""quality"":""4K""}}",/4GfsZ5AizqiuQIEKZF24bUDWrBb.jpg,2026-03-11 19:39:00-03,[27],6.727,3.6833,1980-02-01,R,,498,"[""sea"",""small town"",""ship"",""gold"",""beach"",""prophecy"",""sword"",""narration"",""beheading"",""fog"",""leprosy"",""lighthouse"",""church"",""suspenseful""]",/pAOLiapALC7Q5pcCPDTA6P9pRuv.jpg
794,La profecía (1976),"{""latino"":{""url"":""https://ok.ru/videoembed/12150476442328?autoplay=1"",""quality"":""HD""}}",/32BtXH6IKWSERv4bJIc16dwjibX.jpg,2026-03-05 13:47:00-03,"[27,53]",7.409,4.4327,1976-06-25,C,,389,"[""ambassador"",""prophecy"",""monk"",""photography"",""nanny"",""paranormal phenomena"",""rottweiler"",""devil's son"",""revelation"",""satan"",""anti-christ"",""decapitation"",""priest"",""conspiracy"",""religion"",""cowardliness"",""devil"",""baboon"",""archaeologist"",""awestruck"",""cemitério"",""666"",""religião"",""padre"",""profecia""]",
801,"Good Morning, Vietnam (1987)","{""castellano"":{""url"":""https://ok.ru/videoembed/11435253172851?autoplay=1"",""quality"":""HD""}}",/gsh0fhNQZ6O1ZYsDIt3THtBxoeP.jpg,2026-01-24 17:28:00-03,"[35,18,10752]",7.3,2.9678,1987-12-23,R,,608,"[""dying and death"",""vietnam war"",""rock 'n' roll"",""vietnam"",""vietcong"",""right and justice"",""explosive"",""war crimes"",""radio station"",""radio presenter"",""cynic"",""entertainer"",""u.s. air force"",""radio"",""saigon"",""provocation"",""1960s"",""amused"",""1965"",""ho chi minh city""]",/mbgJEkrJ0uBOakLwpufdmW4K8Im.jpg
826,El puente sobre el río Kwai,"{""castellano"":{""url"":""https://ok.ru/videoembed/7718881921617?autoplay=1"",""quality"":""HD""}}",/z5uKyonXIGiVub5RtJKaPgGevlI.jpg,2026-01-20 12:36:45.887344-03,"[18,36,10752]",7.819,2.8114,1957-10-11,PG,,631,"[""japan"",""based on novel or book"",""resistance"",""river"",""world war ii"",""prisoner of war"",""thailand"",""bridge"",""burma"",""pacific war"",""bridge blowup"",""dramatic""]",
828,El día que la tierra se detuvo (1951),"{""subtitulado"":{""url"":""https://ok.ru/videoembed/13448361282211?autoplay=1"",""quality"":""HD""}}",/9PNGHzcvETVebXHOGIPT18vK0MC.jpg,2026-03-25 17:45:00-03,"[878,53,18]",7.456,2.9301,1951-09-18,G,,613,"[""spacecraft"",""flying saucer"",""peace"",""remote control"",""ufo"",""social commentary"",""giant robot"",""black and white"",""military"",""physics professor"",""humanity"",""alien technology""]",/qwZRvb0DJ5IwDoRuKDRCBuHWzkw.jpg
834,Inframundo: La Evolución (2006),"{""latino"":{""url"":""https://ok.ru/videoembed/358357600915?autoplay=1"",""quality"":""HD""},""subtitulado"":{""url"":""https://ok.ru/videoembed/6713973738111?autoplay=1"",""quality"":""HD""}}",/1yxuTlArzVRZRR9fuNh1lQJCDoW.jpg,2026-03-09 12:19:00-03,"[14,28,53]",6.602,3.9575,2006-01-12,,,458,"[""budapest, hungary"",""vampire"",""key"",""light"",""forbidden love"",""rivalry"",""werewolf"",""gothic"",""evolution"",""dark fantasy"",""lycanthrope"",""urban gothic""]",/lao4tAa7y5QX5benDMyIeeRiTCb.jpg
862,Toy Story (1995),"{""latino"":{""url"":""https://ok.ru/videoembed/2036867467840?autoplay=1"",""quality"":""HD""}}",/1wynJzp9xZPgU2mhjLzCBMh19BM.jpg,2026-04-09 19:38:00-03,"[10751,35,16,12]",7.971,22.2911,1995-11-22,AA,Fear,60,"[""rescue"",""friendship"",""mission"",""jealousy"",""villain"",""bullying"",""elementary school"",""rivalry"",""anthropomorphism"",""friends"",""computer animation"",""buddy"",""walkie talkie"",""toy car"",""boy next door"",""new toy"",""neighborhood"",""toy comes to life"",""resourcefulness"",""toy"",""hilarious"",""cheerful"",""pixar""]",/3Rfvhy1Nl6sSGJwyjb0QiZzZYlB.jpg
863,Toy Story 2 (1999),"{""latino"":{""url"":""https://ok.ru/videoembed/2036867402304?autoplay=1"",""quality"":""HD""}}",/x75DO6UHi3gExlqVm7VmtFAa99U.jpg,2026-04-09 19:41:00-03,"[16,35,10751]",7.604,16.8616,1999-10-30,AA,,89,"[""friendship"",""airplane"",""museum"",""prosecution"",""identity crisis"",""villain"",""flea market"",""collector"",""sequel"",""buddy"",""rescue team"",""prospector"",""garage sale"",""duringcreditsstinger"",""toy comes to life"",""personification"",""inanimate objects come to life"",""cheerful"",""comforting""]",/7iUDfakacY1HpajP1DtHrCuDB95.jpg
874,Un hombre de dos reinos (1966),"{""subtitulado"":{""url"":""https://ok.ru/videoembed/3316223904381?autoplay=1"",""quality"":""HD""}}",/ktOGYwg9wWojDSfCInx9eMdmqnN.jpg,2026-03-31 23:37:00-03,"[18,36]",7.352,2.6716,1966-12-13,G,,654,"[""death penalty"",""england"",""pope"",""beheading"",""protestant church"",""oath"",""based on play or musical"",""tudor"",""catholic"",""henry viii"",""16th century"",""british monarchy"",""século xvi""]",/ulO2vXHo8oTOdUWSEwWkGFhq3VL.jpg
900,La adorable revoltosa (1938),"{""castellano"":{""url"":""https://ok.ru/videoembed/10872195517057?autoplay=1"",""quality"":""HD""}}",/g3RIOKbxuiJ16hfz73KwmEfaSag.jpg,2026-02-11 19:32:00-03,"[35,10749]",7.524,2.1539,1938-02-18,NR,,756,"[""prison"",""donation"",""museum"",""zoo"",""paleontologist"",""leopard"",""bone"",""cross dressing"",""black and white"",""psychiatrist"",""screwball comedy"",""celebratory"",""cheerful""]",/fzJgCQh2NBnUYlms8EGyr4bPNz3.jpg
947,Lawrence de Arabia (1962),"{""castellano"":{""url"":""https://ok.ru/videoembed/282620463697?autoplay=1"",""quality"":""HD""}}",/fpgwOqUAdctewAXWhCnqb1NMl44.jpg,2026-04-02 15:54:00-03,"[12,36,10752]",7.994,5.2384,1962-12-11,B,,284,"[""cairo"",""world war i"",""arabian"",""horse"",""jerusalem"",""british army"",""british empire"",""damascus"",""camel"",""based on true story"",""historical fiction"",""quicksand"",""desert"",""arab"",""thoughtful"",""ottoman empire"",""provocative""]",/z30x999Uku15xcFbe5s3hLvQPDl.jpg
953,Madagascar (2005),"{""latino"":{""url"":""https://ok.ru/videoembed/8011079223981?autoplay=1"",""quality"":""HD""}}",/zrV5GnfCcLWzyjrFgYTpjQPRMfl.jpg,2026-01-20 12:36:46.193763-03,"[10751,16,12,35]",6.9,16.0916,2005-05-25,PG,,93,"[""friendship"",""island"",""escape"",""africa"",""lion"",""zoo"",""hippopotamus"",""giraffe"",""penguin"",""cartoon"",""villain"",""zebra"",""slapstick comedy"",""madagascar"",""animals"",""nostalgic"",""lemur"",""escaped animal"",""talking animal"",""3d animation"",""witty""]",/tPaurpIUskVji5vwV0dhy9pq4Vs.jpg
995,La diligencia (1939),"{""subtitulado"":{""url"":""https://ok.ru/videoembed/11340340529832?autoplay=1"",""quality"":""HD""}}",/zgMnfnwWZ3nkx4t0bUDEKtW24O8.jpg,2026-02-07 16:46:00-03,"[37,12]",7.615,2.385,1939-03-02,G,,712,"[""marriage proposal"",""prostitute"",""new mexico"",""arizona"",""infant"",""outcast"",""fugitive"",""shootout"",""black and white"",""doctor"",""desert"",""stagecoach"",""cowboy"",""stranger"",""indian attack"",""outlaw gang"",""ostracism"",""calvary"",""drunkard"",""direct""]",/7SYNEG50fKODsTP6h9phYM3BueV.jpg
1052,Blow-Up (Deseo de una mañana de verano) (1966),"{""castellano"":{""url"":""https://ok.ru/videoembed/11216113240744?autoplay=1"",""quality"":""HD""},""subtitulado"":{""url"":""https://ok.ru/videoembed/11215847164584?autoplay=1"",""quality"":""HD""}}",/ukOvzqWNMWLOJMI3NAoconXQx2V.jpg,2026-02-02 06:49:00-03,"[18,9648,53]",7.327,2.0401,1966-12-18,NR,,771,"[""london, england"",""loss of sense of reality"",""photographer"",""burglar"",""photography"",""suspicion of murder"",""surreal"",""municipal park"",""pantomime"",""photographic evidence"",""murder"",""counter-culture"",""corpse"",""drugs"",""photo shoot"",""avant-garde"",""modeling"",""swinging london"",""fotógrafo""]",
1162,El milagro de Ana Sullivan (1962),"{""latino"":{""url"":""https://ok.ru/videoembed/2391347890890?autoplay=1"",""quality"":""HD""},""subtitulado"":{""url"":""https://ok.ru/videoembed/3990276999909?autoplay=1"",""quality"":""HD""}}",/sHU0JZR6sn1Zr2OtBxYCjy8J7el.jpg,2026-01-20 12:36:46.434715-03,[18],7.899,1.512,1962-05-23,NR,,903,"[""blindness and impaired vision"",""deaf-mute"",""education"",""biography"",""historical figure"",""teacher"",""tutor"",""teacher student relationship"",""tantrum"",""railway station"",""sign languages"",""institution"",""19th century"",""real story"",""female teacher"",""blind child"",""deaf girl"",""deafness"",""biographical""]",/5bvQEihHBKJ0Rs1J46HcG0wASDr.jpg
1163,Un milagro para Helen Keller (2000),"{""latino"":{""url"":""https://ok.ru/videoembed/1228085267159?autoplay=1"",""quality"":""HD""}}",/A0PfwIMM7Mkit0ZoLzspgOWrmsQ.jpg,2026-01-20 12:36:46.434715-03,"[18,10770]",7.1,0.8999,2000-11-12,PG,,1098,"[""blindness and impaired vision"",""education"",""woman director""]",
1256,Morirás en tres días (2006),"{""castellano"":{""url"":""https://ok.ru/videoembed/4980103056050?autoplay=1"",""quality"":""HD""}}",/9OqDWRgUDtrkLZ57RwyMz8NzV81.jpg,2026-03-13 13:47:00-03,"[27,53]",5.369,0.8912,2006-07-21,16,,1104,"[""hotel"",""dying and death"",""rescue"",""suicide"",""mother"",""lake"",""police"",""loss of loved one"",""son"",""doomed man"",""suspicion"",""austria"",""knife"",""threat of death"",""sms"",""salzkammergut"",""matter of life and death"",""police protection"",""murder"",""hospital"",""police officer"",""bound and gagged"",""female corpse"",""fear of dying""]",/L7EFekOOIN1bw9gj8NCHNmrZlN.jpg
1278,Soñadores (2003),"{""castellano"":{""url"":""https://tj.tbnbotsnetwork.workers.dev/watch/115509/So%C3%B1adores+%282003%29+-+CAST.mp4?hash=AgAD_g"",""quality"":""HD""},""subtitulado"":{""url"":""https://tj.tbnbotsnetwork.workers.dev/watch/115511/So%C3%B1adores+%282003%29+-+VOSE.mp4?hash=AgADBw"",""quality"":""HD""}}",/rdddOCZTYQuR3AXIvUiDhijKNjl.jpg,2026-01-20 12:36:46.434715-03,"[18,10749]",7.2,4.7061,2003-10-10,18,,348,"[""hotel"",""first time"",""paris, france"",""love triangle"",""students' movement"",""sexuality"",""bathing"",""flat"",""riot"",""crush"",""american"",""twins"",""incest"",""polyamory"",""1960s"",""foreign student"",""pretentious"",""1968""]",/vaRCS4CCFXcWz1j9GKd6rGLsQQ2.jpg
1284,Torrente 2: Misión en Marbella (2001),"{""castellano"":{""url"":""https://ok.ru/videoembed/11664882993838?autoplay=1"",""quality"":""HD""}}",/pAXIn7wFa6140zi6LzYMD6Rt8CD.jpg,2026-01-27 09:31:00-03,"[28,35,80]",6.045,0.6746,2001-03-30,12,,1188,"[""missile"",""detective"",""roulette"",""marbella""]",/qlZhJXm2F898eTSQfo855AvdLtm.jpg
1493,Miss Simpatía (2000),"{""latino"":{""url"":""https://ok.ru/videoembed/7555733588612?autoplay=1"",""quality"":""HD""}}",/9oae5r1ATLwVY7yJyTXhMaZSGGq.jpg,2026-03-02 12:30:00-03,"[35,80,28]",6.531,4.6989,2000-12-22,PG-13,,350,"[""undercover agent"",""investigation"",""beauty contest"",""talent show"",""fish out of water"",""terrorism"",""surveillance"",""san antonio, texas"",""beauty standards"",""beauty queen""]",/bTpjn4OEeoLEJYjRvEvkPfPQZdb.jpg
1547,Jóvenes ocultos (1987),"{""latino"":{""url"":""https://ok.ru/videoembed/9640481917495?autoplay=1"",""quality"":""HD""}}",/wt9FllHNK3KGGr7aviCFLfAvjYg.jpg,2026-03-25 19:49:00-03,"[27,35,53,18,10749]",7.1,4.5926,1987-07-31,R,,370,"[""small town"",""california"",""street gang"",""parent child relationship"",""vampire"",""boardwalk"",""single"",""murder"",""amusement park"",""blood sucking"",""seaside town"",""pets"",""1980s"",""brother brother relationship"",""playful"",""beach town"",""cliché"",""ridiculous""]",/6zvbeKxgc80xQsZLJ4eQVZSKXO8.jpg
1579,Apocalypto (2006),"{""latino"":{""url"":""https://ok.ru/videoembed/354361870922?autoplay=1"",""quality"":""HD""}}",/yQ4uC13IYVerbxMMXeSogSQUkOT.jpg,2026-01-20 12:36:46.193763-03,"[28,18,36]",7.596,38.1678,2006-12-07,R,,33,"[""loss of loved one"",""maya civilization"",""village"",""solar eclipse"",""affectation"",""slavery"",""tribe"",""native american"",""forest"",""human sacrifice"",""eclipse"",""central america"",""ancient civilization"",""angry"",""aggressive"",""16th century"",""candid"",""maya temple"",""ancient language film"",""absurd"",""dramatic"",""critical"",""admiring"",""adoring"",""ambiguous"",""ambivalent"",""approving"",""assertive"",""audacious"",""authoritarian"",""awestruck"",""baffled"",""celebratory"",""commanding"",""defiant"",""earnest"",""empathetic"",""enchant"",""veneno"",""ameríndio"",""maias"",""século xvi""]",/nnmbJvYyDS1VkMOCbxSpdBi3WbJ.jpg
1585,¡Qué bello es vivir! (1946),"{""latino"":{""url"":""https://ok.ru/videoembed/9574060722810?autoplay=1"",""quality"":""HD""}}",/63W4MsB8e5whhPNyxhRVTzSsCje.jpg,2026-01-27 09:33:00-03,"[18,10751,14]",8.276,11.0534,1946-12-20,PG,"Violence, Fear, Discrimination",136,"[""small town"",""angel"",""suicide attempt"",""holiday"",""bank"",""great depression"",""family business "",""black and white"",""nervous breakdown"",""old house"",""newlywed"",""magic realism"",""told in flashback"",""alternative reality"",""guardian angel"",""high school dance"",""christmas"",""what if"",""christmas eve""]",/3q35nBLCIdEbxYfsr7D5ocYQXKz.jpg
1623,Brubaker (1980),"{""latino"":{""url"":""https://ok.ru/videoembed/3501888834228?autoplay=1"",""quality"":""HD""}}",/bK1OZ1srlPgQkB9dUc7FrTFExJa.jpg,2026-02-24 12:54:00-03,"[80,18]",7.1,3.9049,1980-06-20,R,,465,"[""prison"",""undercover"",""liberation of prisoners"",""arkansas"",""prison warden"",""based on true story"",""prison brutality"",""abuse"",""1960s"",""prison farm"",""prisoner abuse"",""prisão"",""agente infiltrado""]",/1mrub90uU3Q36Nvnwz2fzZdItwl.jpg
1635,La Isla (2005),"{""latino"":{""url"":""https://ok.ru/videoembed/2112823888527?autoplay=1"",""quality"":""HD""},""subtitulado"":{""url"":""https://ok.ru/videoembed/3976575781543?autoplay=1"",""quality"":""HD""}}",/mNmc7H8L2ABfcY2V7BQMpFU0F4r.jpg,2026-01-20 12:36:46.662574-03,"[28,53,878,12]",6.7,4.824,2005-07-21,PG-13,,328,"[""genetics"",""love of one's life"",""escape"",""freedom"",""dystopia"",""false memory"",""plague"",""human clone"",""2010s"",""organ trafficking""]",/zZZ1FDl5FPClZ9OnMrlaPA4Iuxv.jpg
1694,Re-Animator (1985),"{""subtitulado"":{""url"":""https://ok.ru/videoembed/11901254765219?autoplay=1"",""quality"":""HD""}}",/zUwzx9mKVugyjYyTNzKhBscscT3.jpg,2026-01-30 07:33:00-03,"[878,35,27]",7.046,1.8978,1985-10-18,NR,,803,"[""experiment"",""insanity"",""overdose"",""black humor"",""mad scientist"",""decapitation"",""reanimation"",""laboratory"",""severed head"",""hospital"",""zombie"",""intestines"",""death"",""black cat"",""based on short story"",""dead cat"",""surgical operation"",""reanimated corpse"",""medical student"",""medical school"",""lovecraftian"",""amused""]",
1834,El enigma del collar (1944),"{""subtitulado"":{""url"":""https://ok.ru/videoembed/8546184071810?autoplay=1"",""quality"":""HD""}}",/2f5SnHGvptnEj8EsnZbQ7uU5uQZ.jpg,2026-03-13 18:07:00-03,"[80,18,9648,53]",7.26,1.0798,1944-12-14,,,1026,"[""detective"",""female lover"",""femme fatale"",""hallucinogenic drug"",""film noir"",""los angeles, california"",""beach house"",""private detective"",""sedation"",""search for truth"",""unfaithful wife"",""tiki culture""]",/mIcj44rCT7TBWGV7wjMnusBbFte.jpg
1858,Transformers,"{""castellano"":{""url"":""https://streaam-660fef271516.herokuapp.com/watch/67ae64b2265c9891b0b20e48"",""quality"":""HD""}}",/jNZOozjyWKC0jTTvpZ3KOobGcED.jpg,2026-01-20 12:36:45.887344-03,"[12,878,28]",6.821,2.6802,2007-06-27,PG-13,,651,"[""transformation"",""destroy"",""alien"",""based on toy"",""giant robot"",""robot"",""nostalgic"",""duringcreditsstinger"",""teenage hero"",""griffith observatory"",""alien robot""]",/iCDMBi6WLjUBnt24dNwHqqF81UL.jpg
1884,Star Wars: Ewoks Caravana De Valor (1984),"{""latino"":{""url"":""https://ok.ru/videoembed/7795260852792?autoplay=1"",""quality"":""1080P""},""castellano"":{""url"":""https://ok.ru/videoembed/1140976913026?autoplay=1"",""quality"":""HD""}}",/bo5Z2dyhtKhft9MK270tC9v9KiO.jpg,2026-04-10 19:35:00-03,"[12,10751,14,878,10770]",5.9,1.8545,1984-12-21,7,,813,"[""rescue"",""space marine"",""monster"",""parent child relationship"",""magic"",""fairy tale"",""bravery"",""forest"",""caravan"",""space"",""spin off""]",/waWPYcXrbENXEoJkrQt7zFUdq14.jpg
1977,La maldición 3 (El Grito 3) (2009),"{""latino"":{""url"":""https://ok.ru/videoembed/12879763999410?autoplay=1"",""quality"":""HD""}}",/xMFs9uSkoo6Oa7U7fBFAxVWjXM9.jpg,2026-03-28 12:55:00-03,"[9648,27,53]",5.43,1.9914,2009-05-12,R,,784,"[""sibling relationship"",""haunted house"",""broken neck"",""curse"",""stabbing"",""gothic"",""demonic possession"",""police tape"",""handprint"",""dollhouse"",""family photo"",""murder of son""]",/e3fp9XMQ13b0OCKw9gR3h7ZYoaw.jpg
2044,La Casa del Lago (2006),"{""latino"":{""url"":""https://ok.ru/videoembed/3913464941271?autoplay=1"",""quality"":""HD""},""subtitulado"":{""url"":""https://ok.ru/videoembed/7100467120801?autoplay=1"",""quality"":""HD""}}",/zE2QSywfJvaFLRFkxbGLhdibEnx.jpg,2026-03-13 11:59:00-03,"[10749,18,9648,14]",7.025,4.225,2006-06-16,B-15,,415,"[""chicago, illinois"",""ex-boyfriend"",""writing"",""architect"",""remake"",""architecture"",""doctor"",""mysterious letter"",""dog"",""mailbox"",""passage of time"",""time paradox"",""lake house"",""unique house"",""unexpected connection"",""architecture firm""]",/cvenzPOcYthevmYvy0WX4pZ2RNp.jpg
2097,El monstruo que amenaza el mundo (1967),"{""subtitulado"":{""url"":""https://ok.ru/videoembed/11434913303203?autoplay=1"",""quality"":""HD""}}",/cKGilVnmsCqeAvo49fKEMRgNBcR.jpg,2026-02-07 15:01:00-03,"[27,878,28]",5.615,0.7352,1967-04-22,12,,1161,"[""research"",""ship"",""island"",""japan"",""monster"",""photographer"",""giant monster"",""earthquake"",""matter of life and death"",""dinosaur"",""tropical island"",""giant egg"",""kaiju"",""tokusatsu""]",
2099,Ejecutor (1986),"{""latino"":{""url"":""https://ok.ru/videoembed/12103587924526?autoplay=1"",""quality"":""HD""}}",/1Y2GgDyNJFELoSIVlRhFQSs23Uo.jpg,2026-03-05 22:47:00-03,"[28,80,53]",5.827,4.7108,1986-06-06,R,,346,"[""chicago, illinois"",""small town"",""showdown"",""undercover"",""gangster"",""fbi"",""gang war"",""crime boss"",""mafia boss"",""vigilante"",""organized crime"",""shootout"",""one man army"",""one against many"",""bomb attack"",""1980s"",""action hero""]",/eJ1UkFvKCQUqVW5lswBMYMRKn4Q.jpg
2123,"Irene, Yo y mi Otro Yo (2015)","{""latino"":{""url"":""https://ok.ru/videoembed/2344108034581?autoplay=1"",""quality"":""HD""},""castellano"":{""url"":""https://ok.ru/videoembed/7493578000943?autoplay=1"",""quality"":""HD""}}",/9Jx2FzdKUYqF3BojG65xjqIG9aj.jpg,2026-01-20 12:36:46.193763-03,[35],6.607,4.168,2000-06-22,R,,426,"[""schizophrenia"",""road trip"",""ex-cop"",""aftercreditsstinger"",""duringcreditsstinger"",""hilarious"",""ridiculous""]",/8qLen3NLCVSu1I9aqGWbTUIoBLQ.jpg
2153,El conductor (1978),"{""latino"":{""url"":""https://ok.ru/videoembed/6945991953112?autoplay=1"",""quality"":""HD""}}",/uYShIt9VF0ASVQRUFaNvzqw8A9F.jpg,2026-03-05 13:37:00-03,"[80,53,28]",7.173,1.938,1978-06-08,R,,796,"[""robbery"",""card game"",""casino"",""gambling"",""detective"",""anti hero"",""witness"",""heist"",""bag of money"",""los angeles, california"",""criminal"",""getaway driver"",""set up"",""neo-noir"",""train station"",""bar""]",
2280,Quisiera ser grande (1988),"{""castellano"":{""url"":""https://ok.ru/videoembed/2697940634272?autoplay=1"",""quality"":""1080P""}}",/dBuSKD60sCtLEOFH4P706h46fCu.jpg,2026-04-10 00:25:00-03,"[14,18,35]",7.183,6.7605,1988-06-03,PG,,204,"[""baseball"",""coming of age"",""best friend"",""co-workers relationship"",""body-swap"",""magic realism"",""bronx, new york city"",""nostalgic"",""pinball machine"",""toy maker"",""job promotion"",""homesick"",""new toy"",""quarter"",""unplugged electronic works"",""yankee stadium"",""wish fulfillment"",""bunk bed"",""woman director"",""toymaker"",""loving"",""age change"",""hilarious"",""amused"",""joyful""]",/bi9ihIMB9DoXs7odkS5oKkHoK2o.jpg
2291,Alucinaciones del pasado (1990),"{""latino"":{""url"":""https://ok.ru/videoembed/6906508806742?autoplay=1"",""quality"":""HD""},""castellano"":{""url"":""https://ok.ru/videoembed/9600474483403?autoplay=1"",""quality"":""HD""},""subtitulado"":{""url"":""https://ok.ru/videoembed/2884875192893?autoplay=1"",""quality"":""HD""}}",/1wSyCFk53Xx7kVU76bLEDWk6BgA.jpg,2026-03-11 19:18:00-03,"[18,9648,27]",7.358,3.5352,1990-11-02,,,509,"[""vietnam veteran"",""new york city"",""post-traumatic stress disorder (ptsd)"",""experiment"",""nightmare"",""subway"",""1970s"",""paranoia"",""hallucination"",""car bomb"",""grief"",""memory"",""chemist"",""demon"",""postal worker"",""figment of imagination"",""oneiric"",""chiropractor""]",/oubk1SEFtg3Q8eOncFvGQVa6OoP.jpg
2383,El oso (1988),"{""subtitulado"":{""url"":""https://ok.ru/videoembed/11249358277260?autoplay=1"",""quality"":""HD""}}",/u0kuCxmwfabxLhB6rDFrHiibeRs.jpg,2026-03-05 21:41:00-03,"[12,18,10751]",7.1,1.76,1988-10-21,PG,,839,"[""canada"",""based on novel or book"",""rocky mountains"",""wilderness"",""brown bear"",""puma"",""fur trapping"",""spring"",""bear"",""summer"",""dog"",""bear cub"",""animal protagonist""]",/3wcDKBiMnCEZBIg5ADN1dZ7L44i.jpg
2527,Accidente sin huella (1969),"{""subtitulado"":{""url"":""https://ok.ru/videoembed/11837015263830?autoplay=1"",""quality"":""HD""}}",/tmLSeflOrO98eYEarIYbyk7OENm.jpg,2026-02-02 19:22:00-03,"[53,18,80]",7.322,1.3851,1969-09-04,,,934,"[""beach"",""father murder"",""loss of loved one"",""letter"",""revenge"",""seaside"",""french noir"",""driver"",""death of son""]",
2567,El Aviador (2004),"{""latino"":{""url"":""https://ok.ru/videoembed/12749937248948?autoplay=1"",""quality"":""HD""}}",/8J1W3R6ai8JabP54Igx0Ed2RLJf.jpg,2026-03-22 22:19:00-03,[18],7.216,6.153,2004-12-17,B-15,,227,"[""ladykiller"",""pilot"",""biography"",""based on true story"",""womanizer"",""phobia"",""aviation"",""period drama"",""u.s. congress"",""flying boat"",""test flight""]",/6KLKdhk9wZvJ6OcTzDCoxup0Kmh.jpg
2666,Dark City (1998),"{""subtitulado"":{""url"":""https://ok.ru/videoembed/11446577662550?autoplay=1"",""quality"":""HD""}}",/xZiUwgdXMUMY8vEpMylOahUIDzL.jpg,2026-02-03 12:55:00-03,"[9648,878]",7.334,4.5628,1998-02-27,R,,374,"[""beach"",""amnesia"",""experiment"",""paranoia"",""dystopia"",""sleep"",""manipulation"",""mad scientist"",""fugitive"",""serial killer"",""memory"",""cyberpunk"",""duel"",""parallel world"",""murder investigation"",""alien race"",""alternative reality"",""tech noir"",""false memory"",""implanted memory"",""humanity"",""neo-noir"",""accused of murder"",""retrofuturism"",""amnesiac"",""imaginary world"",""urban gothic"",""new species of human"",""sleeping spell"",""human experiment"",""complex"",""quest for identity"",""eternal night"",""lovecraftian"",""memory transfer"",""soul seekers"",""world of darkness"",""suspenseful"",""prostitute killer"",""reality-bending"",""assassino em série"",""dying race""]",/sWi4SSeVPii4NU365Df9vzX1yOX.jpg
2698,Regreso del Todopoderoso (2007),"{""latino"":{""url"":""https://ok.ru/videoembed/4409585306327?autoplay=1"",""quality"":""HD""}}",/u7P8kuz2Zk1eVFjF9kgj5NygKsG.jpg,2026-01-20 12:36:46.662574-03,"[14,35,10751]",5.6,3.1417,2007-06-09,PG,,588,"[""rescue"",""parent child relationship"",""faith"",""married couple"",""support"",""marriage"",""father"",""god"",""spin off"",""animals"",""nature"",""flood"",""duringcreditsstinger"",""noah's ark"",""ark"",""almighty"",""hilarious""]",/yVwCXQzSZvg9H0YBXvzPfSs6Vqx.jpg
2756,Abyss (1989),"{""latino"":{""url"":""https://ok.ru/videoembed/10746923453075?autoplay=1"",""quality"":""HD""}}",/3IF8MSSy6lo2pg7dfa1n9n8SeUX.jpg,2026-01-22 20:30:00-03,"[12,53,878]",7.336,5.39,1989-08-09,13,,271,"[""sea"",""flying saucer"",""submarine"",""ocean"",""diving suit"",""secret mission"",""insanity"",""nuclear missile"",""u.s. navy"",""alien life-form"",""ufo"",""warning"",""scuba diving"",""underwater"",""scuba"",""extraterrestrial life form"",""deepsea"",""message"",""trapped underwater "",""thalassophobia""]",/mW6XzxelLY8T2oW2NjciG9LpZT5.jpg
2813,"Prostituta de día, señorita de noche (1978)","{""subtitulado"":{""url"":""https://ok.ru/videoembed/11872389237334?autoplay=1"",""quality"":""HD""}}",/hdfjHJCqLfGS0FukUkqvxI7czhk.jpg,2026-02-05 14:31:00-03,"[80,18,53]",6.681,1.5708,1978-05-24,,,888,"[""abortion"",""patricide"",""matricide""]",
2900,El engendro (1999),"{""latino"":{""url"":""https://ok.ru/videoembed/7223574924008?autoplay=1"",""quality"":""HD""}}",/uniXuOMcxsD8EhvxNOmkBlmbmg9.jpg,2026-02-23 23:29:00-03,"[18,878,53]",5.599,1.8285,1999-08-27,R,,819,"[""mission"",""husband wife relationship"",""nasa"",""pregnancy"",""space travel"",""alien"",""space"",""astronaut""]",
3066,La leyenda de Frankenstein (1981),"{""latino"":{""url"":""https://ok.ru/videoembed/12266690841326?autoplay=1"",""quality"":""HD""}}",/4Cwab8d6Vy5UbaZwojQKTlTT0Xi.jpg,2026-03-11 18:01:00-03,"[27,16,10770]",6.6,3.0988,1981-07-27,,,592,"[""monster""]",/vfmVqMqnsgKZw2Bi0RirBR9FUhZ.jpg
3160,Frankenstein conquista el mundo (1965),"{""latino"":{""url"":""https://ok.ru/videoembed/12124648180364?autoplay=1"",""quality"":""HD""}}",/wXzG32nsY6i8mMslXGrsHMOZla9.jpg,2026-03-13 23:41:00-03,"[27,878]",6.721,3.3475,1965-08-08,12,,552,"[""japan"",""monster"",""submarine"",""germany"",""atomic bomb"",""radiation"",""world war ii"",""giant monster"",""hiroshima, japan"",""scientist"",""kaiju"",""giant octopus"",""baragon"",""frankenstein"",""tokusatsu""]",/pGDGr33gZvozMMV0fO2krFCcy1w.jpg
3513,Legionario (1998),"{""latino"":{""url"":""https://ok.ru/videoembed/12874117810868?autoplay=1"",""quality"":""HD""}}",/8PuiRr1nU0YTRwKgqZRel6bBJUU.jpg,2026-03-22 22:08:00-03,"[28,10752,12,36]",5.816,2.3411,1998-12-03,R,,722,"[""shepherd"",""martial arts"",""rebel"",""morocco"",""foreign legionaire"",""sword fight"",""revenge"",""battlefield"",""gunfight"",""soldier"",""battle"",""desert"",""combat"",""behind enemy lines"",""1920s"",""action hero"",""inspirational""]",/lHmI3sEY99Sduaupnx3BUXwcD7u.jpg
3683,La conquista del honor (2006),"{""latino"":{""url"":""https://ok.ru/videoembed/11797240023720?autoplay=1"",""quality"":""HD""}}",/gpvlDdAfr3ImydsZxGnYM0bcrJg.jpg,2026-02-24 16:37:00-03,"[10752,18,36]",6.859,2.4932,2006-10-19,R,,686,"[""dying and death"",""japan"",""world war ii"",""based on true story"",""pacific"",""pacific war"",""iwo jima"",""aftercreditsstinger"",""duringcreditsstinger"",""1940s""]",/vscsDExaKK0oKqrYBze9Tm2oitf.jpg
3980,Critters,"{""latino"":{""url"":""https://filetolink.f2lp.workers.dev/watch/408561?hash=AgADeg"",""quality"":""HD""}}",/zLL6nX13AfigvvNQ9GyNXhKVrmg.jpg,2026-01-20 12:36:45.887344-03,"[35,27,878]",6.5,2.8909,1986-04-11,PG-13,,620,"[""spacecraft"",""small town"",""sheriff"",""bounty hunter"",""sibling relationship"",""cat"",""barn"",""toilet"",""kansas, usa"",""alien"",""creature"",""explosion"",""alien invasion"",""family"",""exploding house"",""brother sister "",""alien fugitive"",""alien creature""]",/omoQkyiQ94FfyR4gUmA66VXQyZ9.jpg
4889,Un cerebro de un billón de dólares (1967),"{""subtitulado"":{""url"":""https://ok.ru/videoembed/11334756207267?autoplay=1"",""quality"":""HD""}}",/46BOqgR1tJnZT0eILmBKUAKBYPC.jpg,2026-01-29 16:13:00-03,[53],5.626,0.9041,1967-11-16,16,,1095,"[""england"",""spy"",""cold war"",""texas"",""anti-communism"",""swinging 60s"",""supercomputer"",""harry palmer"",""finland""]",/1LsJxgTU0XGXfiVBE6Cl2k8TQH2.jpg
5157,Beneath the Valley of the Ultra-Vixens (1979),"{""subtitulado"":{""url"":""https://ok.ru/videoembed/9699217508950?autoplay=1"",""quality"":""HD""}}",/cD9Kl7DhIKN7LqkCNxojhhwBxEt.jpg,2026-02-11 00:14:00-03,[35],5.259,1.7804,1979-05-11,NR,,834,"[""eroticism"",""striptease"",""satire"",""older woman younger man relationship"",""employer employee relationship"",""voyeurism"",""erotic movie""]",
5481,Shock (Suspense) (1977),"{""subtitulado"":{""url"":""https://ok.ru/videoembed/8332912560803?autoplay=1"",""quality"":""HD""}}",/qD6KKi7sUtfXzF8JJMcFmavvsdt.jpg,2026-01-21 09:12:00-03,[27],6.3,0.7672,1977-08-12,R,,1149,"[""suicide"",""haunted house""]",
5486,Bahía de sangre (1971),"{""subtitulado"":{""url"":""https://ok.ru/videoembed/7278976961150?autoplay=1"",""quality"":""HD""}}",/i0FKCvEypCO8ZUkIeHQhuUMvARN.jpg,2026-03-13 18:08:00-03,"[27,53]",6.561,3.8064,1971-09-08,18,,475,"[""suicide"",""octopus"",""psychopath"",""mass murder"",""wheelchair"",""gore"",""murder"",""serial killer"",""slasher"",""skinny dipping"",""maniac"",""axe murder"",""macabre"",""video nasty"",""proto-slasher"",""ax""]",
5551,Jinetes Del Espacio (2000),"{""latino"":{""url"":""https://ok.ru/videoembed/12443003259572?autoplay=1"",""quality"":""HD""}}",/hjbDevIAH13b8HXASKICP4gXFeF.jpg,2026-03-06 21:44:00-03,"[28,12,53]",6.392,3.2352,2000-08-04,PG-13,,568,"[""nasa"",""space travel"",""space western"",""astronaut"",""elderly""]",
5680,"Elvira, la dama de la oscuridad (1988)","{""latino"":{""url"":""https://ok.ru/videoembed/12293222238755?autoplay=1"",""quality"":""HD""}}",/k3UaVqaernacRyKkvZd2NpqZdZJ.jpg,2026-03-09 15:30:00-03,"[35,14,27]",6.7,2.747,1988-09-30,PG-13,,638,"[""sexual harassment"",""inheritance"",""las vegas"",""warlock"",""hostess"",""beneficiary"",""magic spell"",""sexy woman"",""cheerful"",""conservative society""]",/iIQJ3clyNpHOFcUYOom8cG3NmgV.jpg
5722,Más Allá del Valle de las Muñecas (1970),"{""subtitulado"":{""url"":""https://ok.ru/videoembed/11164071627404?autoplay=1"",""quality"":""HD""}}",/fE28638dP9FEtpLCgLgMIj7URtj.jpg,2026-02-19 21:28:00-03,"[35,18,10402]",6.1,1.0855,1970-06-17,NC-17,,1024,"[""pop star"",""pop"",""musical"",""sexploitation"",""rock band"",""inheritance fight"",""all girl band"",""psychotronic"",""sexual liberation"",""socialite party"",""independent film"",""women in music""]",/4ms1JNHHpW4rwEXnjyhLN7IP0PZ.jpg
6020,Sorority Boys (2002),"{""subtitulado"":{""url"":""https://ok.ru/videoembed/9298913856061?autoplay=1"",""quality"":""HD""}}",/yBhRjKi16T9R3GJepPwS6ARViBi.jpg,2026-02-14 17:58:00-03,[35],5.679,2.0216,2002-03-22,R,,776,"[""drag queen"",""college"",""crude humor"",""sorority"",""cross dressing"",""university"",""fraternity"",""sex comedy"",""fraternity house"",""sorority girl"",""drag"",""yearbook"",""roofie"",""pledge"",""sorority house""]",/ySYMPpD6eCBRD1YU1HK5ZKEN1gE.jpg
6028,El espejo roto (1980),"{""latino"":{""url"":""https://ok.ru/videoembed/12941860932259?autoplay=1"",""quality"":""HD""}}",/5rirt2BbnEDzgWfUzsAew0qHm1N.jpg,2026-03-05 12:42:00-03,"[9648,80,53]",6.061,1.6007,1980-02-06,PG,,878,"[""detective"",""death"",""movie star"",""murder mystery""]",/stlL2pBNqJtynzNkpzbMyESxdxk.jpg
6114,Drácula de Bram Stoker (1992),"{""latino"":{""url"":""https://ok.ru/videoembed/9361018849887?autoplay=1"",""quality"":""4K""},""castellano"":{""url"":""https://ok.ru/videoembed/8838211177128?autoplay=1"",""quality"":""HD""},""subtitulado"":{""url"":""https://ok.ru/videoembed/7393161841275?autoplay=1"",""quality"":""HD""}}",/tsC6zFxljTYQXDsODEN4kRpycFa.jpg,2026-02-28 10:51:00-03,"[10749,27]",7.446,10.0287,1992-11-13,,,153,"[""adultery"",""london, england"",""transylvania"",""vampire"",""bite"",""camping"",""maze"",""remake"",""rough sex"",""wake"",""religious conflict"",""correspondence"",""19th century"",""15th century""]",/jhs21DDKZM6J9k448R1m0w67pD.jpg
6439,Héroe a rayas (2005),"{""castellano"":{""url"":""https://ok.ru/videoembed/11420812380787?autoplay=1"",""quality"":""HD""}}",/swRD5z1PcRozs43e74xxWu2qHu3.jpg,2026-01-26 15:13:00-03,"[35,10751]",5.887,4.8072,2005-01-06,PG,,330,"[""underdog"",""farm"",""horse race"",""love of animals"",""horse"",""identity crisis"",""zebra"",""anthropomorphism""]",/QpKBAkssvvKtJrJLJvbq5I4Ggg.jpg
6537,El orfanato (2007),"{""latino"":{""url"":""https://ok.ru/videoembed/12552172997294?autoplay=1"",""quality"":""HD""}}",/zMQp84tqHSSuzWHvsBYlIUznPjU.jpg,2026-03-06 20:06:00-03,"[27,18,53]",7.227,3.3472,2007-05-20,B-15,,553,"[""beach"",""wife"",""suppressed past"",""orphanage"",""cave"",""medium"",""haunted house"",""imaginary friend"",""gothic horror"",""missing child"",""séance""]",/g6pNnKmvTkNlEvn0ScwstYvhFE.jpg
6591,¿Qué habéis hecho con Solange? (1972),"{""subtitulado"":{""url"":""https://ok.ru/videoembed/11712741051043?autoplay=1"",""quality"":""HD""}}",/mpF1WIBOADra2scdFCFANulKXdu.jpg,2026-01-21 13:24:00-03,"[9648,53,27]",6.64,0.7344,1972-03-23,16,,1162,[],/5J2ijG7v68e1BfoXG5JOQ9dQPgi.jpg
6615,Lars y una chica de verdad (2007),"{""castellano"":{""url"":""https://ok.ru/videoembed/2284874828412?autoplay=1"",""quality"":""HD""},""subtitulado"":{""url"":""https://ok.ru/videoembed/6880197151365?autoplay=1"",""quality"":""HD""}}",/vFSHXRpFQe0nni585tdrCKQfJwR.jpg,2026-01-20 12:36:46.434715-03,"[35,18,10749]",7.194,2.5182,2007-10-12,PG-13,,681,"[""dying and death"",""shyness"",""wisconsin"",""delusion"",""lone wolf"",""loss"",""loneliness"",""doll"",""mental illness"",""blow up doll"",""introspective"",""lighthearted"",""ambivalent"",""tragic""]",/8w0HCnJDTC5509hm26xMVlLiybE.jpg
6795,Zathura: Una aventura espacial (2005),"{""latino"":{""url"":""https://ok.ru/videoembed/1362142694019?autoplay=1"",""quality"":""HD""}}",/lmLR1z1srYdIiJdixhRHpCnIsfg.jpg,2026-04-09 20:14:00-03,"[878,12,10751]",6.431,5.3876,2005-11-06,A,,272,"[""fire"",""based on novel or book"",""killer robot"",""house"",""space travel"",""wish"",""meteor"",""challenge"",""giant lizard"",""alien"",""space"",""board game"",""planet"",""astronaut"",""game"",""hardship"",""little brother"",""alternative reality"",""trapped in space"",""space adventure"",""space pirate"",""children's adventure"",""meteor shower"",""jealous brother"",""brother brother relationship"",""alien spaceship"",""big brother"",""brothers"",""big sister"",""challenges"",""child""]",/s9Bn7Mx4U9cWOR1WdFZjU1DTAkh.jpg
6961,El día de la boda (2005),"{""latino"":{""url"":""https://ok.ru/videoembed/7499570022973?autoplay=1"",""quality"":""HD""}}",/jkILje6g4Bee10UdHsg24YdGTmN.jpg,2026-02-14 18:17:00-03,"[10749,35]",6.819,1.7475,2005-02-04,PG-13,,842,"[""london, england"",""countryside"",""based on novel or book"",""england"",""bridesmaid"",""ex fiancé"",""romcom"",""stepfather"",""romance"",""betrayal"",""wedding"",""escort"",""fake boyfriend"",""woman director"",""intimacy"",""half sister"",""blended family"",""bachelorette party"",""secret"",""stepfather stepdaughter relationship""]",/wi8y24BI9sa8XSnH9vFmmYin6Km.jpg
6977,Sin Lugar para los Débiles (2007),"{""latino"":{""url"":""https://ok.ru/videoembed/9639259212466?autoplay=1"",""quality"":""HD""}}",/x9sQnOXhvec93L6cfWMGIx7BS4h.jpg,2026-01-20 12:36:46.662574-03,"[80,53,37]",7.947,12.4331,2007-11-09,R,,116,"[""vietnam veteran"",""sheriff"",""trailer park"",""based on novel or book"",""hitman"",""psychopath"",""drug trafficking"",""texas"",""motel"",""usa–mexico border"",""drug cartel"",""fate"",""desert"",""modern-day western"",""neo-western"",""tracking device"",""cold blooded killer"",""motel room"",""cartel"",""neo-noir"",""frantic"",""1980s"",""mexican cartel"",""drug deal"",""coin toss"",""human nature"",""captive bolt gun"",""western noir"",""horror western"",""inspirational"",""faithful adaptation"",""doubtful"",""tragic""]",/gddUsvfyySrM5k8B8wwJy2VRlBx.jpg
7007,Sol naciente (1993),"{""latino"":{""url"":""https://ok.ru/videoembed/11436660951732?autoplay=1"",""quality"":""HD""}}",/atwHncyqlt4eckGdwo8Wln8scUK.jpg,2026-02-11 09:57:00-03,"[28,18,53]",6.138,2.4719,1993-07-30,R,,692,"[""journalist"",""corruption"",""based on novel or book"",""police"",""detective"",""wheelchair"",""restaurant"",""parking garage"",""cover-up"",""murder"",""seppuku"",""bulletproof vest"",""crime investigation"",""falsification"",""cover-up attempt"",""homicide investigation"",""japanese culture""]",/dmaLmrP3PYfhb8P2SWMucZCZqjk.jpg
7342,Carrie (2002),"{""castellano"":{""url"":""https://ok.ru/videoembed/10888981383692?autoplay=1"",""quality"":""HD""}}",/lEWESADIVLk7b5QAPha1JPzuDry.jpg,2026-02-11 19:42:00-03,"[27,18,10770]",6.129,1.7401,2002-11-04,NR,,844,"[""puberty"",""high school"",""based on novel or book"",""becoming an adult"",""surrealism"",""bullying"",""hysteria"",""telekinesis"",""coming of age"",""remake"",""arson"",""prom"",""religion"",""cruelty"",""rage"",""crucifix"",""failed tv pilot"",""bible quote"",""extrasensory perception"",""arrogance"",""told in flashback"",""zealot"",""courtroom drama"",""bigot"",""abusive mother"",""repression"",""tv pilot"",""menarche"",""bimbo""]",
7442,Durmiendo con el enemigo (1991),"{""latino"":{""url"":""https://ok.ru/videoembed/6498640333320?autoplay=1"",""quality"":""HD""},""castellano"":{""url"":""https://ok.ru/videoembed/6387054676541?autoplay=1"",""quality"":""HD""},""subtitulado"":{""url"":""https://ok.ru/videoembed/10957840910914?autoplay=1"",""quality"":""HD""}}",/9elSjvIrTQjqL8kHNSKt5izdFAo.jpg,2026-04-01 00:17:00-03,"[18,53]",6.49,3.2845,1991-01-13,R,,562,"[""drowning"",""escape"",""iowa"",""violent husband"",""psychological abuse"",""domestic abuse"",""domestic violence"",""older man younger woman relationship"",""beach house"",""nursing home"",""cape cod"",""fake death"",""physical abuse"",""jealous husband"",""blind mother"",""rich husband"",""drama teacher"",""suspense""]",/apUbdi4nGrD5VGIaxErtpsn7ST8.jpg
7512,Idiocracia (2006),"{""latino"":{""url"":""https://ok.ru/videoembed/2792077986444?autoplay=1"",""quality"":""HD""},""castellano"":{""url"":""https://ok.ru/videoembed/2631386204903?autoplay=1"",""quality"":""HD""},""subtitulado"":{""url"":""https://ok.ru/videoembed/2038515501692?autoplay=1"",""quality"":""HD""}}",/xXSjj8KlgYEigTjcqxgpNWaNDfA.jpg,2026-03-11 18:57:00-03,"[35,878,12]",6.4,7.2563,2006-09-01,R,,187,"[""future"",""army"",""prostitute"",""usa president"",""congress"",""experiment"",""arena"",""capitalism"",""dark comedy"",""hibernation"",""stupidity"",""junk food"",""social satire"",""brainwashing"",""surveillance"",""masturbation"",""u.s. congress"",""mass media"",""aftercreditsstinger"",""commercialism"",""cryonics"",""anti-intellectualism""]",/9Z4msMhKvNp63sOB1ZvxPMPvqz3.jpg
7736,Katzelmacher (1969),"{""subtitulado"":{""url"":""https://ok.ru/videoembed/11220454607528?autoplay=1"",""quality"":""HD""}}",/xm4Ez9e3kikbUPPlU8FSJqCMGgQ.jpg,2026-02-02 14:36:00-03,[18],6.413,4.5605,1969-11-22,,,375,"[""small town"",""foreigner"",""bourgeoisie"",""xenophobia""]",/10fwnbvtPHEslBnsiXMISDkdPFF.jpg
7862,Los falsificadores (2007),"{""latino"":{""url"":""https://ok.ru/videoembed/9640153385527?autoplay=1"",""quality"":""HD""}}",/xxOfQGGQJjvfPE8cCJVmkPQz29p.jpg,2026-03-25 20:37:00-03,"[18,10752]",7.373,1.4888,2007-03-22,14,,905,"[""nazi"",""concentration camp"",""holocaust (shoah)"",""world war ii"",""sachsenhausen"",""counterfeit"",""based on memoir or autobiography"",""german jew"",""forgery"",""1940s"",""forger""]",/f6c63X99xkhWtdfet0aZqXgW2vc.jpg
8373,Transformers 2,"{""castellano"":{""url"":""https://streaam-660fef271516.herokuapp.com/watch/67ae6435265c9891b0b20e47"",""quality"":""HD""}}",/qzEIlhHivIcpKhKVOkb61eBz2Mv.jpg,2026-01-20 12:36:45.887344-03,"[878,28,12]",6.211,2.2919,2009-06-19,PG-13,,734,"[""egypt"",""chaos"",""sun"",""tank"",""symbol"",""alien"",""artifact"",""revenge"",""based on toy"",""giant robot"",""robot"",""duringcreditsstinger""]",/bH1bhjn37uA1zOPvyHbzJSvza7v.jpg
8415,Gunhed (1989),"{""castellano"":{""url"":""https://ok.ru/videoembed/11716445276758?autoplay=1"",""quality"":""HD""}}",/ySNPwAzfLwrUz2Yar3HCWK3huLx.jpg,2026-02-01 21:24:00-03,"[878,28]",4.7,0.8257,1989-07-22,16,,1126,"[""man vs machine"",""killer robot"",""post-apocalyptic future"",""nuclear explosion"",""cyberpunk"",""timebomb"",""supercomputer"",""deathtrap"",""futuristic vehicle"",""tokusatsu""]",/ubIn0u79glPmmgbL4qfrpBNI21X.jpg
8487,Wild Wild West,"{""latino"":{""url"":""https://ok.ru/videoembed/3284339329682?autoplay=1"",""quality"":""HD""},""castellano"":{""url"":""https://ok.ru/videoembed/2658751941253?autoplay=1"",""quality"":""HD""},""subtitulado"":{""url"":""https://ok.ru/videoembed/3832267541234?autoplay=1"",""quality"":""HD""}}",/ouXYnBoBKZO8tiZrj2qK1c5308O.jpg,2026-01-20 12:36:45.887344-03,"[28,12,35,878,37]",5.316,3.5066,1999-06-30,PG-13,,519,"[""inventor"",""remake"",""steampunk"",""cowboy"",""impersonation"",""steam locomotive"",""gunfighter"",""drag"",""world domination"",""damsel in distress"",""assassination of president"",""action hero"",""buddy movie"",""1870s""]",/tbzWgnaqhFwN5mCIiwbgN5oiw0V.jpg
8665,K-19: The Widowmaker (2002),"{""latino"":{""url"":""https://ok.ru/videoembed/11973876452008?autoplay=1"",""quality"":""HD""}}",/ji7YWKx40TM8YexbRqfJZKMhQY3.jpg,2026-03-05 21:27:00-03,"[18,36,53,9648,10752]",6.539,1.951,2002-07-19,PG-13,,792,"[""submarine"",""cold war"",""soviet union"",""based on true story"",""north atlantic"",""nuclear"",""woman director"",""1960s"",""nuclear submarine""]",
8681,Búsqueda implacable (2008),"{""latino"":{""url"":""https://ok.ru/videoembed/3664567339528?autoplay=1"",""quality"":""HD""}}",/fO9HTzeL7sd346tybTfbd99Nv3R.jpg,2026-01-20 12:36:46.193763-03,"[28,53]",7.399,11.0992,2008-02-18,PG-13,,134,"[""rescue"",""paris, france"",""kidnapping"",""prostitution"",""sex trafficking"",""albanian"",""missing daughter"",""ex special forces"",""ex-cia agent"",""abduction"",""search for daughter"",""army veteran""]",/lMRMjd9yJsZLyaT97eiURu2zVb4.jpg
8744,Secuestro (1997),"{""latino"":{""url"":""https://ok.ru/videoembed/11459811281443?autoplay=1"",""quality"":""HD""}}",/1axSgOyYwEdOh2zNbLXJUz8VmcC.jpg,2026-03-07 21:52:00-03,"[80,18,53]",5.739,3.446,1997-01-17,R,,537,"[""sibling relationship"",""police"",""gun"",""hostage"",""siege""]",/vcafO6dnQT9bCXRwwZijkYHW9Q0.jpg
8745,Puños y lágrimas (1963),"{""latino"":{""url"":""https://ok.ru/videoembed/12364846991907?autoplay=1"",""quality"":""HD""}}",/hV5Kf6ZgBL0OPLkCGd4aSTRWAs0.jpg,2026-03-11 20:31:00-03,"[35,10402,10749]",5.7,1.2109,1963-04-03,NR,,986,"[""airplane"",""universal exhibition"",""crop duster"",""metrocolor""]",/n6OG7rBZZoTGl7otm8TbeWKzva6.jpg
8831,Timecop: Policía En El Tiempo (1994),"{""latino"":{""url"":""https://ok.ru/videoembed/12541530016434?autoplay=1"",""quality"":""HD""}}",/m4BRoTwDLHlCizpbkFFg3qt4lWF.jpg,2026-03-12 21:12:00-03,"[53,878,28,80]",6.004,3.4046,1994-09-15,R,Violence,542,"[""martial arts"",""time travel"",""based on comic"",""alternative reality"",""1920s"",""19th century"",""1990s"",""2000s"",""1860s"",""security agent"",""20th century"",""21st century""]",/iNfDwioDBzqodomLbMfV8ZXj0yL.jpg
8844,Jumanji (1995),"{""latino"":{""url"":""https://streaam-660fef271516.herokuapp.com/watch/67aeb117265c9891b0b20e9f"",""quality"":""HD""},""castellano"":{""url"":""https://streaam-660fef271516.herokuapp.com/watch/67aeb203265c9891b0b20ea6"",""quality"":""HD""},""subtitulado"":{""url"":""https://streaam-660fef271516.herokuapp.com/watch/67aeb12e265c9891b0b20ea0"",""quality"":""HD""}}",/m67M2wXLKblJLuJlvF7qaGrGfCa.jpg,2026-01-20 12:36:46.434715-03,"[12,14,10751]",7.244,2.9652,1995-12-15,PG,,609,"[""giant insect"",""board game"",""disappearance"",""jungle"",""recluse"",""stampede"",""based on young adult novel"",""vibrant""]",/qSxeCfWUUyht9hZgaaYmtPtTkw2.jpg
8866,La verdad sobre perros y gatos (1996),"{""castellano"":{""url"":""https://ok.ru/videoembed/11430334106227?autoplay=1"",""quality"":""HD""}}",/pNroQvsVS77VwpHEzTbAsH24xkU.jpg,2026-01-24 11:36:00-03,"[35,10749]",6.05,1.3021,1996-04-26,PG-13,,961,"[""photographer"",""veterinarian"",""blind date"",""model"",""photo shoot"",""low self esteem"",""radio show host"",""dumb blonde"",""actress"",""switching places""]",
8913,Cementerio de mascotas (1989),"{""latino"":{""url"":""https://ok.ru/videoembed/7379844467332?autoplay=1"",""quality"":""480P""}}",/gfYrxhFUVGoYVWpoNj5lC7rofWC.jpg,2026-04-17 01:51:00-03,[27],6.6,5.0655,1989-04-21,R,,297,"[""based on novel or book"",""funeral"",""parent child relationship"",""coffin"",""pet"",""halloween"",""villain"",""head injury"",""resurrection"",""woods"",""grief"",""zombie"",""new neighbor"",""pet cemetery"",""dead cat"",""death of patient"",""loss of pet"",""dead lover"",""ghost"",""grave robbing"",""indian burial ground"",""woman director"",""mysterious"",""pets"",""somber"",""anxious"",""supernatural horror"",""horrified"",""ominous""]",/xWq3T9P4NU2pTdZ3hXFygsNnAq4.jpg
8923,Hooligans - Defiende a los tuyos (2005),"{""latino"":{""url"":""https://ok.ru/videoembed/5587757042260?autoplay=1"",""quality"":""HD""}}",/oTxHFRSbFcCWdfJB4ozA41Yq57c.jpg,2026-03-09 20:34:00-03,"[80,18]",7.278,4.1426,2005-09-09,C,,428,"[""london, england"",""sports"",""harvard university"",""hooligan"",""revenge"",""football (soccer)"",""cruelty"",""american"",""brutality"",""reputation"",""woman director"",""bar fight"",""firm""]",
8965,Atlantis: El Regreso de Milo (2003),"{""latino"":{""url"":""https://ok.ru/videoembed/10931091540620?autoplay=1"",""quality"":""HD""}}",/cGL75ElUUClVs8kpXbVcaUxmgbd.jpg,2026-04-07 16:39:00-03,"[14,16,878,10751,28]",6.3,3.6863,2003-02-25,G,,496,"[""submarine"",""atlantis"",""cartoon"",""animal attack"",""villain"",""native american"",""vikings (norsemen)"",""sequel"",""steampunk"",""adventurer"",""norse mythology"",""sea battle"",""1910s""]",/GDTwA5FBvVUOjCGKoNDMflbs3Z.jpg
8966,Crepúsculo (2008),"{""latino"":{""url"":""https://ok.ru/videoembed/9983964744406?autoplay=1"",""quality"":""HD""},""castellano"":{""url"":""https://ok.ru/videoembed/10705375660718?autoplay=1"",""quality"":""HD""}}",/doBL002Frm4ts7ABkc15ekpKVGW.jpg,2026-02-28 13:23:00-03,"[14,18,10749]",6.282,21.378,2008-11-20,,,63,"[""high school"",""soulmates"",""based on novel or book"",""immortality"",""vampire"",""forbidden love"",""teen movie"",""trust"",""desire"",""washington state"",""duringcreditsstinger"",""woman director"",""interspecies romance"",""based on young adult novel"",""supernatural power"",""good versus evil"",""high school romance"",""vampire human love"",""teen fantasy""]",
8982,El Protector (2005),"{""latino"":{""url"":""https://ok.ru/videoembed/12116011322034?autoplay=1"",""quality"":""HD""}}",/sgapr8KUEuHfgrJmaMWwPvMOa9h.jpg,2026-02-22 08:09:00-03,"[28,80,18,53]",7.119,4.896,2005-08-11,R,,315,"[""sydney, australia"",""australia"",""elephant"",""buddhism"",""fighter"",""tempel"",""gang"",""animals""]",/b2NxliGN77rdu78HQv5peZBmkw4.jpg
9016,El planeta del tesoro (2002),"{""latino"":{""url"":""https://ok.ru/videoembed/12522105932526?autoplay=1"",""quality"":""HD""}}",/9dBdCgBg9N88IU15eL2t1Kz0kls.jpg,2026-03-21 14:23:00-03,"[878,12,16,10751,14]",7.562,5.4888,2002-11-26,PG,,263,"[""mutiny"",""space marine"",""based on novel or book"",""cyborg"",""map"",""pirate gang"",""treasure hunt"",""treasure map"",""alien"",""coming of age"",""money"",""space"",""steampunk"",""planet"",""troubled teen"",""father figure"",""space pirate"",""ship's crew"",""admiring""]",/f2opsSUSiMdEp6AiY2sbC8QPd8S.jpg
9056,Historia Policiaca (1985),"{""latino"":{""url"":""https://ok.ru/videoembed/12703493327395?autoplay=1"",""quality"":""HD""}}",/3wKVb63Uyao4FvM2JRIZTsFZyfv.jpg,2026-03-25 12:56:00-03,"[28,80,35]",7.521,5.0417,1985-12-14,PG-13,,301,"[""martial arts"",""kung fu"",""undercover"",""chase"",""gangster"",""fistfight"",""car crash"",""sword fight"",""murder"",""organized crime"",""police chase"",""hong kong"",""action hero""]",/eYDAnSidN4rIEuneS5gEJkTyk3l.jpg
9061,Causa justa (1995),"{""latino"":{""url"":""https://ok.ru/videoembed/12523524786868?autoplay=1"",""quality"":""HD""}}",/yeDTEzet7fjzoG6SiPE37aXfNu7.jpg,2026-03-10 19:41:00-03,"[28,18,9648,53]",6.265,4.599,1995-02-17,R,,369,"[""florida"",""small town"",""rape"",""based on novel or book"",""professor"",""innocence"",""harvard university"",""revenge"",""serial killer""]",/i9opFwOh2DvFyjy8uQXC17UEUzL.jpg
9279,El regalo prometido (1996),"{""latino"":{""url"":""https://ok.ru/videoembed/4197752244827?autoplay=1"",""quality"":""HD""}}",/v4RIGfttC5ysSuFE2YTXfiEOWHR.jpg,2026-03-09 20:31:00-03,"[10751,35,12]",6.06,5.4858,1996-11-21,PG,,264,"[""husband wife relationship"",""holiday"",""minnesota"",""christmas party"",""santa claus"",""shopping mall"",""puppet"",""aftercreditsstinger"",""christmas"",""satirical"",""father son relationship"",""lighthearted"",""hilarious""]",/rnn6sGMGPpM8VfVmCMFxsjKvz7q.jpg
9297,Monster house: La casa de los sustos (2006),"{""latino"":{""url"":""https://ok.ru/videoembed/11352526227980?autoplay=1"",""quality"":""HD""}}",/hfo2vXINIY8DNVMNtySxgrgqLSD.jpg,2026-02-11 09:54:00-03,"[16,35,10751,14]",6.7,4.6866,2006-06-30,PG,,352,"[""mission"",""monster"",""halloween"",""haunted house"",""neighbor"",""curious"",""kids"",""admiring""]",/3otAGduCHdqdEIVC1HOOLb5Qnp2.jpg
9313,El hombre de la máscara de hierro (1998),"{""latino"":{""url"":""https://ok.ru/videoembed/12445155396276?autoplay=1"",""quality"":""4K""}}",/nFIY5fEgEWkXyrPZwkUhhvva3LD.jpg,2026-03-06 21:36:00-03,"[12,28,18]",6.647,4.2638,1998-03-12,,,411,"[""mask"",""france"",""swordplay"",""loyalty"",""palace"",""bastille"",""sword fight"",""remake"",""royalty"",""rural area"",""conspiracy"",""musketeer"",""twins"",""period drama"",""swashbuckler"",""tyrant"",""palace intrigue"",""baroque"",""17th century"",""louis xiv""]",/uhhtglfXNaTavkKtjer38qHLfVi.jpg
9325,El libro de la selva (1967),"{""latino"":{""url"":""https://ok.ru/videoembed/11479864248947?autoplay=1"",""quality"":""HD""}}",/1w8wk8htVPW5cdCYnRU4bt5y5Fw.jpg,2026-01-27 09:45:00-03,"[10751,16,12]",7.3,7.0694,1967-10-18,G,,193,"[""based on novel or book"",""narration"",""human animal relationship"",""cartoon"",""villain"",""musical"",""feral child"",""coming of age"",""anthropomorphism"",""jungle"",""orphan"",""india"",""animal lead""]",/zj8XS0l1cWStpKnuD1LFMB3VoV1.jpg
9333,El último hombre (1996),"{""latino"":{""url"":""https://ok.ru/videoembed/12584831290036?autoplay=1"",""quality"":""HD""}}",/cg14fwpH03LyI2nHgyLTvp5e3fV.jpg,2026-03-11 19:52:00-03,"[80,28,37]",6.354,2.877,1996-09-20,R,,624,"[""prohibition era"",""texas"",""gang war"",""whiskey"",""on the run"",""mafia"",""hired gun""]",
9352,Eurotrip (2004),"{""subtitulado"":{""url"":""https://ok.ru/videoembed/357049698963?autoplay=1"",""quality"":""HD""}}",/bbzgcAjvbdAzmdQMhfhvzduFGz.jpg,2026-01-20 12:36:46.434715-03,[35],6.612,4.9262,2004-02-20,R,,312,"[""berlin, germany"",""paris, france"",""alcohol"",""pen pals"",""travel"",""marijuana"",""nudism"",""duringcreditsstinger""]",/evA6FciF3WGTixgoB931elOp73L.jpg
9367,El Mariachi (1993),"{""latino"":{""url"":""https://ok.ru/videoembed/11165868558944?autoplay=1"",""quality"":""HD""}}",/aKmDrnJRs1ikWVD0tvyZ8FOFiNg.jpg,2026-03-30 22:37:00-03,"[28,80,53,37]",6.743,2.9019,1993-02-22,C,,619,"[""mistaken identity"",""usa–mexico border"",""mariachi"",""concealed weapon""]",/zERY2aaCrLExpR6NQ1ceIs0WG8S.jpg
9381,Misión babilonia (2008),"{""latino"":{""url"":""https://ok.ru/videoembed/12662540733108?autoplay=1"",""quality"":""HD""}}",/qZdqy30Ftjy2LmO10gE1rouV0JB.jpg,2026-03-14 16:07:00-03,"[28,12,878,53]",5.663,4.1542,2008-08-20,PG-13,,427,"[""future"",""baby"",""smuggling (contraband)"",""submarine"",""pregnancy"",""dystopia"",""prosecution"",""mercenary"",""protection"",""moral conflict"",""vision"",""cyberpunk"",""religious cult"",""sect"",""messiah"",""genetic alteration""]",/AjDyXDvk4VOtDp9aLJpAnBx1uyD.jpg
9390,"Jerry Maguire, seducción y desafío (1996)","{""latino"":{""url"":""https://ok.ru/videoembed/12095961500206?autoplay=1"",""quality"":""HD""}}",/mxWoFREhhemjYo5L1m7PjXxtt9s.jpg,2026-03-06 20:03:00-03,"[35,18,10749]",6.974,5.4145,1996-12-13,R,Sensitive Themes,270,"[""career"",""sports"",""stadium"",""american football"",""single mother"",""thoughtful""]",/a66PKC32YVZISoqZtRQyz8c9Vx6.jpg
9411,Fallen (1998),"{""castellano"":{""url"":""https://ok.ru/videoembed/10749474048758?autoplay=1"",""quality"":""HD""}}",/h48tjnANmGaMRstq1B9jRuri13A.jpg,2026-01-26 16:48:00-03,"[80,18,53]",6.787,2.9893,1998-01-16,R,,605,"[""police"",""angel"",""psychopath"",""riddle"",""detective"",""supernatural"",""bible"",""murder"",""curse"",""serial killer"",""religion"",""execution"",""series of murders"",""devil"",""family"",""evil"",""neo-noir"",""horrified"",""occult detective""]",/3UNd9jAE2CaGLAr5MGtzlh178SD.jpg
9423,Virus (1999),"{""latino"":{""url"":""https://ok.ru/videoembed/8615173032680?autoplay=1"",""quality"":""HD""}}",/5Np88iigCfnXvMlMKmCcbPVIbYQ.jpg,2026-02-23 23:25:00-03,"[27,28,878]",5.403,1.5693,1999-01-14,R,,889,"[""desertion"",""tornado"",""alien life-form"",""evil"",""insurance"",""virus"",""sci-fi horror"",""android horror""]",/j3Nvs9rZDjsOU3jwtxUwyEum1pn.jpg
9427,Full Monty (1997),"{""castellano"":{""url"":""https://ok.ru/videoembed/11479605316211?autoplay=1"",""quality"":""HD""}}",/hZorGSNfwMUP8dU6C8HtIS0D9OO.jpg,2026-01-27 09:37:00-03,[35],6.99,2.3406,1997-08-13,R,,724,"[""northern england"",""police"",""suicide attempt"",""job interview"",""son"",""striptease"",""father"",""yorkshire"",""obesity"",""unemployment"",""burlesque"",""steel worker"",""repossession"",""male stripper"",""gay theme"",""inspirational"",""admiring""]",/r8SwFiCeaADf0jIotMMtfNBzLEI.jpg
9441,Quédate a mi lado (1998),"{""latino"":{""url"":""https://ok.ru/videoembed/7343861074493?autoplay=1"",""quality"":""HD""}}",/1euydFCxUwL08TbdBC4mzz0HTni.jpg,2026-02-14 18:20:00-03,"[18,10749,35]",7.149,4.8448,1998-12-25,PG-13,,323,"[""new york city"",""fashion photographer"",""divorce"",""rebellious daughter"",""freeze frame"",""custody"",""school play"",""photo shoot""]",/iteE4cNHQm8PWmWDuKcCCnMLhS3.jpg
9447,Babe 2: El cerdito en la ciudad (1998),"{""latino"":{""url"":""https://ok.ru/videoembed/7149497420314?autoplay=1"",""quality"":""HD""},""castellano"":{""url"":""https://ok.ru/videoembed/4384111856316?autoplay=1"",""quality"":""HD""},""subtitulado"":{""url"":""https://ok.ru/videoembed/91680541256?autoplay=1"",""quality"":""HD""}}",/rAajjfi6QxJubrIVD9lNV6KU3oV.jpg,2026-01-20 12:36:46.434715-03,"[10751,12,35,18]",5.655,3.3105,1998-11-25,G,,560,"[""farm"",""pig"",""chaos"",""piggy bank"",""piglet"",""anthropomorphism"",""talking dog"",""dog"",""chimpanzee"",""talking pig""]",
9455,El corruptor (1999),"{""latino"":{""url"":""https://ok.ru/videoembed/12206642694836?autoplay=1"",""quality"":""HD""}}",/1Eg34AuZG1jtAvdM8xGHW5jiwCF.jpg,2026-02-23 23:45:00-03,"[28,80,53,18]",6.1,0.9256,1999-03-12,R,,1088,"[""new york city"",""life and death"",""police"",""chinatown"",""gang war"",""triad""]",/n9SyYytuvTXXZY6yx9Yu4iPobN2.jpg
9507,Fuera de control (1984),"{""latino"":{""url"":""https://ok.ru/videoembed/12733987293876?autoplay=1"",""quality"":""HD""}}",/8xMeKeXGHY2KbiMjSpEGqlIjAEp.jpg,2026-03-19 19:41:00-03,"[878,80,53,18]",5.57,1.7025,1984-12-14,PG-13,,857,"[""future"",""chase"",""technology"",""revenge"",""murder"",""conspiracy"",""robot"",""explosion""]",/gzFiZIXzl6k9M8fafoXL7bSXPir.jpg
9598,Babe: El cerdito valiente (1995),"{""latino"":{""url"":""https://ok.ru/videoembed/2381370165793?autoplay=1"",""quality"":""HD""},""castellano"":{""url"":""https://ok.ru/videoembed/6477499009628?autoplay=1"",""quality"":""HD""},""subtitulado"":{""url"":""https://ok.ru/videoembed/3153942940314?autoplay=1"",""quality"":""HD""}}",/6yy3Y03MF5hhliTYSKPTTvH34gT.jpg,2026-01-20 12:36:46.434715-03,"[14,18,35,10751]",6.257,4.6182,1995-07-18,G,,363,"[""farm"",""sheep"",""pig"",""alarm clock"",""cat"",""duck"",""heroism"",""affection"",""piglet"",""anthropomorphism"",""based on children's book"",""dog"",""separation"",""animals"",""farmer"",""grandson"",""sheepdog"",""talking pig"",""christmas""]",/agkZziO4ZPAsVfKUrJD68lys08P.jpg
9605,Mujer soltera busca (1992),"{""latino"":{""url"":""https://ok.ru/videoembed/9640167672375?autoplay=1"",""quality"":""HD""}}",/fRkrGTcTCd4LHYyKZSyXkY3zt4m.jpg,2026-03-25 20:26:00-03,"[53,27]",6.3,2.4292,1992-08-14,R,,698,"[""stalker"",""remote control"",""puppy"",""basement"",""lesbian relationship"",""photograph"",""surprise party"",""mental illness"",""business card"",""ice cream"",""stairway"",""software"",""desperate""]",/yZIfHR7LM1z97CmRXWf6xGTBME3.jpg
9618,Tango y Cash (1989),"{""latino"":{""url"":""https://ok.ru/videoembed/11009278806655?autoplay=1"",""quality"":""HD""}}",/hcrhz0UP90Qz7b2TzRE01X6pJnS.jpg,2026-01-24 11:53:00-03,"[28,53,35,18,80]",6.471,4.931,1989-12-22,R,,311,"[""prisoner"",""war on drugs"",""los angeles, california"",""buddy cop"",""playful""]",/vzvHhP8ZrDvOOx5fa9YC0OzDNIU.jpg
9621,Elizabethtown,"{""latino"":{""url"":""https://ok.ru/videoembed/7224861592082?autoplay=1"",""quality"":""HD""}}",/cTMYZV28aj6pYS6PPWAN8sgg3IA.jpg,2026-01-20 12:36:45.887344-03,"[35,18,10749]",6.193,1.7414,2005-10-14,PG-13,,843,"[""hotel room"",""new love"",""airplane"",""funeral"",""suicide attempt"",""lovers"",""falling in love"",""hometown"",""return to hometown""]",
9631,El Mediador (1998),"{""latino"":{""url"":""https://ok.ru/videoembed/12662548859572?autoplay=1"",""quality"":""HD""}}",/6OpHNVoxbxRLSdXBkXvdWcsGI3H.jpg,2026-03-14 16:03:00-03,"[28,80,18,53]",7.107,4.3421,1998-07-29,R,,402,"[""chicago, illinois"",""corruption"",""police"",""hostage"",""innocence"",""pension"",""hostage-taking"",""murder"",""conspiracy"",""bullet wound"",""urban setting"",""negotiator""]",/y4TbQOC9DCzZop9HwKuX73rKbYO.jpg
9638,Fantasma (1979),"{""castellano"":{""url"":""https://ok.ru/videoembed/11323502234328?autoplay=1"",""quality"":""HD""}}",/a4qtaeLT79GqIlfj4x7VHMe3Xl.jpg,2026-03-20 00:27:00-03,"[27,878]",6.518,2.4949,1979-03-28,,,685,"[""funeral"",""coffin"",""undertaker"",""evil"",""hearse"",""ice cream man  "",""mausoleum"",""tall man"",""sentinals"",""sphere""]",/71L3VXCRqpfdrSVy3iIWmyKXLTX.jpg
9717,Dispara a matar (1988),"{""castellano"":{""url"":""https://ok.ru/videoembed/12151118236323?autoplay=1"",""quality"":""HD""}}",/5UjbNVnXNKHhsirogGtoXiV3brq.jpg,2026-02-07 17:12:00-03,"[28,53,80,18]",6.6,1.3164,1988-02-12,R,,957,"[""canada"",""police"",""diamond"",""kidnapping"",""fbi"",""mountain"",""hiking"",""horse"",""wilderness"",""mountaineer"",""waterfall"",""murder"",""bear"",""vancouver""]",/oDXHbnE2XTaGkEmlhRCXSmYlFF9.jpg
9740,Hannibal (2001),"{""latino"":{""url"":""https://ok.ru/videoembed/11305470265996?autoplay=1"",""quality"":""HD""}}",/v5wAZwRqpGWmyAaaJ8BBHYuNXnj.jpg,2026-02-19 20:40:00-03,"[80,18,53]",6.771,1.4234,2001-02-08,C,"Extreme Violence, Shocking Content, Medical Procedures",920,"[""venice, italy"",""fbi"",""manipulation"",""sequel"",""serial killer"",""psychological thriller"",""cannibal"",""child molester"",""blunt"",""forensic"",""aftercreditsstinger"",""gruesome"",""disturbed"",""cannibalism"",""self-cannibalism"",""psychological horror"",""evil man"",""psychological drama"",""sinister"",""cliché"",""distressing"",""frightened"",""horrified"",""reading people""]",/1eMvglbY3wpl4nl09eYLtfstV2I.jpg
9801,Bridget Jones: Al borde de la razón (2004),"{""latino"":{""url"":""https://ok.ru/videoembed/9201793895071?autoplay=1"",""quality"":""HD""},""castellano"":{""url"":""https://ok.ru/videoembed/3784160905817?autoplay=1"",""quality"":""HD""},""subtitulado"":{""url"":""https://ok.ru/videoembed/12267132619388?autoplay=1"",""quality"":""HD""}}",/iO5IuOfJguPH8FDHIck2VUEgp5A.jpg,2026-03-02 01:13:00-03,"[35,10749]",6.228,2.503,2004-11-10,R,,683,"[""london, england"",""jealousy"",""drug smuggling"",""homesickness"",""ex-boyfriend"",""bangkok, thailand"",""thailand"",""vacation"",""dating"",""falling in love"",""tv reporter"",""break-up"",""false accusations"",""boyfriend girlfriend relationship"",""woman director"",""tv host"",""innocent in jail"",""skiing"",""travel show"",""new relationship"",""barrister"",""excited"",""new assignment""]",/hNE0LvMfeiX6vS95VcLo9AUA6PR.jpg
9804,Mundo acuático (1995),"{""latino"":{""url"":""https://ok.ru/videoembed/8584921942624?autoplay=1"",""quality"":""HD""},""castellano"":{""url"":""https://ok.ru/videoembed/598375991889?autoplay=1"",""quality"":""HD""},""subtitulado"":{""url"":""https://streaam-660fef271516.herokuapp.com/watch/67ae615c265c9891b0b20e30"",""quality"":""HD""}}",/3tkjk7YKBpbenTJ8TTZJS0J3q52.jpg,2026-01-20 12:36:46.193763-03,"[12,28,878]",6.22,6.955,1995-07-28,PG-13,,196,"[""sailboat"",""human evolution"",""tattoo"",""ocean"",""mutant"",""pirate gang"",""pirate"",""melting ice caps"",""oil tanker"",""barmaid"",""free diving"",""water planet"",""environmental disaster"",""reluctant hero"",""underwater fight"",""new species of human"",""genetic mutation"",""survival at sea"",""special child"",""futuristic world""]",/yaIu82UiD9QZEkKCGrAd8VAmc0V.jpg
9812,Jueves (Secretos familiares) (1998),"{""latino"":{""url"":""https://ok.ru/videoembed/9640146569783?autoplay=1"",""quality"":""HD""}}",/5zOpz21rTvHBqSmuCmFmhG9qnAQ.jpg,2026-03-25 21:12:00-03,"[53,28,35,80,18,9648]",6.9,3.3955,1998-09-25,R,,543,"[""drug dealer"",""marijuana""]",/kz8uFk8AYDu4an8PhkdGLbVJXMi.jpg
9820,Juego de gemelas (1998),"{""latino"":{""url"":""https://ok.ru/videoembed/6573191465703?autoplay=1"",""quality"":""HD""}}",/3JyIUavN6byTNKjWXupCCvRljRF.jpg,2026-01-20 12:36:45.887344-03,"[35,10751,10749]",7.217,10.0886,1998-07-28,PG,,151,"[""california"",""summer camp"",""twin sister"",""remake"",""matchmaking"",""family reunion"",""wedding dress"",""gold digger"",""twins separated at birth"",""identity swap"",""father daughter reunion"",""divorced parents"",""woman director"",""mother daughter reunion"",""napa valley"",""sleepaway camp"",""father daughter relationship"",""mother daughter relationship"",""sister sister relationship"",""stop wedding"",""parent child reunion"",""age-gap relationship"",""long lost sibling"",""identical twins"",""cheerful"",""wedding sabotage"",""wine collection""]",/y3zUOMWRoI2vC4ck2GBJyFWhzyA.jpg
9907,"El corral, una fiesta muy bestia (2006)","{""castellano"":{""url"":""https://ok.ru/videoembed/11471588166259?autoplay=1"",""quality"":""HD""}}",/aXScU5uBAD5L7QTYGtvN0WJ2GwQ.jpg,2026-01-26 16:49:00-03,"[16,35,10751]",5.909,5.3718,2006-08-04,PG,,273,"[""farm"",""peasant"",""villain"",""family"",""farmer"",""dead father"",""coyote"",""farm animals"",""talking animal"",""cow""]",/eiU6of30k9VaXxYPq682VwM2D5q.jpg
9928,Robots (2005),"{""latino"":{""url"":""https://ok.ru/videoembed/1244527594098?autoplay=1"",""quality"":""HD""}}",/zoQ7WMgMNh4lxZYvgycOZ2P4bEl.jpg,2026-04-10 00:07:00-03,"[16,35,10751,878]",6.481,9.293,2005-03-10,PG,,162,"[""inventor"",""businessman"",""villain"",""steampunk"",""robot"",""dishonesty"",""amused""]",/8p4gCdDT55PMY3UMDvo6ybzMrai.jpg
10014,Pesadilla en la calle del infierno 2 (1985),"{""latino"":{""url"":""https://ok.ru/videoembed/11850202745484?autoplay=1"",""quality"":""HD""}}",/53kxYw0G3o55yJ23K7s7KMaOyAM.jpg,2026-02-27 00:37:00-03,[27],5.772,3.897,1985-11-01,R,,468,"[""high school"",""fire"",""dreams"",""nightmare"",""sadism"",""psychopath"",""transformation"",""supernatural"",""diary"",""haunted house"",""possession"",""sequel"",""premonition"",""spontaneous combustion"",""slasher"",""bdsm"",""school bus"",""disfigurement"",""sleepwalking"",""pool party"",""supernatural horror"",""whump"",""suburban gothic""]",/8cxB1CiiODiWFayDPxLsAeviZvc.jpg
10015,El guerrero solitario (1986),"{""latino"":{""url"":""https://ok.ru/videoembed/12523487234740?autoplay=1"",""quality"":""HD""}}",/wWbT92yo7AGsdSBziNi7LMSSPUW.jpg,2026-03-10 19:44:00-03,"[10752,18]",6.882,5.2686,1986-12-05,R,,280,"[""war veteran"",""patriotism"",""recruit"",""battle assignment"",""marine"",""platoon"",""combat"",""military"",""us military""]",/ydF3hT1fjrM71AbNAYBZKnq6rtL.jpg
10019,Me enamoré de un maniquí (Mannequin) (1987),"{""latino"":{""url"":""https://ok.ru/videoembed/10002646829692?autoplay=1"",""quality"":""HD""}}",/z1nGL5qNXR83co65MPRlv3t4N1a.jpg,2026-02-14 18:41:00-03,"[35,10749,14]",6.854,4.1375,1987-02-13,PG,,431,"[""new love"",""mannequin"",""department store"",""transformation"",""puppet"",""romcom"",""window dresser"",""mannequin come to life"",""adoring"",""comforting""]",/rbYlmgMV96GcvTe700peiTH5JcS.jpg
10130,Gorilas en la Niebla (1988),"{""latino"":{""url"":""https://ok.ru/videoembed/3791639808692?autoplay=1"",""quality"":""HD""}}",/obrJkMogBFZttglk4t9rAax7QA7.jpg,2026-02-24 19:15:00-03,"[18,36]",7,0.9558,1988-09-23,PG-13,,1075,"[""photographer"",""africa"",""rwanda"",""gorilla"",""menace"",""mountain"",""congo"",""biography"",""poacher"",""murder"",""tracker"",""jungle"",""based on memoir or autobiography"",""sympathy"",""extinction"",""anthropologist"",""primatologist""]",/emsVRCzClwdu30KP2lQkMaFMAxI.jpg
10140,Las crónicas de Narnia: La travesía del viajero del alba (2010),"{""castellano"":{""url"":""https://ok.ru/videoembed/7720749238831?autoplay=1"",""quality"":""HD""}}",/i1VNVBUkai81eRQTS16zXllnN52.jpg,2026-01-26 16:36:00-03,"[12,10751,14]",6.4,6.0439,2010-12-02,PG,,234,"[""based on novel or book"",""magic"",""lion"",""anthropomorphism"",""dragon"",""king"",""turns into animal"",""fantasy world"",""snowing"",""sea voyage"",""quest"",""high fantasy"",""isekai"",""father son relationship"",""brother sister relationship"",""based on young adult novel"",""anxious"",""good versus evil"",""adoring""]",/oc3be3waruLd0PB9h4bomN7Le3v.jpg
10184,A él no le gustas tanto (2009),"{""latino"":{""url"":""https://ok.ru/videoembed/8173536742098?autoplay=1"",""quality"":""HD""},""castellano"":{""url"":""https://ok.ru/videoembed/8727569304129?autoplay=1"",""quality"":""HD""}}",/cXAGvZGI7ux9BWNIEDfTWJwcjWC.jpg,2026-01-20 12:36:45.887344-03,"[35,10749,18]",6.6,4.8869,2009-02-06,PG-13,,316,"[""friendship"",""based on novel or book"",""married couple"",""relationship problems"",""relationship"",""extramarital affair"",""duringcreditsstinger"",""dating woes"",""single woman"",""interpersonal relationships"",""baltimore, maryland""]",/jZkkch6yrP1tVVfEU2uqwej9rBM.jpg
10189,Superfumados (2008),"{""subtitulado"":{""url"":""https://ok.ru/videoembed/4711238732503?autoplay=1"",""quality"":""HD""}}",/6tKtgQ2xMnz1UMLWJAw5a0eqvm2.jpg,2026-01-20 12:36:46.434715-03,"[28,35,80]",6.643,2.8363,2008-08-06,R,,628,"[""smoking"",""witness"",""cannabis"",""marijuana"",""stoner"",""roach"",""painting toenails"",""radio call in show"",""seed"",""stoner movie""]",
10193,Toy Story 3 (2010),"{""latino"":{""url"":""https://ok.ru/videoembed/2036860455488?autoplay=1"",""quality"":""HD""}}",/j0iPLV1DZb03SwubhRSI5ztP3lZ.jpg,2026-04-09 19:34:00-03,"[16,10751,35]",7.804,14.9668,2010-06-16,AA,,97,"[""escape"",""hostage"",""college"",""villain"",""sequel"",""buddy"",""daycare"",""teddy bear"",""duringcreditsstinger"",""toy comes to life"",""personification"",""inanimate objects come to life"",""dramatic""]",/uAfhsySkr1UzQg1zdg3dZQRz9Fd.jpg
10198,La princesa y el sapo (2009),"{""castellano"":{""url"":""https://ok.ru/videoembed/11727959558771?autoplay=1"",""quality"":""HD""}}",/yprv5PbnEksoVj2v6XEnDBg9joR.jpg,2026-02-12 17:22:00-03,"[16,10749,14,10751]",7.216,11.5542,2009-12-08,G,,127,"[""princess"",""voodoo"",""new orleans, louisiana"",""restaurant"",""villain"",""kiss"",""musical"",""turns into animal"",""cajun"",""firefly"",""based on fairy tale"",""duringcreditsstinger"",""big dreams"",""frog prince"",""charlatan"",""1920s"",""magic spell"",""loving"",""whimsical"",""cheerful""]",
10201,¡Sí Señor! (2008),"{""latino"":{""url"":""https://ok.ru/videoembed/10841925421692?autoplay=1"",""quality"":""HD""}}",/7aZAL3GuMqmHMt9iZ0G8E7q03uI.jpg,2026-02-14 18:37:00-03,"[35,10749]",6.684,4.607,2008-12-09,B,,367,"[""california"",""bungee-jump"",""falling in love"",""ex-wife"",""hollywood bowl"",""excuse"",""burlesque"",""opposites attract"",""loan officer"",""scooter"",""duringcreditsstinger"",""life changing"",""candid"",""inspirational"",""best friends"",""unlikely romance"",""amused"",""cheerful"",""derisive"",""joyful""]",/l9kUuYVqiZV1r6d4nKUKcQvtLR3.jpg
10234,Horas de terror (1997),"{""subtitulado"":{""url"":""https://ok.ru/videoembed/7122395335333?autoplay=1"",""quality"":""HD""}}",/v0ld2BqUGgo8uwx0HyfHPxJhmdh.jpg,2026-03-13 13:29:00-03,"[18,27,53]",7.3,5.0014,1997-08-23,+18,"Extreme Violence, Shocking Content",307,"[""lake"",""sadism"",""psychopath"",""hostage-taking"",""remote control"",""sociopath"",""breaking the fourth wall"",""serial killer"",""psychological thriller"",""family holiday"",""golf club"",""torment"",""voyeurism"",""grim"",""wealthy family"",""lake house"",""children in danger"",""psychological horror"",""sardonic""]",/yUmtjm5eLK7WohDtt5E2lHXx84P.jpg
10280,"Thinner, la maldición gitana (1996)","{""latino"":{""url"":""https://ok.ru/videoembed/9640164657719?autoplay=1"",""quality"":""HD""}}",/wmnTIiRf3Nl5jhMlqLRXQY5msN6.jpg,2026-03-25 20:33:00-03,"[14,27]",5.9,4.1337,1996-10-25,+16,,433,"[""based on novel or book"",""curse"",""fat suit"",""disturbed""]",/3xLT29KkCwLqRgRRtaUHGG6OaZ5.jpg
10329,Congo (1995),"{""castellano"":{""url"":""https://ok.ru/videoembed/11486754835059?autoplay=1"",""quality"":""HD""}}",/hgHB2Hzy0ykHzrEDQsdpHUx83Iz.jpg,2026-01-27 17:40:00-03,"[28,12,878]",5.586,2.5656,1995-06-09,12,,670,"[""based on novel or book"",""diamond"",""gorilla"",""congo"",""diamond mine"",""tribe"",""survival"",""ancient civilization"",""zoologist""]",
10372,Star Wars: Ewoks La Batalla Por Endor (1985),"{""latino"":{""url"":""https://ok.ru/videoembed/10519693691440?autoplay=1"",""quality"":""HD""},""subtitulado"":{""url"":""https://ok.ru/videoembed/593152248454?autoplay=1"",""quality"":""480P""}}",/or2IqyxJiaGL3AFGK45JQjXdlL2.jpg,2026-04-10 20:09:00-03,"[12,10751,10770,878,14]",5.424,2.542,1985-11-24,7,,673,"[""kingdom"",""village"",""liberation"",""coronation"",""miracle"",""sequel"",""royalty"",""raid""]",/xdH8k2O6mpLv4szeLkQGiM1aSOC.jpg
10474,Diario de un rebelde (1995),"{""latino"":{""url"":""https://ok.ru/videoembed/2521391172236?autoplay=1"",""quality"":""HD""}}",/68yBRXJNQT7vwFGRHqKcfy97LXq.jpg,2026-01-20 12:36:45.887344-03,"[18,80]",7.4,3.1862,1995-04-21,R,,580,"[""new york city"",""sports"",""heroin"",""addiction"",""basketball"",""friends"",""based on memoir or autobiography"",""drugs"",""1960s"",""school suspension"",""gay theme"",""teenager""]",/oDdRrwTCgaDzAshScrFO09qWqPB.jpg
10527,Madagascar 2 (2008),"{""latino"":{""url"":""https://streaam-660fef271516.herokuapp.com/watch/67ae6096265c9891b0b20e26"",""quality"":""HD""}}",/zYbvSjajQrb2jU9rUo5Mt06stPd.jpg,2026-01-20 12:36:46.193763-03,"[12,16,35,10751]",6.524,10.1621,2008-10-30,APTA,,148,"[""dance"",""friendship"",""jealousy"",""airplane"",""africa"",""hunger"",""lion"",""zoo"",""hippopotamus"",""giraffe"",""chimp"",""penguin"",""cartoon"",""villain"",""volcano"",""zebra"",""sequel"",""slapstick comedy"",""madagascar"",""friends"",""shark"",""animals"",""duringcreditsstinger"",""lemur"",""talking animal""]",/r2M9ElkHxEJP7riCFbT5N0uXZTc.jpg
10542,El condón asesino (1996),"{""castellano"":{""url"":""https://ok.ru/videoembed/11816369982067?autoplay=1"",""quality"":""HD""}}",/7RZuYVCQTOUGWDzOtQXoA1fT1d5.jpg,2026-02-20 00:34:00-03,"[35,27]",5.2,1.4279,1996-08-29,,,918,"[""new york city"",""prostitute"",""monster"",""police"",""detective"",""brothel"",""investigation"",""lone wolf"",""condom"",""lgbt"",""gay theme""]",
10545,El jorobado de Notre Dame (1996),"{""castellano"":{""url"":""https://ok.ru/videoembed/11431543966323?autoplay=1"",""quality"":""HD""}}",/pvnmJckCNgzEbuE5sHXX3tDRQox.jpg,2026-01-24 11:52:00-03,"[18,16,10751]",7.1,4.2642,1996-06-21,G,,410,"[""dance"",""paris, france"",""based on novel or book"",""judge"",""sword"",""obsession"",""mockery"",""ugliness"",""cathedral"",""cartoon"",""villain"",""musical"",""fool"",""bell"",""religion"",""orphan"",""army captain"",""festival"",""angry mob"",""notre dame cathedral"",""witch hunt"",""15th century""]",/gANMasppEDQk95SvLsFNHtfBYNy.jpg
10577,Drácula 2001 (2000),"{""castellano"":{""url"":""https://ok.ru/videoembed/11852676598435?autoplay=1"",""quality"":""HD""}}",/edvsj9K8CHRKrJ1Ir2rYNiN9R1m.jpg,2026-01-27 14:38:00-03,"[53,27,28,14]",5.228,2.1901,2000-12-22,R,,751,"[""martial arts"",""london, england"",""fight"",""vampire"",""christianity"",""bite"",""transformation"",""vampire hunter (slayer)"",""punishment"",""werewolf"",""gothic horror"",""urban gothic"",""dracula"",""disrespectful""]",/bYaSV1JD9f1FBPrCDTQvFl0wcgb.jpg
10606,El experimento Filadelfia (1984),"{""latino"":{""url"":""https://ok.ru/videoembed/7005668444758?autoplay=1"",""quality"":""HD""},""castellano"":{""url"":""https://ok.ru/videoembed/2262331296447?autoplay=1"",""quality"":""HD""},""subtitulado"":{""url"":""https://ok.ru/videoembed/2353607150247?autoplay=1"",""quality"":""HD""}}",/loKzciPI19uLZ6GeSYjInzdGg60.jpg,2026-03-22 23:30:00-03,"[878,12,53]",6.1,1.887,1984-10-05,,,807,"[""experiment"",""based on novel or book"",""aftermath"",""intelligence"",""time travel"",""biography"",""based on true story"",""urban legend"",""falling in love"",""uss eldridge""]",/4wPZaKaucs4lN7V4JWwkCN8vSwp.jpg
10633,En el calor de la noche (1967),"{""subtitulado"":{""url"":""https://ok.ru/videoembed/12719808973525?autoplay=1"",""quality"":""HD""}}",/r0xA7rX8rsWC8g8GZUj6ti3N8pw.jpg,2026-03-29 11:55:00-03,"[80,18,9648,53]",7.663,4.0106,1967-08-02,PG-13,,452,"[""small town"",""southern usa"",""police chief"",""stolen money"",""racial segregation"",""racist"",""thief"",""murder"",""youth gang"",""racism"",""whodunit"",""poverty"",""false accusations"",""police station"",""racial tension"",""bigotry"",""autopsy room"",""red herring"",""railroad station"",""white supremacists"",""nymphette"",""bigot"",""deep south"",""cotton plantation"",""southern small town"",""rumble"",""illegal abortionist"",""jumping to conclusions""]",/xY5sgU09cOsvEAgJZaYo2aOZEFi.jpg
10642,Loser: Un Perdedor con Suerte (2000),"{""latino"":{""url"":""https://ok.ru/videoembed/13159078890111?autoplay=1"",""quality"":""HD""}}",/ihkVbU64CvcIAWM5ObFPIJ4YmbS.jpg,2026-04-01 22:13:00-03,"[35,10749]",5.4,2.6383,2000-07-21,B,,661,"[""college"",""lost and found"",""older brother younger sister"",""woman director"",""young adult"",""college student""]",/r80VehB1GzdOReLSgr0N4iWo5id.jpg
10654,Hair (1979),"{""latino"":{""url"":""https://ok.ru/videoembed/7371692837592?autoplay=1"",""quality"":""HD""}}",/qrZIlVCL9UyEBsgOGbisNzuWjX.jpg,2026-03-05 13:35:00-03,"[10402,18,35]",7.3,1.9818,1979-03-15,PG,Violence,787,"[""vietnam war"",""new york city"",""army"",""hippie"",""free love"",""commune"",""musical"",""skinny dipping"",""lgbt"",""1960s"",""gay theme""]",/4yeRx7cGDMIzIkzLRhcw1LymSYC.jpg
10657,La tienda (1993),"{""subtitulado"":{""url"":""https://ok.ru/videoembed/10076039481942?autoplay=1"",""quality"":""HD""}}",/cBJv7Iygry6QmYLoz9DmOZHCvrs.jpg,2026-01-30 21:58:00-03,"[18,27]",6.2,4.3208,1993-08-27,R,,404,"[""small town"",""sheriff"",""based on novel or book"",""pain"",""strangeness"",""manipulation"",""malice"",""prank"",""devil"",""desire"",""occult""]",/cFm73y9i3ijvlQIgp5o1vzRVHQv.jpg
10665,Los extraños (2008),"{""subtitulado"":{""url"":""https://ok.ru/videoembed/5414095030870?autoplay=1"",""quality"":""HD""}}",/hW3UwUwv41jQWEdEJW6NQD1s8Yk.jpg,2026-03-10 23:29:00-03,"[27,53]",6.124,4.8852,2008-05-29,R,"Violence, Disturbing Content, Coarse Language",317,"[""mask"",""murder"",""serial killer"",""slasher"",""home invasion"",""psychological horror"",""absurd""]",
10680,El regreso de los mejores (1996),"{""castellano"":{""url"":""https://ok.ru/videoembed/11248839166593?autoplay=1"",""quality"":""HD""}}",/brjWv9fLLmhmWcdzt2Nm609Zofd.jpg,2026-02-07 19:29:00-03,"[35,28,10751,18]",5.95,1.7201,1996-10-04,PG,,852,"[""scholarship"",""sports"",""college"",""ice hockey"",""teenage boy"",""baffled""]",
10753,Historia Policiaca 2 (1988),"{""latino"":{""url"":""https://ok.ru/videoembed/12736385059363?autoplay=1"",""quality"":""HD""}}",/kjq1FXtHh9i2sIuM0JaoYf43FDU.jpg,2026-03-25 13:55:00-03,"[28,80,53]",7.077,4.4383,1988-08-13,PG-13,,387,"[""martial arts"",""showdown"",""police"",""undercover"",""fight"",""investigation"",""cop"",""hong kong"",""hoodlum"",""bomb attack"",""action hero""]",/f8ag2cxqaQGqvqMvThtu73pPnEM.jpg
10766,Damian: la profecía II (1978),"{""latino"":{""url"":""https://ok.ru/videoembed/12208425143000?autoplay=1"",""quality"":""HD""}}",/iMfm0kp8QZqOQyUK7f8CI5vQJqH.jpg,2026-03-06 21:23:00-03,"[27,53]",6.417,4.0232,1978-06-09,C,,449,"[""chicago, illinois"",""prophecy"",""secret identity"",""devil's son"",""sequel"",""anti-christ"",""occult"",""raven"",""military academy""]",/8zVl291s1qXqc5LrQBByZcqxSNJ.jpg
10770,El sheriff y el pequeño extraterrestre (1979),"{""latino"":{""url"":""https://ok.ru/videoembed/2698503195282?autoplay=1"",""quality"":""1080P""}}",/oGdikE1c1TcFcRsr6Q9IRTcC93o.jpg,2026-04-10 00:01:00-03,"[35,878,28]",6.393,1.0554,1979-08-10,7,,1034,"[""extraterrestrial technology"",""male friendship"",""alien"",""best friend"",""police officer""]",/qviAZShx8MVNwZjk1MoFFEdLUnx.jpg
10776,La Tiendita de Los Horrores (1986),"{""latino"":{""url"":""https://ok.ru/videoembed/3029926087229?autoplay=1"",""quality"":""1080P""},""castellano"":{""url"":""https://ok.ru/videoembed/1318709889737?autoplay=1"",""quality"":""1080P""},""subtitulado"":{""url"":""https://ok.ru/videoembed/5190481676886?autoplay=1"",""quality"":""1080P""}}",/5mMhwSAUmsVuuu8yWYWXeQYX3hV.jpg,2026-04-21 22:42:00-03,"[27,35]",6.963,6.0316,1986-12-19,PG-13,,236,"[""assistant"",""investigation"",""solar eclipse"",""florist"",""aggression"",""nerd"",""bloodthirstiness"",""plant"",""success"",""musical"",""based on play or musical"",""blonde"",""carnivorous plant"",""laughing gas"",""remake"",""crush"",""animated scene"",""puppetry"",""creature"",""motorcycle"",""eclipse"",""dentist"",""death"",""bum"",""killer plant"",""homoeroticism"",""skid row"",""based on movie"",""plant food"",""inept assistant"",""man eating plant"",""horror musical""]",/z9y41Biv1isRtErpt7Ecv01ru0W.jpg
10832,Ellos (2006),"{""subtitulado"":{""url"":""https://ok.ru/videoembed/3411276728999?autoplay=1"",""quality"":""HD""}}",/bjkyuoJACmBWgYzCkE24D2g6s6N.jpg,2026-03-21 12:02:00-03,"[27,53]",6.149,1.2909,2006-07-19,,,963,"[""forest"",""home invasion"",""romania"",""underground tunnel""]",/xwSFvt9l7YilxS27wDmZuERIVrT.jpg
10895,Pinocho (1940),"{""latino"":{""url"":""https://ok.ru/videoembed/7468949506647?autoplay=1"",""quality"":""1080P""}}",/lgERVisLRUdrP72kkXrJuirK3Ak.jpg,2026-04-10 18:14:00-03,"[16,10751,14]",7.106,7.9853,1940-02-23,G,"Violence, Fear",175,"[""rescue"",""sea"",""child abuse"",""based on novel or book"",""magic"",""whale"",""italy"",""donkey"",""lie"",""fairy"",""fox"",""cartoon"",""villain"",""carnival"",""wish"",""puppet"",""nose"",""conscience"",""wish fulfillment"",""toy comes to life"",""animal cruelty"",""child slavery"",""pool"",""boy"",""cartoon donkey""]",/crKA6WzkjWhvGdzvonRnGr1ZFv8.jpg
11045,Taxi: Derrape total (2004),"{""castellano"":{""url"":""https://ok.ru/videoembed/11754648963758?autoplay=1"",""quality"":""HD""}}",/6dvI9fy3Rr6WcCH2oOdW2h56G7K.jpg,2026-01-27 10:51:00-03,"[28,35,53,80]",5.567,4.1418,2004-10-06,PG-13,,429,"[""new york city"",""taxi driver"",""detective"",""idiot"",""damage"",""beautiful woman"",""undercover cop"",""car accident"",""model"",""bank robbery"",""anger"",""portuguese"",""armed robbery"",""bad driver"",""bmw"",""fast car"",""race driving"",""robbery gang"",""comedy of errors"",""modifieds"",""speed racing""]",
11051,La última tentación de Cristo (1988),"{""castellano"":{""url"":""https://ok.ru/videoembed/11295938906689?autoplay=1"",""quality"":""HD""}}",/su4LK5bzWazBRyc5bHlG85inTXx.jpg,2026-01-27 14:08:00-03,[18],7.21,2.6988,1988-05-28,R,,647,"[""christianity"",""traitor"",""roman"",""crucifixion"",""longing"",""moral conflict"",""easter"",""spirituality"",""cross"",""temptation"",""mary magdalene"",""jesus christ"",""jesus""]",
11071,La humanidad en peligro (1954),"{""subtitulado"":{""url"":""https://ok.ru/videoembed/11372021877411?autoplay=1"",""quality"":""HD""}}",/tP352STF6BvSROi8K3CMM799TVo.jpg,2026-02-04 21:59:00-03,"[878,27]",6.8,4.5023,1954-06-16,NR,,380,"[""army"",""monster"",""atomic bomb"",""mutation"",""radiation"",""fbi"",""new mexico"",""giant monster"",""ant"",""martial law"",""giant insect"",""black and white"",""desert"",""psychiatric ward"",""ant's nest"",""general store"",""entomologist"",""giant ants"",""animal horror"",""storm drain"",""scientist heroine"",""southwest desert"",""state police officer"",""drunk ward"",""formic acid"",""traumatized child"",""mysterious footprint"",""cyanide grenade"",""atomic mutation"",""ant eggs""]",
11141,Las leyes de atracción (2004),"{""latino"":{""url"":""https://ok.ru/videoembed/7300462611005?autoplay=1"",""quality"":""HD""}}",/32o2gfkyjOFA7fsaeU1CqveGnYg.jpg,2026-02-14 18:27:00-03,"[35,10749]",5.812,1.2652,2004-04-04,PG-13,,972,"[""court case"",""rock star"",""rivalry"",""falling in love"",""ireland"",""divorce lawyer""]",
11165,Tora! Tora! Tora! (1970),"{""latino"":{""url"":""https://ok.ru/videoembed/11732552518324?autoplay=1"",""quality"":""HD""}}",/kYm03oM0tNIKLIhc2qERV2tL5US.jpg,2026-02-11 15:33:00-03,"[10752,36,18]",7.1,3.1797,1970-01-26,G,,582,"[""japan"",""hawaii"",""world war ii"",""pearl harbor"",""u.s. navy"",""pacific war"",""soldier"",""japanese army"",""imperial japan"",""1940s"",""informative""]",
11178,Una chica fuera de serie (2001),"{""subtitulado"":{""url"":""https://ok.ru/videoembed/12832948947583?autoplay=1"",""quality"":""HD""}}",/iF9L9eMDIaKqRZ8nBl9UKnnqrzL.jpg,2026-03-29 11:33:00-03,"[18,35,10749]",7.523,4.0384,2001-07-27,PG,,447,"[""subway"",""based on memoir or autobiography"",""stranger"",""boyfriend girlfriend relationship"",""drunkenness""]",/13uKAt4M87HQi1lMZAwBmsNZRGg.jpg
11187,Chucky: el muñeco diabólico 3 (1991),"{""subtitulado"":{""url"":""https://ok.ru/videoembed/5412643998294?autoplay=1"",""quality"":""HD""}}",/xlX6VMnjJF6ibLaXiTZsJsDCFP0.jpg,2026-04-01 14:46:00-03,"[27,53]",5.899,4.2515,1991-08-30,R,,412,"[""voodoo"",""recruit"",""evil doll"",""killer doll"",""serial killer"",""slasher"",""military academy"",""killer toys"",""toy comes to life"",""war game"",""possessed doll"",""supernatural power"",""horrified""]",/qjhiDZoyowqfQMSZIiTX5FJBxtU.jpg
11226,Desnuda ante el asesino (1975),"{""subtitulado"":{""url"":""https://ok.ru/videoembed/13690230344355?autoplay=1"",""quality"":""HD""}}",/qOrGnD1W7Et5Wb8Inl1F4KzW208.jpg,2026-04-03 22:13:00-03,"[27,53]",5.4,1.3697,1975-08-24,,,941,"[""murder hunt""]",/rnjMuuCNtaRl60YOpmY6UQ5SYKM.jpg
11243,Los cariñositos: la película (1985),"{""castellano"":{""url"":""https://ok.ru/videoembed/3360977324570?autoplay=1"",""quality"":""1080P""}}",/oPTteSGlr88fkiPxg1X4JzVvZAc.jpg,2026-04-10 00:21:00-03,"[12,14,16,35,10751]",6,1.1571,1985-03-23,G,,1001,"[""cloud"",""sorcerer's apprentice"",""spirit"",""woman director"",""kids""]",/ycVADUTP78aJXV8FKmoSkdruo64.jpg
11252,Psicosis (1998),"{""latino"":{""url"":""https://ok.ru/videoembed/10425217714743?autoplay=1"",""quality"":""HD""}}",/n9QihmSPTLcSzEV8W8fB7yKBEn6.jpg,2026-03-25 19:00:00-03,"[27,9648,53]",5.1,2.6684,1998-12-04,R,,656,"[""motel"",""stolen money"",""murder"",""psychosis"",""psycho""]",/8mxJjrPymsCg4rJxmVNjXByQ2ee.jpg
11400,El nuevo mundo (2005),"{""subtitulado"":{""url"":""https://ok.ru/videoembed/11676239202902?autoplay=1"",""quality"":""HD""}}",/AloFW4KnDYNlH9WOFmJUZusSORh.jpg,2026-02-02 19:58:00-03,"[18,36,10749]",6.521,1.8103,2005-12-25,PG-13,,826,"[""native american"",""native american attack"",""interracial romance"",""colonialism"",""virginia"",""british colonial"",""new world"",""17th century""]",/basalqnxZZdLnc2qd60Zy5WYR2k.jpg
11507,Doble de Cuerpo (1984),"{""latino"":{""url"":""https://ok.ru/videoembed/1978294995596?autoplay=1"",""quality"":""HD""},""castellano"":{""url"":""https://ok.ru/videoembed/12685984074494?autoplay=1"",""quality"":""HD""},""subtitulado"":{""url"":""https://ok.ru/videoembed/6151370836610?autoplay=1"",""quality"":""HD""}}",/zWr3yaXVo37k2vTLlmhpoOL3ZOy.jpg,2026-03-25 18:00:00-03,"[80,9648,53]",6.8,4.8645,1984-10-25,R,,321,"[""police"",""claustrophobia"",""witness"",""film in film"",""murder"",""neighbor"",""whodunit"",""los angeles, california"",""drill"",""peeping tom"",""porn actress"",""struggling actor"",""drilling"",""voyeurism"",""neo-noir"",""erotic thriller"",""american giallo""]",/fihmghsvsb8zp48EbqYL4z6RJqn.jpg
11525,El hombre del jardín 2: La venganza (1996),"{""castellano"":{""url"":""https://ok.ru/videoembed/10965082311180?autoplay=1"",""quality"":""HD""}}",/pOVWUmygSH05IqkOX5uHyZusHKd.jpg,2026-02-12 12:08:00-03,"[878,27,28,53]",3.289,1.9225,1996-01-12,PG-13,,799,"[""computer"",""hacker"",""virtual reality"",""technology"",""sword fight"",""revenge"",""cyberpunk"",""scientist"",""cyberspace"",""surveillance"",""based on short story"",""world domination"",""supernatural power""]",
11547,Cabin Fever (2003),"{""latino"":{""url"":""https://ok.ru/videoembed/7012937304662?autoplay=1"",""quality"":""HD""}}",/iLdhs92kvQUoEppSHtTjidsir78.jpg,2026-01-20 12:36:46.662574-03,[27],5.694,1.9657,2003-08-15,R,,791,"[""lake"",""college"",""victim"",""lodge"",""vacation"",""woods"",""marijuana"",""homicidal"",""disease"",""lethal virus"",""illness"",""virus"",""locals"",""body horror""]",
11551,Pequeños guerreros (1998),"{""latino"":{""url"":""https://ok.ru/videoembed/12052559366721?autoplay=1"",""quality"":""HD""},""castellano"":{""url"":""https://ok.ru/videoembed/12052559170113?autoplay=1"",""quality"":""HD""},""subtitulado"":{""url"":""https://ok.ru/videoembed/12052559104577?autoplay=1"",""quality"":""HD""}}",/9qfg7kLvs2PXNAtcl1OwBkDiAV5.jpg,2026-02-20 14:11:00-03,"[35,12,14,878,28]",6.554,3.7283,1998-07-10,B-15,,489,"[""defense industry"",""toy shop"",""technical toy"",""soldier"",""prototype"",""killer toys"",""toy comes to life""]",
11623,"Alarma, catástrofe (1978)","{""latino"":{""url"":""https://ok.ru/videoembed/13083500612131?autoplay=1"",""quality"":""HD""}}",/lSJZA6hSwxv8O3d1DfyuN7wZ0Zi.jpg,2026-03-30 23:47:00-03,"[27,53,878,9648]",6.8,0.9967,1978-04-13,12,,1055,"[""london, england"",""robbery"",""telekinesis"",""execution"",""super power""]",/7aY1ji2fVHVTAW9DjkpFvPMyLi9.jpg
11631,Mamma mia! (2008),"{""latino"":{""url"":""https://ok.ru/videoembed/6918336744020?autoplay=1"",""quality"":""HD""},""castellano"":{""url"":""https://ok.ru/videoembed/7116624169640?autoplay=1"",""quality"":""HD""}}",/4QthG4HsSQ30Uit2CpOz6YRikX1.jpg,2026-01-20 12:36:46.662574-03,"[35,10749]",6.974,10.5303,2008-07-03,PG-13,,144,"[""single parent"",""parent child relationship"",""greece"",""musical"",""romcom"",""based on play or musical"",""unknown father"",""single mother"",""based on song, poem or rhyme"",""hotel manager"",""young love"",""greek island"",""duringcreditsstinger"",""woman director"",""imminent wedding"",""mother daughter relationship"",""jukebox musical"",""past history"",""daughter's wedding"",""abba"",""comforting"",""enthusiastic""]",/8IGO8rF5asa7tnO0aEtx3e5R4Z5.jpg
11645,RAN,"{""subtitulado"":{""url"":""https://pub-stream-dk0-d61b0fe4dfdd.herokuapp.com/watch/67873d4eece0506dedc05e1a"",""quality"":""HD""}}",/feChXPgGQhhRfvkzhzoKVp8RLpQ.jpg,2026-01-20 12:36:45.887344-03,"[28,18,36]",8.044,4.43,1985-06-01,R,,390,"[""assassination"",""kingdom"",""gun"",""greed"",""castle"",""siege"",""heir to the throne"",""revenge"",""descent into madness"",""historical fiction"",""period drama"",""seppuku"",""inheritance fight"",""ruins"",""jidaigeki"",""historical drama"",""king lear"",""feudal japan"",""black widow"",""somber"",""hopelessness"",""dramatic"",""tragic"",""século xvi""]",/3ssNAWypRl47iriwBFNx7RUEUub.jpg
11649,He-Man Y Los Amos Del Universo (Masters of the Universe) (1987),"{""castellano"":{""url"":""https://ok.ru/videoembed/11146492774924?autoplay=1"",""quality"":""HD""}}",/2Dbt2cU9rGKMVLy7pjT9ce6UFks.jpg,2026-02-12 11:26:00-03,"[28,14,878,12,53]",5.733,3.5043,1987-08-07,PG,,520,"[""skeleton"",""saving the world"",""key"",""superhero"",""wretch"",""time travel"",""based on toy"",""super power"",""aftercreditsstinger"",""sword and planet"",""sword and sorcery""]",
11686,Amor y Muerte: La última noche de Boris Grushenko (1975),"{""subtitulado"":{""url"":""https://ok.ru/videoembed/12885371390707?autoplay=1"",""quality"":""HD""}}",/zNQpUB0tN6tndWSfsv7VYKaZAdN.jpg,2026-03-31 23:16:00-03,"[35,36]",7.487,1.5311,1975-06-10,PG,,900,"[""napoleon bonaparte"",""duel"",""execution"",""napoleonic wars"",""wheat"",""19th century"",""anarchic comedy""]",/pgtHrfRnVpOWbiGYFVoHM3E9rN.jpg
11697,El hombre que mató a Liberty Valance (1962),"{""latino"":{""url"":""https://ok.ru/videoembed/10578148461230?autoplay=1"",""quality"":""HD""}}",/cVoQULxaEW2jO55c02RCUXEic8l.jpg,2026-01-26 15:09:00-03,[37],7.816,2.8841,1962-04-13,PG-13,,622,"[""gunslinger"",""showdown"",""funeral"",""legend"",""ranch"",""outlaw"",""lawyer"",""black and white"",""stagecoach"",""cowboy""]",
11704,La ratoncita valiente (1982),"{""latino"":{""url"":""https://ok.ru/videoembed/9567446567478?autoplay=1"",""quality"":""1080P""}}",/prNrnOKlkV9wl5Sl3zwHu1f3t2z.jpg,2026-04-10 18:30:00-03,"[10751,16,14,12,9648,18,878]",7.5,2.5255,1982-06-17,G,,678,"[""widow"",""mouse"",""villain"",""crow"",""illness"",""good versus evil""]",/4Q0C49l6KkRbnVlE3N86IljtAXH.jpg
11797,La hora del espanto (1985),"{""latino"":{""url"":""https://ok.ru/videoembed/9640475167287?autoplay=1"",""quality"":""HD""}}",/6zt1ny8tN1ZsQIXrwEORNWrMWFe.jpg,2026-03-25 19:56:00-03,"[35,27]",7,3.0277,1985-08-02,C,,600,"[""vampire"",""black humor"",""vampire hunter (slayer)"",""old house"",""boyfriend girlfriend relationship"",""mother son relationship""]",/2ytds3KqhMWRvMtrQp95JBYTKLD.jpg
11845,Intimidad (2001),"{""subtitulado"":{""url"":""https://ok.ru/videoembed/12381544712917?autoplay=1"",""quality"":""HD""}}",/1V3DsANm9m5CiSJLhzI9Qg8QEHE.jpg,2026-03-15 00:31:00-03,"[10749,18,14]",6.231,3.0523,2001-01-20,NR,,597,"[""hotel room"",""bartender"",""new french extremism"",""sex""]",/qoxriJ6n1qxvG1bBMPnsZBHKGco.jpg
11880,Dog Soldiers (2002),"{""castellano"":{""url"":""https://ok.ru/videoembed/9656840161847?autoplay=1"",""quality"":""HD""}}",/ydqx6Q30hloZPDBNSBOylD8D520.jpg,2026-03-25 19:44:00-03,"[27,28,53]",6.7,2.652,2002-05-10,R,,657,"[""scotland"",""dark comedy"",""wilderness"",""siege"",""british army"",""full moon"",""grenade"",""forest"",""werewolf"",""soldier"",""survival horror"",""standoff"",""molotov cocktail""]",/direyV1rkzuPZNR8k6Z3mHWK3hJ.jpg
11893,Escape en tren (1985),"{""latino"":{""url"":""https://ok.ru/videoembed/9657427036727?autoplay=1"",""quality"":""HD""}}",/vjWsu3JL1nKMD9HBMQsZ424Zop8.jpg,2026-03-25 19:35:00-03,"[28,53,18,12]",7,2.0783,1985-11-15,13,,764,"[""attempt to escape"",""train accident"",""prison warden"",""prison escape"",""alaska"",""train"",""freezing""]",/9GHsA3bt6MYW7Cpur91GeVBQKIC.jpg
11931,En sus zapatos (2005),"{""latino"":{""url"":""https://ok.ru/videoembed/8878998096445?autoplay=1"",""quality"":""HD""}}",/veRzb0CmqpwZLyN29IurahX7ZY0.jpg,2026-02-14 18:07:00-03,"[35,18,10749]",6.203,2.3582,2005-10-07,PG-13,,720,"[""hotel"",""florida"",""newspaper"",""suicide"",""beach"",""philadelphia, pennsylvania"",""based on novel or book"",""bride"",""liar"",""wine"",""dyslexia"",""bikini"",""flashback"",""love"",""money"",""grief"",""lawyer"",""wedding"",""audition"",""death"",""drunk"",""shoe"",""deceit"",""rumor"",""blame"",""sister sister relationship"",""dramatic""]",
11951,Punto límite: Cero (1971),"{""subtitulado"":{""url"":""https://ok.ru/videoembed/11470754351702?autoplay=1"",""quality"":""HD""}}",/qIN3bZdHcKptxT6UBLra6a1DN6D.jpg,2026-02-03 16:11:00-03,"[28,80,18,53]",7.096,1.6848,1971-01-15,+18,,862,"[""bet"",""vietnam veteran"",""hippie"",""police"",""san francisco, california"",""radio station"",""1970s"",""denver, colorado"",""auto-tuning"",""flashback"",""on the run"",""hitchhiker"",""drugs"",""desert"",""driver"",""highway patrol"",""stock car"",""police pursuit"",""car pursuit"",""dodge challenger""]",
11970,Hércules (1997),"{""latino"":{""url"":""https://ok.ru/videoembed/5023995136725?autoplay=1"",""quality"":""HD""}}",/iwjP7ImLzXZjKHnCUChJThEtNJG.jpg,2026-01-20 12:36:45.887344-03,"[16,10751,14,12,35,10749]",7.493,11.2543,1997-06-13,7i,,129,"[""peasant"",""hades"",""cartoon"",""villain"",""musical"",""pegasus"",""zeus"",""coming of age"",""ancient greece"",""aftercreditsstinger"",""olympus"",""hercules"",""worth"",""playful"",""hopeful""]",/oG9dcGSSu13fjFp1Uly15ZXjRKV.jpg
12117,Instinto (1999),"{""latino"":{""url"":""https://ok.ru/videoembed/4803858991756?autoplay=1"",""quality"":""HD""},""castellano"":{""url"":""https://ok.ru/videoembed/8700536556161?autoplay=1"",""quality"":""HD""}}",/1LGdOZITaJL1cpwdMCuRfGHIaqr.jpg,2026-01-20 12:36:46.662574-03,"[18,53]",6.496,4.5821,1999-06-04,R,,372,"[""prison"",""research"",""gorilla"",""instinct"",""murder"",""mute"",""jungle"",""psychologist"",""anthropologist"",""prison break"",""인스팅트"",""스릴러"",""살인""]",/uqa2PKpMzNMm5nkW2Xwio7TVIli.jpg
12139,Daniel el Travieso (1993),"{""latino"":{""url"":""https://ok.ru/videoembed/1142579071648?autoplay=1"",""quality"":""1080P""}}",/85aNEm5wFgbuSifl5EHLTuvWSxe.jpg,2026-04-09 23:47:00-03,"[10751,35]",5.879,4.7682,1993-06-09,PG,,338,"[""babysitter"",""based on comic"",""slingshot""]",/etFlyQjyo64NbMV8P85x3b12Rxg.jpg
12230,La noche de las narices frías (1961),"{""latino"":{""url"":""https://ok.ru/videoembed/11795371264627?autoplay=1"",""quality"":""HD""}}",/pFiKd4TCv1K8n90w40E8KbO3lxC.jpg,2026-02-12 17:03:00-03,"[12,16,35,10751]",7.177,5.5755,1961-01-25,AA,,255,"[""london, england"",""cartoon"",""villain"",""puppy"",""dog"",""dalmatian"",""female villain"",""cartoon dog"",""pets"",""cartoon animal""]",/cZgUATpU4NDlsfGj7sRriKJEiLB.jpg
12232,El ladrón de Bagdad (1940),"{""latino"":{""url"":""https://ok.ru/videoembed/3513331354238?autoplay=1"",""quality"":""HD""}}",/ge6S9QtbiYso7S88i0hglDI8A4w.jpg,2026-04-09 19:19:00-03,"[12,14,10749]",7.131,1.6978,1940-02-19,6,,858,"[""princess"",""love at first sight"",""giant spider"",""flying horse"",""sultan"",""flying carpet"",""bagdad"",""djinn"",""orient"",""thief"",""baghdad"",""blindness"",""genie"",""arabian nights"",""crystal ball"",""magician"",""turned into animal"",""wishes"",""vibrant""]",/kIGfEkETCQUU94ougWCYwem4CV2.jpg
12244,Nueve (2009),"{""latino"":{""url"":""https://ok.ru/videoembed/12825399265972?autoplay=1"",""quality"":""HD""}}",/sTIkGEQzTYgz092BMESiLgHJpeN.jpg,2026-03-22 22:11:00-03,"[28,12,16,878,53]",6.9,7.1664,2009-08-19,A,,189,"[""friendship"",""man vs machine"",""hope"",""dystopia"",""post-apocalyptic future"",""steampunk"",""coward"",""end of world"",""rag doll""]",/t4V34FTYzZl0ZMdAXAK0T7DE3ie.jpg
12437,Inframundo 3: La rebelión de los Lycans (2009),"{""subtitulado"":{""url"":""https://streaam-660fef271516.herokuapp.com/watch/67ae64fa265c9891b0b20e49"",""quality"":""HD""}}",/1FvRpx4ijCHpTO2IT7AoCjT0aoB.jpg,2026-03-09 12:09:00-03,"[14,28,53]",6.541,5.0451,2009-01-22,,,300,"[""prison"",""vampire"",""slavery"",""castle"",""forbidden love"",""werewolf"",""battle"",""slave"",""fictional war"",""gothic"",""dungeon"",""dark fantasy"",""aristocracy"",""urban gothic""]",/rT7Kn7aT5owqpPSRSbxUmqRNz4w.jpg
12444,Harry Potter y las Reliquias de la Muerte - Parte 1 (2010),"{""latino"":{""url"":""https://ok.ru/videoembed/7582152460935?autoplay=1"",""quality"":""HD""}}",/w6wsYKdXERaXRdByPsI2O9rn20b.jpg,2026-01-20 12:36:46.193763-03,"[12,14]",7.736,19.8285,2010-11-17,PG-13,Violence / Horror,69,"[""witch"",""friendship"",""london, england"",""corruption"",""escape"",""teleportation"",""isolation"",""magic"",""bravery"",""radio"",""road trip"",""shelter"",""tension"",""attack"",""werewolf"",""ghost"",""road movie"",""wizard"",""christmas"",""based on young adult novel"",""teen fantasy""]",/vcrgU0KaNj5mKUCIQSUdiQwTE9y.jpg
12445,Harry Potter y las Reliquias de la Muerte - Parte 2 (2011),"{""latino"":{""url"":""https://streaam-660fef271516.herokuapp.com/watch/67953d5b99e591269e409046"",""quality"":""HD""}}",/aM1TuUiPtV8OAZyu61CTdy9Ymtk.jpg,2026-01-20 12:36:46.193763-03,"[12,14]",8.081,22.0168,2011-07-12,12,Violence / Horror,61,"[""witch"",""dying and death"",""saving the world"",""self sacrifice"",""magic"",""school of witchcraft"",""sorcerer"",""school"",""battle"",""ghost"",""wizard"",""teenage hero"",""christmas"",""based on young adult novel"",""good versus evil"",""appreciative"",""teen fantasy""]",/cbcpDn6XJaIGoOil1bKuskU8ds4.jpg
12477,La tumba de las luciérnagas (1988),"{""latino"":{""url"":""https://ok.ru/videoembed/753447668358?autoplay=1"",""quality"":""HD""},""subtitulado"":{""url"":""https://ok.ru/videoembed/753447012998?autoplay=1"",""quality"":""HD""}}",/juKTAn2AuoE9MvCNvf3kwZrt1t4.jpg,2026-01-20 12:36:46.193763-03,"[16,18,10752]",8.442,0.0078,1988-04-16,NR,Fear,1375,"[""sibling relationship"",""hunger"",""world war ii"",""wartime"",""shelter"",""struggle for survival"",""pacific theater"",""adult animation"",""semi autobiographical"",""anti war"",""anime"",""grim"",""orphan siblings"",""children in wartime""]",/aHaqZpOL7UyVu0nKqp3SMz0o2E1.jpg
12525,Critters 4,"{""latino"":{""url"":""https://ok.ru/videoembed/4872016366278?autoplay=1"",""quality"":""HD""}}",/k1Xio02tnxgyFA9PnlP2OSCIK2C.jpg,2026-01-20 12:36:45.887344-03,"[35,27,878]",5,0.9475,1992-08-20,PG-13,,1079,"[""future"",""shower"",""hologram"",""alien"",""space"",""creature"",""explosion""]",
12572,"New York, I Love You (2008)","{""castellano"":{""url"":""https://ok.ru/videoembed/10718759422559?autoplay=1"",""quality"":""HD""}}",/nnuoA0R0kUCu88xZGiv2mK02Hoz.jpg,2026-01-23 09:41:00-03,"[35,18,10749]",5.951,3.3409,2008-09-06,R,,555,"[""new york city"",""city portrait"",""romcom"",""anthology"",""woman director"",""cities of love""]",
12636,Godzilla vs. Mechagodzilla (2002),"{""latino"":{""url"":""https://ok.ru/videoembed/11330319092259?autoplay=1"",""quality"":""HD""}}",/jioWAuY98uBK9POyociGJXM0IT.jpg,2026-03-07 22:15:00-03,"[28,878,53]",7.418,1.4574,2002-11-02,PG,,911,"[""biological weapon"",""giant monster"",""giant robot"",""creature feature"",""gojira"",""bio organic weapon"",""kaiju"",""godzilla""]",/fDkwRFthToJTJN1rhf9zAAA1fcF.jpg
12704,Ishtar (1987),"{""latino"":{""url"":""https://ok.ru/videoembed/11639409412643?autoplay=1"",""quality"":""HD""}}",/uVIrnwIOV6Fw6zEUN5AZ46OyRM3.jpg,2026-02-26 16:05:00-03,"[35,12]",4.562,2.378,1987-05-15,PG-13,,714,"[""escape"",""fbi"",""morocco"",""wilderness"",""camel"",""sahara desert"",""beautiful woman"",""singer"",""singer-songwriter"",""buddy comedy"",""woman director"",""geopolitics"",""adventure comedy"",""fictional city""]",/lrGiV89QtomvweMugwAhwKpJkeV.jpg
13009,Zombie Strippers! (2008),"{""castellano"":{""url"":""https://ok.ru/videoembed/11238918326796?autoplay=1"",""quality"":""HD""}}",/iQcOzXCpewM9pbEwLoIrHLjpMvB.jpg,2026-02-12 00:57:00-03,"[35,27,878]",4.8,4.1026,2008-04-18,R,,439,"[""striptease"",""strip club"",""zombie"",""lap dance"",""strip tease"",""head crushing"",""small town girl""]",/r1GnyDcTV0WkwqLsI52QPM04aTh.jpg
13025,El diario de los muertos,"{""latino"":{""url"":""https://ok.ru/videoembed/10774677686819?autoplay=1"",""quality"":""HD""}}",/gAgkDJl5FmKpjSpTBpwUq45l6Pb.jpg,2026-01-21 08:41:00-03,"[27,14,878,53]",5.567,1.8082,2007-05-26,R,,827,"[""zombie"",""struggle for survival"",""found footage"",""horror filmmaking"",""college friends"",""pseudo-documentary"",""filming"",""zombie horror""]",/vjedSpn9vaN3Xxzr7MxW9RFGW50.jpg
13153,Furia de venganza (1992),"{""latino"":{""url"":""https://ok.ru/videoembed/11787878599348?autoplay=1"",""quality"":""HD""}}",/rBT2mpEKaXOfTulDZiUJuTTaW1b.jpg,2026-02-11 16:56:00-03,"[28,53,80,18]",6.393,1.1487,1992-08-21,R,,1003,"[""martial arts"",""undercover cop"",""police corruption"",""los angeles, california"",""drug lord""]",
13183,Watchmen (2009),"{""latino"":{""url"":""https://ok.ru/videoembed/7562183248516?autoplay=1"",""quality"":""HD""}}",/bQ1fT5xjhFesHqKe1NgY088yOT8.jpg,2026-01-20 12:36:46.193763-03,"[9648,28,878]",7.349,8.797,2009-03-04,R,,166,"[""usa president"",""nuclear war"",""mass murder"",""secret identity"",""narration"",""soviet union"",""melancholy"",""retirement"",""based on comic"",""conspiracy"",""animated scene"",""cynical"",""doomsday"",""masked vigilante"",""doomsday clock"",""red square"",""1980s"",""ironic"",""critical"",""intense"",""ambiguous""]",/hfWsEZRTpqSfzofIhjjy7VL4o61.jpg
13320,Una cara con ángel (1957),"{""subtitulado"":{""url"":""https://ok.ru/videoembed/11624988740282?autoplay=1"",""quality"":""HD""}}",/6BkdZx9HBDSRyvCdmwcB4urS6lW.jpg,2026-02-02 12:35:00-03,"[10402,35,10749]",6.987,3.6725,1957-02-13,NR,,501,"[""dance"",""paris, france"",""photographer"",""intellectual"",""musical"",""beatnik"",""man woman relationship"",""fashion photographer"",""book store"",""eiffel tower, paris"",""fashion show"",""fashion magazine"",""high fashion"",""fashion model"",""fotógrafo"",""women's fashion"",""livraria"",""revista""]",/Ezr1StPIK9xMqXeTNBXbrnbgu4.jpg
13360,Los inmortales: El origen (2007),"{""castellano"":{""url"":""https://ok.ru/videoembed/12279505357438?autoplay=1"",""quality"":""HD""}}",/2sSq2MJy9nMO5owazTu5YNouujt.jpg,2026-03-11 00:11:00-03,"[28,14,12,10770]",4.005,2.9726,2007-09-15,R,,606,"[""beheading"",""revenge"",""murder"",""killer"",""religious cult"",""physical immortality"",""superhuman abilities"",""attempted kidnapping"",""sword fighting"",""unborn baby""]",/oyzdxAn5Z7O6VdRpuuzHC1acAmQ.jpg
13494,Red Sonja (2025),"{""subtitulado"":{""url"":""https://ok.ru/videoembed/12045249743523?autoplay=1"",""quality"":""HD""}}",/aE3yh4y0h96CZZpLo0UDFMWZAA9.jpg,2026-02-04 20:04:00-03,"[12,28,14]",5.7,8.9486,2025-07-31,R,,164,"[""monster"",""swordplay"",""villainess"",""queen"",""talisman"",""based on comic"",""high fantasy"",""female warrior"",""sword and sorcery"",""epic fantasy""]",/xSD0q1FiuZkvHuy7uscOLbmd1hR.jpg
13580,Alto espionaje (1965),"{""castellano"":{""url"":""https://ok.ru/videoembed/12917343455918?autoplay=1"",""quality"":""HD""}}",/lN3PWv6cW22mqXDcgGZgK1Aa2gh.jpg,2026-03-21 12:30:00-03,"[18,53]",7.08,1.5942,1965-12-16,12,,882,"[""library"",""spy"",""cold war"",""grocer"",""iron curtain"",""cynicism"",""whiskey"",""atheist"",""tribunal"",""black and white"",""love affair"",""double cross"",""alcoholic"",""filing"",""credit"",""exhilarated""]",/llwusQFdHmHCWS7jySP2r6bbAIm.jpg
13697,Grand Canyon (El alma de la ciudad) (1991),"{""latino"":{""url"":""https://ok.ru/videoembed/12617753561780?autoplay=1"",""quality"":""HD""}}",/miuiQwcK6VoFgnQsDDixKkaX4Jm.jpg,2026-03-14 23:58:00-03,[18],6.4,1.4372,1991-12-25,R,,915,"[""adultery"",""friendship"",""hope"",""earthquake"",""grand canyon"",""arrest"",""los angeles, california"",""mugger"",""kindness""]",/akWPz9TFPWylcDPknaT9KJZnKSd.jpg
13757,Ritmo y melodía (1948),"{""latino"":{""url"":""https://ok.ru/videoembed/8702123051660?autoplay=1"",""quality"":""HD""}}",/fGzn4lmHMof2dXWfIHOKe42EI6J.jpg,2026-04-07 18:07:00-03,"[16,10402,10751]",6.098,2.0603,1948-05-27,APTA,,767,"[""part live action"",""live action and animation"",""package film""]",/zy7wZp6WEdK4zeVhrw2V5BIbLRy.jpg
13763,Lluvia púrpura (1984),"{""latino"":{""url"":""https://ok.ru/videoembed/12070837357102?autoplay=1"",""quality"":""HD""}}",/40XbXQJDHhyvuIWNAu9jSXDQIXZ.jpg,2026-03-05 22:17:00-03,"[18,10402,10749]",6.695,4.4631,1984-07-27,R,,385,"[""pop star"",""suicide attempt"",""aspiring singer"",""anxious"",""admiring"",""commanding"",""vibrant""]",/s3WFrpZV1QIo8Aao2TaAI5ERUTO.jpg
14021,El pozo (2005),"{""subtitulado"":{""url"":""https://ok.ru/videoembed/12438421179020?autoplay=1"",""quality"":""HD""}}",/mbEtfU4WcwKG84dHpSPJV9KZTqq.jpg,2026-04-03 22:45:00-03,"[27,9648]",6.1,2.2736,2005-02-05,12,,735,"[""cell phone"",""occult""]",/3K0pO55d8GDUyQoyIRVBznKEKFK.jpg
14164,Dragonball (2009),"{""latino"":{""url"":""https://ok.ru/videoembed/2526739958487?autoplay=1"",""quality"":""HD""},""castellano"":{""url"":""https://ok.ru/videoembed/621820250758?autoplay=1"",""quality"":""HD""},""subtitulado"":{""url"":""https://ok.ru/videoembed/621819857542?autoplay=1"",""quality"":""HD""}}",/wMCD0CYAFlVxbP33Xgh7sexhRkC.jpg,2026-01-20 12:36:46.434715-03,"[28,12,14,878,53]",2.937,2.5354,2009-03-12,PG,,675,"[""martial arts"",""superhero"",""karate"",""revenge"",""dragon"",""based on manga"",""martial arts master"",""duringcreditsstinger"",""live action remake"",""dreary"",""ambivalent"",""apathetic"",""apologetic"",""compassionate"",""derisive"",""disrespectful"",""embarrassed"",""modest""]",
14191,Mi amiga la sirena (2006),"{""latino"":{""url"":""https://ok.ru/videoembed/8898933885684?autoplay=1"",""quality"":""HD""}}",/16Oe4Dbkd3XrRpFCOlwRVfnasXJ.jpg,2026-01-20 12:36:46.193763-03,"[14,10749,10751,35]",6.454,4.3704,2006-03-03,PG,,398,"[""mermaid"",""female friendship"",""teen movie"",""best friend"",""teenage love"",""lifeguard"",""woman director""]",
14412,Cuerpos Ardientes (1981),"{""latino"":{""url"":""https://ok.ru/videoembed/12047805581859?autoplay=1"",""quality"":""HD""}}",/8HSnKIlexgzkS5ct87eqJfl0jxb.jpg,2026-03-02 19:24:00-03,"[53,80]",6.97,5.5516,1981-08-28,R,,258,"[""prison"",""infidelity"",""florida"",""smoking"",""femme fatale"",""murder"",""no air conditioning"",""neo-noir"",""erotic thriller"",""heatwave""]",/tbzlVusnd9Yg9PnebWMuNeMw7Sb.jpg
14638,Asesinos (1946),"{""latino"":{""url"":""https://ok.ru/videoembed/11661779929780?autoplay=1"",""quality"":""HD""}}",/bSZm3trxF1zxklsPRQvIhzU3lO7.jpg,2026-03-11 19:42:00-03,"[80,9648,53]",7.344,1.4334,1946-08-30,12,"Legal Drugs, Violence",916,"[""small town"",""new jersey"",""gas station"",""boxer"",""heist"",""femme fatale"",""film noir"",""murder"",""black and white"",""attempted robbery"",""insurance investigator"",""hemingway""]",
14821,La montaña embrujada (1975),"{""latino"":{""url"":""https://ok.ru/videoembed/13171101665827?autoplay=1"",""quality"":""HD""}}",/jmHujUOPYfe4Sb717MA1qYHsqG2.jpg,2026-04-03 22:19:00-03,"[12,14,878,10751]",6.4,1.789,1975-03-21,G,,831,"[""flying car"",""helicopter"",""attempt to escape"",""car crash"",""telekinesis"",""based on children's book"",""mysterious"",""orphan siblings"",""exuberant""]",/3m45wVVHCX6iIKFHG6NBd3TkRHZ.jpg
14911,Bat 21 (1988),"{""latino"":{""url"":""https://ok.ru/videoembed/11829074463267?autoplay=1"",""quality"":""HD""}}",/tiwhsOX3zm9QGfdFK4IfrGvZWJj.jpg,2026-02-26 15:40:00-03,"[28,10752,18]",6.333,1.1142,1988-07-21,R,,1011,"[""vietnam war"",""vietnam"",""based on novel or book""]",/gKpOQOazSJHBZUQh1BkNNaocq8S.jpg
15096,A 20 millones de millas de la Tierra (1957),"{""latino"":{""url"":""https://ok.ru/videoembed/2392657431089?autoplay=1"",""quality"":""HD""}}",/aY0kMZ30wITxzHu7VKhy0vv9Yi4.jpg,2026-03-27 20:10:00-03,"[878,27]",6.2,1.3373,1957-06-01,12,,954,"[""elephant"",""rome, italy"",""colosseum"",""italy"",""sicily, italy"",""military officer"",""space travel"",""stop motion"",""black and white"",""military"",""venus the planet"",""scientific expedition"",""alien monster"",""space exploration"",""monster movie"",""extraterrestrial animal"",""spaceship crash"",""woman medical student"",""lone survivor""]",/pvNE91iHqQlowSOwKHXgWV0gCaM.jpg
15121,Sonrisas y lágrimas (1965),"{""latino"":{""url"":""https://ok.ru/videoembed/7036326382296?autoplay=1"",""quality"":""HD""},""subtitulado"":{""url"":""https://ok.ru/videoembed/2000329181827?autoplay=1"",""quality"":""HD""}}",/m1NMxd9xugcnapQNTRHxlmvhpaW.jpg,2026-02-03 15:58:00-03,"[18,10751,10402,10749]",7.729,8.0349,1965-03-29,G,,173,"[""resistance"",""musical"",""austria"",""based on true story"",""music competition"",""based on play or musical"",""alps mountains"",""governess"",""convent (nunnery)"",""postulant"",""novice"",""puppet show"",""nun in love"",""nazi occupation"",""1930s"",""raising children"",""cheerful"",""comforting"",""joyful"",""salzburg, austria"",""pre world war ii"",""rise of nazism"",""escape from fascism"",""governanta""]",/y9M9xO78SHf43pK5TOgfOeQRHXj.jpg
15173,Jonah: A VeggieTales Movie (2002),"{""latino"":{""url"":""https://ok.ru/videoembed/6762282486446?autoplay=1"",""quality"":""HD""}}",/xJ6ImpQIqZxBh4eE2813ljQ0TQ3.jpg,2026-04-09 00:57:00-03,"[12,16,35,10751,10402]",6.3,0.9936,2002-10-04,G,,1056,"[""whale"",""forgiveness"",""musical"",""revenge"",""repentance"",""prophet"",""pirate"",""compassion"",""story within the story"",""mercy"",""eaten by animal"",""christian film"",""nineveh""]",/f02gitQgX3QocVeeqgak8U6LZB4.jpg
15482,El retorno de los tomates asesinos (1988),"{""latino"":{""url"":""https://ok.ru/videoembed/12214810053155?autoplay=1"",""quality"":""HD""}}",/gO6mxCEMcyP6teOQb32Yvq9ERCA.jpg,2026-03-07 21:38:00-03,"[35,27,878]",5.6,0.8888,1988-04-22,,,1107,"[""tomato"",""mad scientist"",""sequel"",""spoof"",""self-referential"",""world domination"",""tomate""]",
15648,El hombre perfecto (2005),"{""latino"":{""url"":""https://ok.ru/videoembed/7303536118333?autoplay=1"",""quality"":""HD""}}",/4gPtEAJten738rMVSfCRfSjHrjG.jpg,2026-02-14 18:24:00-03,"[35,18,10751,10749]",6.143,1.9874,2005-06-17,PG,,785,"[""high school"",""adolescence"",""mother"",""e-mail"",""man woman relationship"",""romance"",""single"",""suitor"",""matchmaking"",""teen movie"",""relationship"",""single mother"",""family"",""secret admirer"",""online dating"",""catfishing"",""perfect man"",""mother daughter relationship"",""romantic""]",/jOmtQf0U1n0cuuahsPBGxR5lXvE.jpg
15734,¡Chicas! ¡Chicas! ¡Chicas! (1962),"{""latino"":{""url"":""https://ok.ru/videoembed/12410654296611?autoplay=1"",""quality"":""HD""}}",/41NoayYsUD4LPv586apJxl0iNzf.jpg,2026-03-12 21:26:00-03,"[35,10402,10749]",5.338,1.4001,1962-11-21,PG,,926,[],
15942,A fondo (2008),"{""castellano"":{""url"":""https://ok.ru/videoembed/11739977288366?autoplay=1"",""quality"":""HD""}}",/3cjUXR3CkcTKy8HmoKLRVuz8yNm.jpg,2026-01-26 17:19:00-03,"[18,28,80]",5.906,1.0881,2008-10-01,16,,1023,"[""police"",""revenge"",""marijuana""]",
15947,Los tres caballeros (1944),"{""latino"":{""url"":""https://ok.ru/videoembed/9314104838710?autoplay=1"",""quality"":""1080P""}}",/5yNXIxsgXetIBm1AkLd7nf42xoG.jpg,2026-04-10 18:23:00-03,"[16,10751,10402]",6.267,2.2159,1944-12-21,G,,747,"[""mexico"",""parrot"",""salvador de bahia, brazil"",""travel"",""south-of-the-border"",""rooster"",""south america"",""pinata"",""cartoon duck"",""live action and animation"",""latin america"",""brazil"",""absurd"",""package film""]",/kcWYiBWej3JdYbGEVaKYAQGfqYp.jpg
15997,En busca del valle encantado 2: Aventuras en el gran valle (1994),"{""latino"":{""url"":""https://ok.ru/videoembed/9574530419254?autoplay=1"",""quality"":""HD""}}",/1lC7oGqh9zhd55W4naq1niu6Z1M.jpg,2026-04-10 18:34:00-03,"[16,12,10751]",6.3,2.0204,1994-12-12,G,,777,"[""triceratops"",""brontosaurus"",""tyrannosaurus rex"",""spinosaurus"",""dinosaur""]",/8Db2ogq0e4UepMMxwqdv79YJMNq.jpg
16263,Las chicas sólo quieren divertirse (1985),"{""latino"":{""url"":""https://ok.ru/videoembed/4762454985381?autoplay=1"",""quality"":""HD""}}",/zEaZXXLkSAqbiJsoyXBUXrmP2IL.jpg,2026-01-20 12:36:46.434715-03,"[35,10751,10402,10749]",6.1,2.2436,1985-04-12,PG,,740,"[""chicago, illinois"",""dancing"",""dance competition"",""catholic school""]",/5aeKCg63dFF3uX1Yy5Rn9lao438.jpg
16441,El Señor De Las Bestias (1982),"{""latino"":{""url"":""https://ok.ru/videoembed/12919490677283?autoplay=1"",""quality"":""HD""}}",/mvXnBvdjhe0l7enaeoJJrEHRWGj.jpg,2026-03-26 20:45:00-03,"[14,12,28]",6.3,2.6194,1982-08-16,PG,,666,"[""sacrifice"",""magic"",""sword"",""tiger"",""pregnancy"",""sorcery"",""sword fight"",""murder"",""severed head"",""massacre"",""battle"",""animals"",""witchcraft"",""dead dog"",""sword and sorcery""]",/zHTnieWaWlObW2wLQO3ePkwHlom.jpg
16642,Días del cielo (1978),"{""subtitulado"":{""url"":""https://ok.ru/videoembed/11669415856726?autoplay=1"",""quality"":""HD""}}",/t0omyXIvd4sY4sbsvOc6uqOFpwe.jpg,2026-02-01 17:07:00-03,"[18,10749]",7.477,3.4509,1978-09-13,PG,,535,"[""chicago, illinois"",""farm"",""husband wife relationship"",""love triangle"",""texas"",""marriage"",""field"",""love"",""poverty"",""class differences"",""farmer"",""jealous husband"",""harvest"",""relaxed"",""ambiguous""]",
16643,Life or Something Like It (2002),"{""latino"":{""url"":""https://ok.ru/videoembed/7383540107837?autoplay=1"",""quality"":""HD""}}",/erJk4VHfouIn5rkFBXgRheMddhl.jpg,2026-02-14 18:18:00-03,"[35,18,10749]",5.682,3.0657,2002-04-24,PG-13,,594,"[""prophecy"",""homeless man"",""meaning of life""]",/AwkaTlvHAc5qQksrXg982CWMkYJ.jpg
16889,La venganza de los nerds II: Los nerds en el paraíso (1987),"{""latino"":{""url"":""https://ok.ru/videoembed/7045505354456?autoplay=1"",""quality"":""HD""}}",/q1Xo5lz8UCSnwEpNvf8AAgGhv1X.jpg,2026-03-11 20:06:00-03,[35],5.603,4.2021,1987-07-10,PG-13,,419,"[""nerd"",""vacation"",""jock"",""frame up"",""defector""]",/vlQmG535T1De6ImZHjFhgbmDmrn.jpg
17365,El último testigo (1974),"{""castellano"":{""url"":""https://ok.ru/videoembed/12685776390910?autoplay=1"",""quality"":""HD""}}",/lxqzKJ14rloqN3E9IU8zQ7dh2T0.jpg,2026-03-22 23:05:00-03,"[80,18,53]",6.834,1.7496,1974-06-14,R,,841,"[""assassination"",""corruption"",""based on novel or book"",""politics"",""seattle, washington"",""senator"",""conspiracy"",""reporter"",""los angeles, california"",""political assassination"",""montage"",""film within a film""]",/mEe72r1nzjlgZuE9AFey4EQE74c.jpg
17473,The Room (2003),"{""subtitulado"":{""url"":""https://ok.ru/videoembed/9462914878013?autoplay=1"",""quality"":""HD""}}",/inZ3SZWOAvEbANVzeudJtTNPVo1.jpg,2026-02-14 18:04:00-03,"[18,10749]",3.978,3.3611,2003-06-27,R,,550,"[""infidelity"",""san francisco, california"",""american football"",""friends"",""slice of life"",""drug pusher"",""relationship"",""love affair"",""gold digger"",""semi autobiographical"",""playful"",""absurd"",""ridiculous""]",/6OnOH5FIp0ZJQgPlu0ehDfXzVyp.jpg
17609,Anticristo (2009),"{""subtitulado"":{""url"":""https://ok.ru/videoembed/9057131891368?autoplay=1"",""quality"":""HD""}}",/7dZolgPm00vOd7RxWOMf94pA67J.jpg,2026-03-06 16:23:00-03,"[18,27,53]",6.624,3.7122,2009-05-20,C,,492,"[""depression"",""suffering"",""therapist"",""symbolism"",""marriage"",""masochism"",""controversy"",""woods"",""god"",""cabin"",""psychological thriller"",""torture"",""fear"",""cruelty"",""nature"",""masturbation"",""guilt"",""occult"",""self mutilation"",""grieving"",""motherhood"",""pretentious""]",/utABPVjXBlM8NUOBecCyLLuzQSe.jpg
17738,The Condor (2007),"{""subtitulado"":{""url"":""https://ok.ru/videoembed/14049792363021?autoplay=1"",""quality"":""1080P""}}",/bch7Q6VyaedoMzKlTdyD1u0qFhW.jpg,2026-04-21 22:51:00-03,"[28,12,16,14]",4.3,0.8697,2007-03-21,PG,,1115,[],/ugiyHRFor4Ngb5QHLm17bwYNhmO.jpg
17774,El tren de la muerte (2002),"{""latino"":{""url"":""https://ok.ru/videoembed/12116011715250?autoplay=1"",""quality"":""HD""}}",/fdSKmy4cfFsYNNFOrQYS4hxtj6.jpg,2026-02-24 12:36:00-03,"[28,53]",5.16,1.0225,2002-05-19,16,,1044,"[""martial arts"",""biological weapon"",""chase"",""anti hero"",""betrayal"",""train"",""terrorism"",""explosion"",""train explosion"",""government agent"",""runaway train"",""action hero""]",/dteOfLObqADjRmWVenb0CDb1qVu.jpg
17801,La Carta (1940),"{""subtitulado"":{""url"":""https://ok.ru/videoembed/11045598530216?autoplay=1"",""quality"":""HD""}}",/7gj3hIcO7c41haowqIQFtKP0SbK.jpg,2026-02-07 19:46:00-03,"[80,18]",7.27,1.0423,1940-11-21,NR,,1038,"[""based on novel or book"",""singapore"",""plantation"",""letter"",""film noir"",""murder"",""malaya"",""murder suspect""]",/o03816KjEc3SzqP93xamC44xrOL.jpg
17898,Bala de Plata (1985),"{""latino"":{""url"":""https://ok.ru/videoembed/9640141785655?autoplay=1"",""quality"":""HD""}}",/oUCYAD0NF5MGiZnNDVLqnssxiRx.jpg,2026-03-25 21:34:00-03,[27],6.6,2.4104,1985-10-10,R,,701,"[""based on novel or book"",""maine"",""werewolf""]",/2ptSJvAbWRS23Ip3NCj6V65om3k.jpg
18196,La centinela (1977),"{""subtitulado"":{""url"":""https://ok.ru/videoembed/12138444163747?autoplay=1"",""quality"":""HD""}}",/opI5fzqlbbE4WMSspwZe2XgKC42.jpg,2026-02-07 13:42:00-03,"[27,9648,14]",6.1,1.3873,1977-01-07,R,,932,"[""based on novel or book"",""italy"",""secret society"",""hell"",""priest"",""hellgate"",""lawyer"",""church"",""model"",""demon"",""police detective"",""crucifix"",""brooklyn, new york city"",""occult"",""murder investigation"",""shocking"",""hopeless"",""foreboding"",""frightened"",""horrified"",""ominous""]",
18228,Amor en Hawai (1961),"{""latino"":{""url"":""https://ok.ru/videoembed/11987936938531?autoplay=1"",""quality"":""HD""}}",/ycfTBVoefr1oDxwd9aQWN0xCiJQ.jpg,2026-02-28 10:50:00-03,"[10402,35,10749]",5.9,1.3514,1961-11-22,PG,,951,"[""hawaii"",""musical"",""romcom"",""tiki culture""]",
18239,Crepúsculo: Luna nueva (2009),"{""latino"":{""url"":""https://ok.ru/videoembed/4411748715223?autoplay=1"",""quality"":""HD""}}",/l5lF8VHTO5QKObAKE3Wp2QQfGZJ.jpg,2026-02-28 13:31:00-03,"[12,14,18,10749]",5.992,9.7423,2009-11-18,+13,,156,"[""moon"",""based on novel or book"",""vampire"",""teen movie"",""werewolf"",""interspecies romance"",""based on young adult novel"",""supernatural power"",""good versus evil"",""vampire human love""]",/dF2c20sRDgySZLaLS2OUerL07sz.jpg
18248,El Forastero (2003),"{""latino"":{""url"":""https://ok.ru/videoembed/7471809825341?autoplay=1"",""quality"":""HD""}}",/esfi6vzwvq5M6H5OisFvG58mSvt.jpg,2026-02-24 12:33:00-03,"[28,53]",3.96,1.0932,2003-06-01,R,,1021,"[""van"",""martial arts"",""assassin"",""chase"",""bratva (russian mafia)"",""spy"",""secret agent"",""fistfight"",""revenge"",""terrorism"",""one man army"",""package"",""action hero""]",
18274,Ranas (1972),"{""latino"":{""url"":""https://ok.ru/videoembed/6600349387350?autoplay=1"",""quality"":""HD""},""subtitulado"":{""url"":""https://ok.ru/videoembed/5186019265110?autoplay=1"",""quality"":""HD""}}",/3MWkDNznnmOQ2Bs86FRGpS6GpFg.jpg,2026-03-13 13:44:00-03,[27],4.708,1.4232,1972-03-10,PG,,922,"[""florida"",""island"",""pollution"",""human vs nature"",""snake"",""photographer"",""poison"",""independence"",""leech"",""wheelchair"",""spider"",""animal attack"",""alligator"",""greenhouse"",""turtle"",""lizard"",""bird attack"",""nature"",""snake bite"",""butterfly"",""fourth of july"",""eco-horror"",""natural horror""]",/rVjkmGfhU8q4d9hXsq3612bEtwI.jpg
18410,Proyecto X (1987),"{""latino"":{""url"":""https://ok.ru/videoembed/4653028805336?autoplay=1"",""quality"":""HD""}}",/ruM3PUf5HxUxJxyhlTcbb9zNjWB.jpg,2026-03-11 20:13:00-03,"[18,35]",6.3,1.539,1987-04-17,PG,,896,"[""chimp"",""laboratory"",""chimpanzee"",""sign languages"",""secret military program"",""animal research""]",/kC0QK1s6kx6jTxzPPaWwo3BRRr6.jpg
18612,Horas desesperadas (1955),"{""subtitulado"":{""url"":""https://ok.ru/videoembed/11080467548840?autoplay=1"",""quality"":""HD""}}",/yW9S2jc4elEeNfzwXhm5sF9GTCV.jpg,2026-02-07 19:32:00-03,"[80,53]",7,1.0131,1955-10-05,14,,1048,"[""hostage"",""indianapolis"",""suburbia"",""escaped convict"",""film noir"",""home invasion"",""family hostage""]",
18627,El hijo de Godzilla (1967),"{""latino"":{""url"":""https://ok.ru/videoembed/3978829499012?autoplay=1"",""quality"":""HD""}}",/3S6oRnmFiyptw0gJyLJlsfy34aL.jpg,2026-02-13 23:59:00-03,"[12,10751,878]",6.439,2.6507,1967-12-16,PG,,658,"[""island"",""monster"",""son"",""cave"",""giant monster"",""giant spider"",""weather manipulation"",""sequel"",""tropical island"",""gojira"",""kaiju"",""praying mantis"",""monster island"",""native"",""godzilla"",""tropical forest"",""tokusatsu""]",/zH0QbrAMByhIN772pfXM0ax7tRa.jpg
18639,Estrella de fuego (1960),"{""latino"":{""url"":""https://ok.ru/videoembed/12214001404451?autoplay=1"",""quality"":""HD""}}",/rkbnb4ReDNf6zH1GUure6rZE7t3.jpg,2026-03-07 21:31:00-03,[37],6.5,1.005,1960-12-20,PG,,1051,"[""native american""]",/92Y6t9Pv5fi9YpCd1TwtX9i4onN.jpg
18642,Café Europa en uniforme (G.I. Blues) (1960),"{""latino"":{""url"":""https://ok.ru/videoembed/12410654231075?autoplay=1"",""quality"":""HD""}}",/a0umGItnIkcfzPyoR0gK2dVspy3.jpg,2026-03-12 21:20:00-03,"[10402,35,10749]",6.52,1.0778,1960-11-23,PG,,1027,"[""army"",""nightclub"",""musical""]",/T8CnFIktl0CZ8X0RODnfofJuNN.jpg
18643,En pos de un sueño (1962),"{""latino"":{""url"":""https://ok.ru/videoembed/12410654165539?autoplay=1"",""quality"":""HD""}}",/O22IZpcEfcqAiQdFxDkeW7fKWv.jpg,2026-03-12 21:06:00-03,[35],6.1,0.912,1962-04-11,NR,,1092,"[""highway"",""homestead""]",/c8XDDDiJ9pkbxCoIUEB6jIs3ArG.jpg
18682,Loco por las muchachas (1965),"{""latino"":{""url"":""https://ok.ru/videoembed/11753113717283?autoplay=1"",""quality"":""HD""}}",/yV94nlhMIoNZMLb6Gk9wdNUSuOS.jpg,2026-02-26 13:59:00-03,"[35,10402,10749]",6.4,3.4811,1965-04-01,NR,,528,"[""spring break"",""rock singer"",""metrocolor""]",/7IVPxy9v0exnYRgoWNI2EiHGyXz.jpg
18686,"Live a Little, Love a Little (1968)","{""latino"":{""url"":""https://ok.ru/videoembed/11920486566435?autoplay=1"",""quality"":""HD""}}",/2qiDzE7RcfNFBUHZKM5lV3cusfH.jpg,2026-02-26 16:02:00-03,"[35,10402,10749]",5.5,0.4695,1968-10-23,PG,,1260,"[""fashion photographer"",""model"",""metrocolor""]",/fhFB8q6SQXmWnXAfmEBOso14XEo.jpg
18691,Frankie y Johnny (1966),"{""latino"":{""url"":""https://ok.ru/videoembed/11788793874979?autoplay=1"",""quality"":""HD""}}",/fOIcphHzlGhaq9MXJJGAjdSFGQZ.jpg,2026-03-09 21:02:00-03,"[35,10402,10749]",5.647,1.6333,1966-03-31,NR,,872,"[""riverboat""]",/apiaZnjqu6G5xPBbsyr3M5nqgZs.jpg
18770,Treinta segundos sobre Tokio (1944),"{""latino"":{""url"":""https://ok.ru/videoembed/12350109911587?autoplay=1"",""quality"":""HD""}}",/we4Vy4ujR1qboMQ3wUpRCepPHTw.jpg,2026-03-11 11:58:00-03,"[10752,18]",6.629,1.3948,1944-11-15,NR,,928,"[""secret mission"",""world war ii"",""lieutenant"",""tokyo, japan"",""bomber pilot"",""dangerous mission"",""imperial japan"",""comradeship"",""expectant parents"",""pensacola, florida"",""u.s. army air corpsmen"",""b25 bomber""]",/xnf9zh6Ptxc7SU5Lt08LIPc68u8.jpg
18882,Man-Thing - La naturaleza del miedo (2005),"{""subtitulado"":{""url"":""https://ok.ru/videoembed/11921451911820?autoplay=1"",""quality"":""HD""}}",/5ZSmHFIgf00WFs0s1tiaqaXnze7.jpg,2026-03-05 13:51:00-03,"[28,27,12,878,10749]",4.312,0.9261,2005-04-21,R,,1086,"[""hero"",""monster"",""superhero"",""swamp"",""based on comic""]",
18974,Los viajes de Gulliver (1960),"{""castellano"":{""url"":""https://ok.ru/videoembed/11435730406003?autoplay=1"",""quality"":""HD""}}",/9GsNRkp5lPtZJ4AMprK102waEar.jpg,2026-01-24 18:15:00-03,"[10402,12,14,35,10751]",6.6,0.5639,1960-11-30,B-15,,1230,"[""shrinking""]",/zRKr3JVlzA0MH4NicexFZm6aIX9.jpg
18993,La Isla Misteriosa (1961),"{""subtitulado"":{""url"":""https://ok.ru/videoembed/12101075995299?autoplay=1"",""quality"":""HD""}}",/gib6YHCsnq1s5ZGJu8bhtqE4EsS.jpg,2026-02-20 18:56:00-03,"[12,878]",6.6,1.7287,1961-12-19,12,,849,"[""exotic island"",""based on novel or book"",""submarine"",""escape"",""war correspondent"",""jules verne"",""cave"",""hot air balloon"",""beehive"",""giant insect"",""romance"",""giant bird"",""stranded"",""marooned"",""pirate"",""struggle for survival"",""giant animal"",""confederate soldier"",""escaped prisoner"",""cooperation"",""american civil war"",""noblewoman"",""prison break"",""captain nemo"",""giant crab"",""volcanic island"",""ammonite"",""food supply"",""union soldiers"",""anti-war activist"",""atomic power"",""superdynamation""]",/iPcAAV7D49lTqm9mLA7w6Ysz5mh.jpg
19426,Las noches de Cabiria (1957),"{""latino"":{""url"":""https://ok.ru/videoembed/11056201271976?autoplay=1"",""quality"":""HD""}}",/3SeL03QzrnOHkybPOTI9Jpzhu2F.jpg,2026-01-26 20:50:00-03,[18],7.988,1.5313,1957-10-03,A,,899,"[""rome, italy"",""optimism"",""house"",""poverty"",""prostitution"",""heartbreak"",""rescue from drowning"",""ostia italy"",""shrine"",""hypnotist"",""railway station"",""starving"",""accountant""]",
19596,Sueños eléctricos (1984),"{""latino"":{""url"":""https://ok.ru/videoembed/11472168553100?autoplay=1"",""quality"":""HD""}}",/6Zp2w5RfoAViW5cdjfdHHMw9MoF.jpg,2026-02-20 18:59:00-03,"[10749,10402,878,35]",6.299,1.7502,1984-07-20,PG,,840,"[""artificial intelligence (a.i.)"",""computer"",""architect"",""cello"",""romcom"",""human vs computer"",""romantic rival"",""independent film""]",/bMLQAoEtRMi36wq66qXyJ17yVQd.jpg
19659,Yamato (2005),"{""subtitulado"":{""url"":""https://ok.ru/videoembed/9975522396774?autoplay=1"",""quality"":""HD""}}",/4sFTaYzyqarPiZ0l6KHtm7GoYia.jpg,2026-03-26 20:26:00-03,"[10752,36]",5.4,2.5416,2005-12-17,18,,674,"[""world war ii"",""pacific war"",""naval warfare""]",/1Vx4ewBt7ezYaEdjkeAgG64myOh.jpg
19761,Saturno 3 (1980),"{""castellano"":{""url"":""https://ok.ru/videoembed/11253410368154?autoplay=1"",""quality"":""HD""}}",/eaMnHse1z7FIhiBH4WS2ElFEPkr.jpg,2026-03-06 19:48:00-03,"[878,53]",5.262,1.1622,1980-02-15,R,,999,"[""spacecraft"",""moon"",""chess"",""tattoo"",""cyborg"",""killer robot"",""space travel"",""saturn"",""murder"",""rampage"",""transhumanism"",""robot"",""scientist"",""drugs"",""space station"",""dismemberment"",""hydroponics"",""android horror""]",/QJkAxxvQEgXs6K4H5nW8DkNfal.jpg
19840,La noche de su vida (2009),"{""latino"":{""url"":""https://ok.ru/videoembed/4160928156314?autoplay=1"",""quality"":""HD""}}",/hjvNdSFr36epusgDf1myO2xG4yD.jpg,2026-01-20 12:36:46.434715-03,"[35,10749]",6,1.9783,2009-07-10,PG-13,,789,"[""virgin"",""high school"",""based on novel or book"",""affectation"",""cheerleader"",""graduation"",""aspen"",""friends"",""in the closet"",""aggressive"",""candid"",""popular girl"",""based on young adult novel"",""anxious"",""admiring"",""adoring"",""ambiguous"",""apathetic"",""apologetic""]",
20139,La calumnia (1961),"{""subtitulado"":{""url"":""https://ok.ru/videoembed/11039717526184?autoplay=1"",""quality"":""HD""}}",/dfsUNwOBKvSWyjpg8TyR6nEr5k8.jpg,2026-01-25 10:08:00-03,[18],7.662,1.089,1961-12-19,NR,,1022,"[""suicide"",""falsely accused"",""female friendship"",""girls' boarding school"",""based on play or musical"",""teacher"",""lesbian relationship"",""black and white"",""lgbt"",""rumor"",""libel suit"",""depressed woman"",""queer"",""girls' school"",""devastating""]",/6jQDj5zYsK6EB3ZLJ0dtBhR37S2.jpg
20481,Razas de Noche (1990),"{""latino"":{""url"":""https://ok.ru/videoembed/2708544424594?autoplay=1"",""quality"":""HD""}}",/ta5LWhJftW9II2D5VunD2ZUU0lS.jpg,2026-03-09 20:43:00-03,"[27,14]",6.368,3.3112,1990-02-16,R,,559,"[""monster"",""escape"",""supernatural"",""serial killer"",""dark fantasy""]",/vt7ZQ38ZLOpq63DXu7pi3Rf5T24.jpg
20567,Sex and Fury (1973),"{""subtitulado"":{""url"":""https://ok.ru/videoembed/11220454607528?autoplay=1"",""quality"":""HD""}}",/d5We6S4lTrAohEdIXwQnTytzmGg.jpg,2026-02-02 14:39:00-03,"[28,80]",6.1,1.7612,1973-02-17,,,837,"[""corruption"",""eroticism"",""sword fight"",""revenge"",""murder"",""tragic love"",""female yakuza"",""pink film"",""meiji period"",""ambiguous"",""任侠""]",
20980,Cielo líquido (1982),"{""subtitulado"":{""url"":""https://ok.ru/videoembed/11674737117782?autoplay=1"",""quality"":""HD""}}",/qrIMhIMLhLYHMqmWftKlZRApeCh.jpg,2026-02-01 05:52:00-03,"[878,35,53]",5.79,1.2722,1982-08-01,R,,970,"[""rape"",""heroin"",""bisexuality"",""cocaine"",""punk rock"",""alien"",""androgyny"",""drugs"",""fashion"",""disco"",""gay theme""]",
21032,Balto: La leyenda del perro esquimal (1995),"{""latino"":{""url"":""https://ok.ru/videoembed/9354375662134?autoplay=1"",""quality"":""1080P""}}",/dCVcdb5oxDizqFLz0F7TE60NoC9.jpg,2026-04-10 18:24:00-03,"[10751,16,12,18,36]",7.301,3.4554,1995-12-22,G,Fear,532,"[""wolf"",""pet"",""cartoon"",""villain"",""dog-sledding race"",""alaska"",""dog"",""goose"",""bear attack"",""dog sled"",""cartoon wolf"",""pets"",""cartoon animal""]",/hljMglukfpnfaNmUgMuORmL4OVW.jpg
21158,Un extraño está mirando (1982),"{""subtitulado"":{""url"":""https://ok.ru/videoembed/11308324424278?autoplay=1"",""quality"":""HD""}}",/oR5pmMjly2pR0XfpTDzKKTX8knz.jpg,2026-02-01 15:12:00-03,"[18,27,53]",4.477,0.3374,1982-10-28,R,,1302,"[""new york city"",""rape"",""ransom"",""kidnapping"",""subway"",""little girl""]",/hFaiGgJVQoqhGuYkTglPYgxkwHe.jpg
21191,Sin nombre (2009),"{""latino"":{""url"":""https://ok.ru/videoembed/10324165331552?autoplay=1"",""quality"":""HD""}}",/dubZwiGWp6TwYNGYtyGEUC7XAin.jpg,2026-03-30 22:55:00-03,"[18,28,53,80]",7.599,3.5298,2009-03-20,R,,510,"[""rape"",""street gang"",""river"",""shower"",""child murder"",""freight train"",""illegal immigration"",""kiss"",""honduras"",""travel"",""gang"",""mexican border""]",/dPJ6Phs6crwoVXiLHntQk2lHz2T.jpg
21380,Apocalipsis caníbal (1980),"{""latino"":{""url"":""https://ok.ru/videoembed/11789281462870?autoplay=1"",""quality"":""HD""}}",/sabXTGjTfS5lGQLkUETOfVAb7w3.jpg,2026-01-31 08:11:00-03,"[27,878]",5.36,0.8095,1980-11-17,NR,,1130,"[""nuclear power plant"",""zombie"",""video nasty"",""chemical disaster""]",
21484,La posesión (1981),"{""castellano"":{""url"":""https://ok.ru/videoembed/11837106096726?autoplay=1"",""quality"":""HD""},""subtitulado"":{""url"":""https://ok.ru/videoembed/11837105637974?autoplay=1"",""quality"":""HD""}}",/4NB75ISFGrEAvAd8zFV72ceM3c8.jpg,2026-02-02 15:57:00-03,[27],7.3,6.215,1981-05-27,18,,226,"[""adultery"",""berlin, germany"",""monster"",""police"",""marriage crisis"",""germany"",""berlin wall"",""obsession"",""investigation"",""gore"",""hysteria"",""teacher"",""murder"",""domestic abuse"",""serial killer"",""domestic violence"",""motorcycle"",""tentacle"",""miscarriage"",""separation"",""extramarital affair"",""mental illness"",""private detective"",""spiral staircase"",""doppelgänger"",""dual role"",""marital separation"",""video nasty"",""breakdown"",""downward spiral"",""impending divorce"",""depressing"",""frustrated""]",/zfw3fcF7d4KcWYEvps4zUfl303b.jpg
21612,El funeral (1996),"{""castellano"":{""url"":""https://ok.ru/videoembed/7289992645206?autoplay=1"",""quality"":""HD""}}",/sHbJbr6BvVwRJhliiX1PKPERejO.jpg,2026-02-02 08:31:00-03,"[80,18]",6.8,1.0152,1996-01-26,R,,1047,"[""new york city"",""strike"",""funeral"",""gun"",""bedroom"",""bartender"",""great depression"",""trade union"",""flashback"",""revenge"",""murder"",""mafia"",""corpse"",""catholic"",""madness"",""1930s""]",
21619,King of the Ants (2004),"{""latino"":{""url"":""https://ok.ru/videoembed/11459846539811?autoplay=1"",""quality"":""HD""}}",/bFsxsZlEDo1rMemCLZiR06z9YlF.jpg,2026-03-05 12:45:00-03,"[80,18,53]",5.841,0.7138,2004-07-28,16,,1172,"[""based on novel or book"",""nightmare"",""golf"",""hallucination"",""revenge"",""murder"",""drifter"",""brutality"",""desert"",""bludgeoning"",""contract killer"",""accountant""]",/xcfpiUV5APngRXoivL11mkcDVSf.jpg
21793,Alvin y las Ardillas alrededor del mundo (1987),"{""latino"":{""url"":""https://ok.ru/videoembed/9571742059062?autoplay=1"",""quality"":""1080P""}}",/3VdK0cO2tEdzR8WGnDQbtNixoVk.jpg,2026-04-10 18:32:00-03,"[16,10751,12,35,10402]",6.8,2.1945,1987-05-22,G,,750,"[""sibling relationship"",""single parent"",""rome, italy"",""journey around the world"",""arabian"",""penguin"",""shark attack"",""hot air balloon"",""musical"",""babysitter"",""poodle"",""child in peril"",""chipmunk"",""undercover cop"",""criminal syndicate"",""sibling"",""reckless driving"",""child marriage"",""woman director"",""underwater threat"",""swimming underwater"",""child prisoner"",""brother sister relationship"",""sister sister relationship"",""brother brother relationship"",""diamond trader"",""parent child reunion"",""alvin"",""children in danger"",""diamond smugglers"",""older sister younger brother""]",/ung9i4OVPj3keSAAjzbtI4xRdTi.jpg
21970,Ojos en el Bosque (1980),"{""latino"":{""url"":""https://ok.ru/videoembed/12230583257740?autoplay=1"",""quality"":""HD""},""subtitulado"":{""url"":""https://ok.ru/videoembed/11536522545827?autoplay=1"",""quality"":""HD""}}",/8d1XQB8L5LhNDTQ4qWQyGlWBcuH.jpg,2026-04-07 16:32:00-03,"[14,27,53]",5.9,2.3311,1980-04-17,PG,,725,"[""countryside"",""country house"",""supernatural"",""solar eclipse"",""haunted house"",""past"",""based on young adult novel""]",/fEHTB66DuJFV1taEq2DOMGL08Pz.jpg
22072,La Silla del Diablo (2007),"{""latino"":{""url"":""https://ok.ru/videoembed/12916670073379?autoplay=1"",""quality"":""HD""}}",/2aJdvv488VkSEtCefQzaSw7oDQo.jpg,2026-03-26 20:52:00-03,"[27,53]",3.9,0.637,2007-01-01,,,1205,[],/4cTzdG8yJeX1eA9ZxijYnYSKr01.jpg
22881,Un sueño posible (2009),"{""latino"":{""url"":""https://ok.ru/videoembed/2736201140936?autoplay=1"",""quality"":""HD""},""castellano"":{""url"":""https://ok.ru/videoembed/7703672195631?autoplay=1"",""quality"":""HD""}}",/uDZJph23idOLBmImnuaZBlF3TgP.jpg,2026-01-20 12:36:46.434715-03,[18],7.668,5.1229,2009-11-20,PG-13,,292,"[""sports"",""american football"",""adoption"",""private school"",""education"",""based on true story"",""memphis, tennessee"",""duringcreditsstinger"",""christian"",""high school american football""]",/5P6hWD4zxAMntRuRnB4MmPLijNw.jpg
22970,La cabaña en el bosque (2012),"{""latino"":{""url"":""https://ok.ru/videoembed/2720199805637?autoplay=1"",""quality"":""HD""}}",/40Sjxp3rXLC3UV2Wbgxxu4HwMJK.jpg,2026-01-20 12:36:45.887344-03,"[27,9648,35]",6.642,6.5743,2012-04-12,16,,213,"[""giant snake"",""school party"",""motorcycle crash"",""abandoned house"",""woods"",""marijuana"",""cabin"",""apocalypse"",""zombie"",""werewolf"",""creature"",""cabin in the woods"",""video wall"",""speaker phone"",""young adult"",""college student"",""lovecraftian"",""everyone dies""]",/dWLoSzvw52y1gt7ni9gZXdy693e.jpg
23069,Benji (1974),"{""latino"":{""url"":""https://ok.ru/videoembed/2662324767305?autoplay=1"",""quality"":""1080P""}}",/aSowNmq4bZrmfazhQBePyNF8A2E.jpg,2026-04-10 18:45:00-03,"[12,10751,10749]",6.3,1.7154,1974-10-17,G,,854,"[""rescue"",""hostage"",""affection"",""dog"",""benji"",""pets"",""dog hero""]",/pJK178eWhEanZ6nrxdlNZmoktbK.jpg
23111,Moscú en Nueva York (1984),"{""latino"":{""url"":""https://ok.ru/videoembed/4690203183832?autoplay=1"",""quality"":""4K""}}",/tyem7MtDB5M9EAmzedNiXNkNoLg.jpg,2026-03-11 20:11:00-03,"[35,18,10749]",6.269,1.6692,1984-04-06,R,,866,"[""american dream"",""american  way of life"",""moscow, russia""]",/qKZNKurkt3A8d3ga7wmYXfJFPAr.jpg
23220,Las novias de Drácula (1960),"{""subtitulado"":{""url"":""https://ok.ru/videoembed/13593465850531?autoplay=1"",""quality"":""HD""}}",/c5X0i74Cn1CDxuwJrgaWKoePIDk.jpg,2026-03-25 17:39:00-03,[27],6.702,1.717,1960-06-15,PG,,853,"[""parent child relationship"",""boarding school"",""vampire"",""castle"",""vampire hunter (slayer)"",""gothic horror"",""school teacher"",""van helsing"",""vampirism"",""19th century""]",/9hdHLj5aJ0kQpPnCC2lFHsu9K7K.jpg
23356,Camino al infierno (1999),"{""latino"":{""url"":""https://ok.ru/videoembed/12824803281588?autoplay=1"",""quality"":""HD""}}",/lNbVYDqrsMsPJSBYONcao8CkDZG.jpg,2026-03-22 22:57:00-03,"[14,37,10770]",7.183,1.734,1999-01-10,12,,846,"[""purgatory""]",/tHVbcgxUyZ5Zb6EDRbltBNGT48y.jpg
23527,El primer escuadrón (2009),"{""castellano"":{""url"":""https://ok.ru/videoembed/12712779582190?autoplay=1"",""quality"":""HD""}}",/m4zltJFwn5Xye7KjQOzNytVW6S0.jpg,2026-03-28 00:07:00-03,"[14,16,28,878]",6.2,1.7283,2009-05-13,M,,850,"[""supernatural"",""super soldier"",""russian army""]",/3k1PKmzNEosWFaOR1yC9ZKIYqmm.jpg
23631,Machete (2010),"{""latino"":{""url"":""https://ok.ru/videoembed/7352240835201?autoplay=1"",""quality"":""HD""},""castellano"":{""url"":""https://ok.ru/videoembed/7627037477462?autoplay=1"",""quality"":""HD""},""subtitulado"":{""url"":""https://ok.ru/videoembed/401698589318?autoplay=1"",""quality"":""HD""}}",/dcPSm1rGEFdiEc7DaKz0t5kb66b.jpg,2026-01-20 12:36:46.662574-03,"[28,35,53]",6.338,4.1946,2010-09-01,R,,421,"[""loss of loved one"",""illegal immigration"",""border patrol"",""immigration law"",""machete"",""politician"",""patrol"",""sniper rifle"",""hard to kill"",""brutal death""]",
23966,Deadgirl (2008),"{""subtitulado"":{""url"":""https://ok.ru/videoembed/12870428002979?autoplay=1"",""quality"":""HD""}}",/5fp0Uhbqp6RkH095AppKI0f79yN.jpg,2026-03-09 21:15:00-03,"[27,53]",5.3,2.0064,2008-09-06,R,,780,"[""rape"",""necrophilia"",""asylum"",""young boy""]",
24021,Crepúsculo: Eclipse (2010),"{""latino"":{""url"":""https://ok.ru/videoembed/4411788430039?autoplay=1"",""quality"":""HD""},""castellano"":{""url"":""https://ok.ru/videoembed/7140738992684?autoplay=1"",""quality"":""HD""}}",/jVrl5q2m8Sj1P4IgQTKTdf5vv2d.jpg,2026-02-28 13:42:00-03,"[12,14,18,10749]",6.197,10.6277,2010-06-23,,,142,"[""based on novel or book"",""immortality"",""vampire"",""bite"",""graduation"",""teen movie"",""werewolf"",""based on young adult novel"",""supernatural power"",""vampire human love""]",/oguoQWtQJcqIkmmUNbe3CmLx6AP.jpg
24109,Las locuras de Dick y Jane (1977),"{""latino"":{""url"":""https://ok.ru/videoembed/5166173063896?autoplay=1"",""quality"":""HD""}}",/6gP1SkyNlhUlANeFgTbPU2XeJ2O.jpg,2026-03-05 13:39:00-03,"[35,80]",6.534,1.0007,1977-03-18,PG,,1052,"[""screwball comedy""]",/1bW98zLNHjlcAy8jBC4SmuRSwh2.jpg
24481,Nacida ayer (1950),"{""latino"":{""url"":""https://ok.ru/videoembed/3462975392317?autoplay=1"",""quality"":""HD""}}",/udVWgyS2j9SK7r2QfllFBswQmdx.jpg,2026-02-02 12:43:00-03,"[35,10749]",7.261,3.0527,1950-12-26,NR,,596,"[""washington dc, usa"",""congress"",""tycoon"",""based on play or musical"",""political satire""]",
24561,Yatterman (2009),"{""castellano"":{""url"":""https://ok.ru/videoembed/11440091368099?autoplay=1"",""quality"":""HD""}}",/2lLDk6twCiitMhE8zHAnHdKoJQf.jpg,2026-01-27 19:41:00-03,"[28,35]",6.1,1.3701,2009-02-06,12,,940,"[""time travel"",""giant robot"",""electrical device"",""based on anime""]",
24868,Offspring (2009),"{""subtitulado"":{""url"":""https://ok.ru/videoembed/11236632758947?autoplay=1"",""quality"":""HD""}}",/5i09QGn22eTxbLPCsjr90sFcnWj.jpg,2026-01-29 16:19:00-03,[27],5,1.6444,2009-02-05,,,869,"[""gore"",""tribe"",""beating"",""maine"",""torture"",""hillbilly"",""cannibal"",""attempted rape"",""axe murder"",""abduction"",""1850s"",""horror""]",
25009,Mogambo (1953),"{""latino"":{""url"":""https://ok.ru/videoembed/9533225306685?autoplay=1"",""quality"":""HD""}}",/lW9WNDNLNpjTZW4okY6hfOUjL3E.jpg,2026-03-21 23:46:00-03,"[12,18,10749]",6.4,1.4102,1953-09-23,12,,924,"[""human vs nature"",""gorilla"",""safari"",""man between two women"",""sexual tension"",""kenya"",""tension"",""african bush"",""unhappy marriage"",""big game hunter"",""zoo animals"",""jungle adventure"",""african safari""]",/E38RdTR3tLuHS8WvNsps913WFd.jpg
25050,Still Walking (Caminando) (2008),"{""subtitulado"":{""url"":""https://ok.ru/videoembed/12729643043496?autoplay=1"",""quality"":""HD""}}",/k8vwvcFU7lrcxxqX5Hb2GqOkJ8c.jpg,2026-03-31 23:39:00-03,"[18,10751]",7.772,2.3968,2008-06-28,6,,708,"[""generations conflict"",""family relationships"",""bereavement"",""family reunion"",""family gathering"",""blended family"",""father son conflict"",""father son relationship"",""mother son relationship"",""loss of child"",""memorial day""]",/lvSB0bnLzuxwrfTlI2l13gctWRn.jpg
25051,Distance (2001),"{""subtitulado"":{""url"":""https://ok.ru/videoembed/7382474361509?autoplay=1"",""quality"":""HD""}}",/rCJRXT4yzIpu0oARdepk5teCtcL.jpg,2026-03-13 13:37:00-03,[18],6.525,3.7803,2001-05-26,,,479,"[""lake"",""sadness"",""cult"",""forest"",""grief""]",/AmxoQmn7CkHEpdymf6WO8bo6gg2.jpg
25438,Noche de brujas (1986),"{""latino"":{""url"":""https://ok.ru/videoembed/2132552452652?autoplay=1"",""quality"":""HD""}}",/ncvD0u2FRrMXYEcaROVqXhXKXdO.jpg,2026-03-09 20:45:00-03,"[27,35,10402]",6.054,1.6909,1986-10-24,R,,860,"[""rock 'n' roll"",""rock star"",""halloween"",""heavy metal""]",/7z70u9gAVTeUfSIxf2jbiDZTry1.jpg
25473,El orgullo de un comisario (1973),"{""latino"":{""url"":""https://ok.ru/videoembed/11637607762572?autoplay=1"",""quality"":""HD""}}",/wBc3fxb0D8KxUxPQaGROkgijfaj.jpg,2026-02-24 10:32:00-03,"[28,80,18]",6.6,1.2571,1973-02-22,R,,977,"[""small town"",""martial arts"",""sheriff"",""corruption"",""gambling"",""gangster"",""wrestler"",""christmas tree"",""based on true story"",""tennessee"",""revenge"",""vigilante"",""rampage"",""redneck"",""police corruption"",""death"",""hostile"",""malicious"",""mean spirited"",""powerful""]",/vcuT4cRrr1e7Pzy0U4qlHiEcYrq.jpg
25627,No profanar el sueño de los muertos (1974),"{""castellano"":{""url"":""https://ok.ru/videoembed/11464019151475?autoplay=1"",""quality"":""HD""}}",/xiU1GfrUk9RjrAMLYmrlwFJA8Ec.jpg,2026-01-26 20:36:00-03,[27],6.4,0.8135,1974-11-28,R,,1129,"[""farm"",""countryside"",""insect"",""hippie"",""england"",""detective"",""1970s"",""morgue"",""undead"",""zombie"",""plague"",""video nasty"",""polution""]",/9xxF1MBsXJ3Y2EJQsqU61StzcNU.jpg
25758,Otra vez es navidad (2007),"{""latino"":{""url"":""https://ok.ru/videoembed/10440406862390?autoplay=1"",""quality"":""1080P""}}",/34ZqWj12p4EIYxCdSihxztlbX0v.jpg,2026-04-10 18:39:00-03,"[16,35,10751]",4.3,1.2586,2007-10-20,G,,976,"[""elves"",""holiday"",""orphanage"",""santa claus"",""fox"",""polar bear"",""stealing"",""reindeer"",""christmas"",""cheerful""]",/tfZCWL7JwtGqdhOcMsQxGxxpvSG.jpg
25831,Mickey - El príncipe y el mendigo (1990),"{""latino"":{""url"":""https://ok.ru/videoembed/6464497191558?autoplay=1"",""quality"":""HD""}}",/4ybD75CTXfBuypRlJqcFT4CDqAg.jpg,2026-04-10 18:42:00-03,"[16,35,10751]",6.8,1.8665,1990-11-16,G,,811,"[""cat"",""duck"",""mouse"",""horse"",""prince"",""guard"",""royalty"",""dog"",""cartoon cat"",""weasel"",""cartoon mouse"",""identity swap"",""cartoon dog"",""cartoon duck"",""pauper"",""cartoon horse"",""short film"",""cow"",""adaptation"",""featurette"",""cartoon cow""]",/lhPA28hIYGUJ5X7W98z1dSJ3Nks.jpg
25875,Seda (2006),"{""subtitulado"":{""url"":""https://ok.ru/videoembed/13045483309731?autoplay=1"",""quality"":""HD""}}",/rpfPg7MuQLaDeteKLMgopE9eozG.jpg,2026-03-10 23:17:00-03,"[27,878,9648]",6.2,3.4213,2006-09-28,16,,539,"[""ghost"",""filicide""]",/tP7kiti9RdIB3ZoCC0CbAaYRMZ0.jpg
25921,Días de garaje (2002),"{""subtitulado"":{""url"":""https://ok.ru/videoembed/11811711814230?autoplay=1"",""quality"":""HD""}}",/yiV5J3bv6fIugG6oloeLCqSzHuF.jpg,2026-02-01 12:34:00-03,"[35,18,10402]",5.371,2.9435,2002-10-03,12,,611,[],
25935,El misterio de Wells (2004),"{""castellano"":{""url"":""https://ok.ru/videoembed/11617611221667?autoplay=1"",""quality"":""HD""}}",/pv2ocoAR3b4TJ4oGQMIy1CJx2wQ.jpg,2026-01-27 07:42:00-03,"[80,18,9648]",6.359,1.0719,2004-02-26,,,1028,"[""based on novel or book"",""england"",""hope"",""village"",""bible"",""murder"",""priest"",""fugitive"",""period drama"",""justice"",""death"",""witchcraft"",""evil"",""medieval"",""theatrical troupe"",""14th century"",""actor"",""1380s"",""rigor mortis"",""mortal sin""]",
26141,Distracción fatal (1993),"{""subtitulado"":{""url"":""https://ok.ru/videoembed/3707080673983?autoplay=1"",""quality"":""HD""}}",/syewFnehGbbya5BdxoHLzrcm5Ne.jpg,2026-04-01 22:09:00-03,"[35,80]",5.5,1.3525,1993-10-29,PG-13,,950,"[""spoof"",""private detective""]",/mTJHunR5Fr62OsPcTrPrw3YWTAS.jpg
26325,Tarzan the Ape Man (1981),"{""subtitulado"":{""url"":""https://ok.ru/videoembed/7598588758589?autoplay=1"",""quality"":""HD""}}",/gK7jQlPYK1clOEcJJTbYLhnUDdt.jpg,2026-02-14 18:10:00-03,"[28,12,35]",4,1.6409,1981-08-07,R,,870,"[""kidnapping"",""africa"",""jungle"",""damsel in distress""]",/spEq9QLZN1vG47t6A6Sz2lnlr7F.jpg
26355,La cigüeña no espera (1988),"{""latino"":{""url"":""https://ok.ru/videoembed/13883307461133?autoplay=1"",""quality"":""1080P""}}",/n9K62gzn5YI2ovu73KdGzCtI7Ao.jpg,2026-04-21 22:59:00-03,"[35,18,10749]",6.5,2.5586,1988-01-15,PG-13,,671,"[""baby"",""marriage"",""pregnant woman"",""pregnant""]",/8dr56fZVMDk4q0wPXvBPLskeFuB.jpg
26390,Los amos de Brooklyn (2010),"{""latino"":{""url"":""https://ok.ru/videoembed/11886129908404?autoplay=1"",""quality"":""HD""}}",/1IAQfcAUlQtmMyNN3AluLEuevhR.jpg,2026-02-09 19:35:00-03,"[80,18,53]",6.311,3.963,2010-03-04,R,,457,"[""police brutality"",""husband wife relationship"",""corruption"",""police"",""deception"",""revenge"",""murder"",""betrayal"",""undercover cop"",""bag of money"",""dirty cop"",""police corruption"",""police detective"",""pregnant woman"",""guilt"",""brooklyn, new york city"",""nypd"",""detached"",""neo-noir"",""frantic""]",
26451,Investigación sobre un ciudadano libre de toda sospecha (1970),"{""latino"":{""url"":""https://ok.ru/videoembed/11920486435363?autoplay=1"",""quality"":""HD""}}",/6OgiHzulQ9wKEyGy5p4TCdqhj8t.jpg,2026-02-26 15:28:00-03,"[18,53]",8.167,0.7689,1970-10-16,R,,1148,"[""police brutality"",""rome, italy"",""black humor"",""social satire"",""sexual sadism"",""masochist"",""crime investigation"",""political repression"",""power abuse"",""kafkaesque""]",/7SUT9mYb7SD88Gz7rFeLbjC2YeG.jpg
26502,Tras la pista de los asesinos (1956),"{""subtitulado"":{""url"":""https://ok.ru/videoembed/13318716656259?autoplay=1"",""quality"":""HD""}}",/dSyeOvcuc3N7dcwxBRxNTBcXBkK.jpg,2026-04-03 21:13:00-03,[37],6.8,1.5913,1956-07-24,12,,884,"[""sheriff"",""outlaw"",""wells fargo""]",/srKjwlWBDJs4gb06SSHmS85apYz.jpg
26854,El hombre de la cuarta dimensión,"{""latino"":{""url"":""https://ok.ru/videoembed/3850138618514?autoplay=1"",""quality"":""HD""}}",/2i5VFcrWVDVD7dgzou2YS9Fchk7.jpg,2026-01-21 10:14:19.242099-03,"[878,27]",5.683,0.4514,1959-10-07,NR,,1268,"[""child in peril"",""b movie"",""scientist"",""nuclear reactor"",""energy absorption"",""romantic triangle"",""experiment gone awry""]",/1B5C0rHsyPtQzWsnl1QU5ilZBJq.jpg
26864,El niño pez (2009),"{""latino"":{""url"":""https://ok.ru/videoembed/9194445277702?autoplay=1"",""quality"":""HD""}}",/bVv9c4IPm0AwdHH3KKjwmHZuL08.jpg,2026-03-13 16:49:00-03,"[18,53,10749]",5.7,0.8981,2009-04-09,18+,,1101,"[""judge"",""legend"",""bus ride"",""scandal"",""puppy"",""road map"",""woman director""]",/c55tuVYLWqfERpj1gKl0dZDGCsj.jpg
26890,Yo disparé a Andy Warhol (1996),"{""subtitulado"":{""url"":""https://ok.ru/videoembed/11201083148968?autoplay=1"",""quality"":""HD""}}",/eF4iTAjunicLQyc6AdF7JNwSBOC.jpg,2026-02-01 15:02:00-03,[18],6.1,0.9524,1996-05-01,R,,1077,"[""new york city"",""based on true story"",""radical"",""woman director"",""1960s""]",/5no2GArlFLbtgOkJ5qGUe59cqhE.jpg
27191,El mayor espectáculo del mundo (1952),"{""latino"":{""url"":""https://ok.ru/videoembed/11420590410355?autoplay=1"",""quality"":""HD""}}",/3hqfCssnhrdoer5od7F5xmziOWX.jpg,2026-01-26 20:47:00-03,"[18,10749]",6.313,1.4262,1952-02-16,NR,,919,"[""circus"",""clown"",""traveling circus"",""trapeze artist""]",
27225,S.O.B. Sois honrados bandidos (1981),"{""castellano"":{""url"":""https://ok.ru/videoembed/11065068489384?autoplay=1"",""quality"":""HD""}}",/j1dpOzsJMESyUtwRGSDHsiCdW7F.jpg,2026-01-26 16:39:00-03,[35],5.9,0.6948,1981-07-01,R,,1177,"[""movie business"",""hollywood"",""filmmaking"",""movie set"",""film director"",""movie producer""]",/tIwD1x5ihVEaUIOsA583UaCkkjq.jpg
27292,Prime Cut (1972),"{""castellano"":{""url"":""https://ok.ru/videoembed/11437149719208?autoplay=1"",""quality"":""HD""}}",/rUE2pi0Ons3vQqpuv91hd9uT9Yi.jpg,2026-02-12 11:48:00-03,"[28,80,18]",6.4,1.3805,1972-06-01,R,,936,"[""chicago, illinois"",""irish mob"",""debt collector"",""slaughterhouse"",""kansas city"",""cattle ranch"",""small community"",""meatpacking"",""mob enforcer"",""sunflower field""]",/cFwu78txzis2BOz36uyU4kuSoaU.jpg
27297,Grotesque (2009),"{""subtitulado"":{""url"":""https://ok.ru/videoembed/10995096095395?autoplay=1"",""quality"":""HD""}}",/vBPgFJEHoHJqNdYOX3a8d8qMcCb.jpg,2026-01-27 09:34:00-03,"[27,53]",5.711,2.3409,2009-01-17,18,,723,"[""sexual abuse"",""pain"",""sadism"",""sexual violence"",""mad doctor"",""chainsaw"",""torture"",""cruelty"",""bizarre""]",
27362,Conspiración de mujeres (1988),"{""subtitulado"":{""url"":""https://ok.ru/videoembed/12041734392483?autoplay=1"",""quality"":""HD""}}",/dfK3qRCvSjHjDiFd9NYorZilKPr.jpg,2026-02-04 22:45:00-03,"[35,80,18]",7,0.8135,1988-09-10,,,1128,"[""drowning"",""dark comedy"",""dysfunctional family"",""avant-garde"",""coroner"",""suffolk, england"",""independent film"",""experimental film"",""crime comedy"",""widowhood""]",/8HiCwYGET0rHwAQnMridjgPD2uk.jpg
27409,La noche de los diablos (1972),"{""subtitulado"":{""url"":""https://ok.ru/videoembed/11220454607528?autoplay=1"",""quality"":""HD""}}",/6xRXM1Dh0jKEJhQf9IKCwhALzyC.jpg,2026-02-02 14:46:00-03,[27],6.277,0.3548,1972-04-29,NR,,1294,"[""witch"",""based on novel or book"",""vampire"",""supernatural"",""zombie"",""gothic""]",/cx7Jfj9DRl03DyaiVtZmF0G2atJ.jpg
27770,La resurrección del mal (1996),"{""latino"":{""url"":""https://ok.ru/videoembed/11970129234559?autoplay=1"",""quality"":""HD""}}",/gswxvXmiw3K7NBumtJ56mBKumPf.jpg,2026-02-26 12:58:00-03,[27],4.8,0.686,1996-09-03,R,,1181,"[""daughter"",""supernatural"",""exorcism"",""possession"",""sequel"",""murder"",""priest"",""demon"",""hometown"",""tarot""]",/hGUN8lNCDefSmuoHZPSBVDfogJQ.jpg
27985,Lejos de casa (1995),"{""latino"":{""url"":""https://ok.ru/videoembed/3658341616294?autoplay=1"",""quality"":""HD""}}",/3k0NA8ZiJzd1aPWD9tduuRfxGCc.jpg,2026-04-10 00:15:00-03,"[28,12,18,10751]",6.2,1.4184,1995-01-13,PG,,923,"[""wilderness"",""boy and dog"",""pets""]",/bDuosrdJBpHvNMD9pzWQcD4ldBv.jpg
28067,El buque maldito (1974),"{""castellano"":{""url"":""https://ok.ru/videoembed/12870068865699?autoplay=1"",""quality"":""HD""}}",/5TI0d8IUghn3YVg3wLKEAllHiKy.jpg,2026-03-09 21:18:00-03,[27],4.841,3.1464,1974-06-28,,,587,"[""ship"",""rape"",""ghost ship"",""undead"",""sequel"",""zombie"",""evil"",""coast"",""galleon"",""knights templar""]",/qO3bfjdg2Wqhnb11oBx64C0iVZG.jpg
28295,Jugando con la muerte (1965),"{""latino"":{""url"":""https://ok.ru/videoembed/9118774332002?autoplay=1"",""quality"":""HD""}}",/Aaw0VYMLalSUw1EUCBjqSiMyyZl.jpg,2026-04-08 21:06:00-03,"[53,27,80]",6.2,1.7385,1965-07-21,18,,845,"[""based on novel or book"",""slumber party"",""murder"",""neighbor"",""slasher"",""prank telephone call"",""hagsploitation"",""slasher horror""]",/6sH1zc18D67CKE7Lyux2kyww0SC.jpg
28345,Heidi (1937),"{""latino"":{""url"":""https://ok.ru/videoembed/1682895276760?autoplay=1"",""quality"":""480P""}}",/rIfA5X4pYJOHyFPZFqWLOu7yfiZ.jpg,2026-04-09 23:42:00-03,"[18,10751,10402]",6.8,2.6145,1937-10-15,G,,668,"[""gypsy"",""kidnapping"",""butler"",""grandfather"",""frankfurt am main, germany"",""love"",""mansion"",""orphan"",""police arrest"",""governess"",""companion"",""goats"",""christmas"",""snow globe"",""crippled child"",""wicked woman"",""caroling"",""sleigh ride"",""alpine cabin"",""sequestro"",""órfão""]",/jbEbL1gl8VQBAX43kcPCMfBZum7.jpg
28435,El doble asesinato de la calle Morgue (1932),"{""subtitulado"":{""url"":""https://ok.ru/videoembed/11895300164182?autoplay=1"",""quality"":""HD""}}",/aKit8CdOx5Kat3nCaFLU0UwxqNF.jpg,2026-02-07 00:15:00-03,"[27,9648,80]",6.074,1.1432,1932-01-27,16,,1006,"[""paris, france"",""circus"",""black and white"",""ape"",""pre-code"",""genetic engineering"",""murder mystery"",""19th century"",""racist stereotype"",""native""]",/sLdz4K32OUP8cKk5G58e0JLofY9.jpg
28529,Sorceress (1995),"{""subtitulado"":{""url"":""https://ok.ru/videoembed/3584236522175?autoplay=1"",""quality"":""HD""}}",/4yTPpffXf0WA33rgweZ1Y7PUe0L.jpg,2026-01-21 22:08:00-03,"[14,27,53]",4.9,3.6317,1995-01-04,,,502,[],/e3IPovVj7wiLoBVftaHz4oafWxQ.jpg
28571,La heredera (1949),"{""subtitulado"":{""url"":""https://ok.ru/videoembed/11063444441768?autoplay=1"",""quality"":""HD""}}",/aWERWFlHbr2X7rTGnaEmkcowx58.jpg,2026-01-26 15:12:00-03,"[18,10749,36]",7.74,1.0306,1949-10-06,NR,,1042,"[""new york city"",""marriage"",""love"",""money"",""wealth"",""inheritance"",""manhattan, new york city"",""embroidery"",""spinster"",""19th century"",""fortune"",""fortune hunter""]",/56eHAxXfZTz5pGiVDCFnuiHw2fp.jpg
28794,Aquella casa al lado del cementerio (1981),"{""subtitulado"":{""url"":""https://ok.ru/videoembed/11825681795747?autoplay=1"",""quality"":""HD""}}",/k9Kc3Qzsp7kQYbQiKE2x6nuivce.jpg,2026-01-26 17:01:00-03,"[27,9648]",6.3,1.0446,1981-08-14,NR,,1036,"[""haunted house"",""gore"",""mad scientist"",""slasher"",""zombie"",""video nasty"",""supernatural horror"",""psychic vision"",""independent film"",""murder-suicide""]",/vdokrAQX8D2SfNY12GB8f3YdCaT.jpg
28955,First Man Into Space (1959),"{""subtitulado"":{""url"":""https://ok.ru/videoembed/11223124413091?autoplay=1"",""quality"":""HD""}}",/lKBIGRetSbZ6cBRWqaNzwHvkgy9.jpg,2026-01-30 10:04:00-03,"[878,27,18]",4.982,0.2974,1959-02-01,NR,,1319,"[""monster"",""mutant"",""space travel"",""rocket"",""space"",""b movie"",""black and white"",""astronaut"",""test pilot""]",/mUMttVYif1VVyeYhigkBHLb8K2b.jpg
29204,American Pop (1981),"{""latino"":{""url"":""https://ok.ru/videoembed/10063855028974?autoplay=1"",""quality"":""HD""}}",/svrATPrggBUauEhCyhiF7K175T9.jpg,2026-03-29 11:11:00-03,"[16,10402,18,36]",6.9,2.4206,1981-02-13,R,,700,"[""jazz"",""pop"",""czar / tsar / tzar"",""mafia boss"",""folk music"",""music business"",""songwriter"",""stock footage"",""adult animation"",""music hall"",""jazz band"",""generational"",""jewish mafia"",""heroin addiction""]",/n82OZ74V3KBDQKrSVqgVzE8nnjs.jpg
29242,La maldición de la momia (1944),"{""latino"":{""url"":""https://ok.ru/videoembed/1177658526243?autoplay=1"",""quality"":""HD""}}",/mzdLuaFsZrxJ7KcrExTh7GEOqJt.jpg,2026-02-24 19:26:00-03,"[27,14]",5.487,0.5134,1944-12-22,,,1247,"[""monster"",""mummy"",""louisiana"",""swamp"",""sequel"",""flashback"",""murder"",""black and white"",""strangulation"",""cajun"",""ancient religion"",""reincarnated princess"",""ancient curse""]",/k4SJCY65JzCgenu8gyNMb1NWGCD.jpg
29345,Regen: Regeneración Mortal (1989),"{""subtitulado"":{""url"":""https://ok.ru/videoembed/11472425781923?autoplay=1"",""quality"":""HD""}}",/ccqEGBYOTJPGWk3YuegipTQoMdv.jpg,2026-01-29 16:02:00-03,"[27,878]",4.392,0.2787,1989-01-20,18,,1324,"[""biological weapon"",""monster"",""mutant"",""post-apocalyptic future"",""laboratory"",""vaccine"",""desert"",""walkie talkie"",""flame thrower"",""rattlesnake""]",/bWBgtHebpmQI3ATpZkoMWe54TgT.jpg
29621,"Solo, el destructor (1996)","{""latino"":{""url"":""https://ok.ru/videoembed/6608186968641?autoplay=1"",""quality"":""HD""},""castellano"":{""url"":""https://ok.ru/videoembed/7224764861081?autoplay=1"",""quality"":""HD""}}",/7mp5TkxC15jRhaD5Hj1jYABRuts.jpg,2026-01-20 12:36:46.434715-03,"[28,12,878,53]",4.8,2.6958,1996-08-23,PG-13,,648,"[""android"",""laser gun"",""village""]",
29859,El hermano más listo de Sherlock Holmes (1975),"{""castellano"":{""url"":""https://ok.ru/videoembed/11180467554984?autoplay=1"",""quality"":""HD""}}",/wyqGMVs9iWmopUz26yktVq8OcNW.jpg,2026-02-02 08:14:00-03,"[35,80,9648]",6.003,0.6167,1975-12-14,PG,,1215,"[""spoof"",""sherlock holmes""]",/jNmCru987ovKRNhvgndnFMPJTtn.jpg
30025,Intriga en Damasco (1951),"{""subtitulado"":{""url"":""https://ok.ru/videoembed/12766098819710?autoplay=1"",""quality"":""HD""}}",/vXl23RUAVa6mHoqryQu8ZlK7zxU.jpg,2026-03-29 12:04:00-03,"[80,18,53]",5.9,2.7499,1951-06-13,12,,636,"[""syria"",""gunrunners""]",/5S1MHJJL1Z5d7Z3a8JvEeM8gOhK.jpg
30145,El milagro de P. Tinto (1998),"{""castellano"":{""url"":""https://ok.ru/videoembed/11584598444718?autoplay=1"",""quality"":""HD""}}",/rcADIJ08E0m95gI1BZGN7ZjJqxg.jpg,2026-01-26 15:11:00-03,"[35,14]",6.765,0.2759,1998-12-18,A,,1327,"[""surrealism"",""extraterrestrial""]",/hNyPB1vdp3FKRzdIIs6qJUJg9Ht.jpg
30702,Conrack (1974),"{""latino"":{""url"":""https://ok.ru/videoembed/12576666880692?autoplay=1"",""quality"":""HD""}}",/lySns7Q8zGYW2LSwJH11xEf9wxj.jpg,2026-03-10 18:36:00-03,[18],6.776,4.8246,1974-03-27,PG,,327,"[""island"",""south carolina"",""teacher"",""school"",""racism"",""gullah""]",
30931,La oscura noche del espantapájaros (1981),"{""latino"":{""url"":""https://ok.ru/videoembed/11061510146740?autoplay=1"",""quality"":""HD""}}",/shcPx5w7hlftuVBmhVx0kLZxiN3.jpg,2026-03-11 19:45:00-03,"[27,10770]",6.487,3.6862,1981-10-24,NR,,497,"[""mentally disabled"",""grave"",""scarecrow"",""cover-up"",""revenge"",""murder"",""execution"",""dog"",""farmer"",""pitchfork"",""mentally handicapped man"",""lynch mob"",""killer scarecrow""]",/r87fqhLLQnXmpBdLVEv4EIHnMbb.jpg
31443,El hombre del presidente,"{""latino"":{""url"":""https://ok.ru/videoembed/10847845812771?autoplay=1"",""quality"":""HD""}}",/a5hteWUqWeFyIIxjEwH6nHNQ38r.jpg,2026-01-21 08:32:00-03,"[28,12,53,10770]",4.6,0.6654,2000-04-02,NR,,1191,"[""vietnam veteran"",""martial arts"",""helicopter"",""showdown"",""usa president"",""fight"",""professor"",""rescue mission"",""president"",""flashback"",""battlefield"",""drug cartel"",""shootout"",""first lady"",""gunfight"",""duel"",""torture"",""terrorism"",""tough guy"",""battle"",""raid"",""foot chase"",""drug lord"",""knife throwing"",""combat"",""teacher student relationship"",""machine gun"",""beretta"",""jungle warfare"",""prison brawl"",""uzi"",""terrorist plot"",""quick draw"",""prison fight"",""hand to hand combat"",""special ops"",""u.s. secret service agent"",""tactical command unit"",""brazil"",""maximum security prison"",""colombia"",""desert eagle""]",/jQyiYfcw8YrStGwjQyUbU3MfAX7.jpg
31647,Ninfa bárbara (1990),"{""castellano"":{""url"":""https://ok.ru/videoembed/9419166911141?autoplay=1"",""quality"":""HD""}}",/r3dnPQootN7IVYiWfTgQTLJloT0.jpg,2026-03-29 11:50:00-03,"[14,878,27]",3.3,0.4891,1990-12-21,18,,1253,[],/giYIlMVOAC04l2QHbQdrC4vxW77.jpg
31657,El regreso (1978),"{""castellano"":{""url"":""https://ok.ru/videoembed/11495299287726?autoplay=1"",""quality"":""HD""}}",/jBsYWNBYNEi5EhT1hC8iexcTsWT.jpg,2026-01-27 10:35:00-03,"[18,10749,10752]",7.018,1.3661,1978-02-15,R,,944,"[""vietnam war"",""california"",""vietnam"",""post-traumatic stress disorder (ptsd)"",""paraplegic"",""wheelchair"",""volunteer"",""love"",""marine"",""hospital"",""1960s""]",/qhv8bDsB2U1C6R4DAntuAfelOiE.jpg
31679,Consigna: Matar al testigo (1981),"{""latino"":{""url"":""https://ok.ru/videoembed/12337423649460?autoplay=1"",""quality"":""HD""}}",/dxMbBWegmjtPfZNmw6HHJjgZkQt.jpg,2026-03-10 18:38:00-03,[53],5.607,3.5153,1981-02-13,R,,516,"[""janitor"",""reporter""]",/84hrHsxKSTY16nQl5KRMQ9GVvx2.jpg
31687,Circle of Eight (2009),"{""latino"":{""url"":""https://ok.ru/videoembed/11969698794111?autoplay=1"",""quality"":""HD""}}",/8vYv3AardmZ1kMVnQtDTqVETRmT.jpg,2026-03-11 17:53:00-03,"[9648,27]",3.296,1.8017,2009-10-27,NR,,830,[],/2brv4OcyDEhXFJ4zaAknHKWGDiK.jpg
31909,Invasores de Marte (1986),"{""castellano"":{""url"":""https://ok.ru/videoembed/11592472529523?autoplay=1"",""quality"":""HD""}}",/whUEC3fsCExJuFZ29ANHjXDXe0c.jpg,2026-02-11 01:23:00-03,"[27,878]",5.6,1.4097,1986-06-06,,,925,"[""space invasion"",""remake"",""alien invasion"",""body snatchers"",""absurd"",""ridiculous""]",
31995,Posada Jamaica (1939),"{""castellano"":{""url"":""https://ok.ru/videoembed/12862077471406?autoplay=1"",""quality"":""HD""}}",/AuBK5Jd8RVcVfiAJAxLOPnfjDTr.jpg,2026-03-21 17:46:00-03,"[80,12,53]",6.1,1.8362,1939-05-11,12,,815,"[""sea"",""based on novel or book"",""smuggling (contraband)"",""undercover agent"",""kidnapping"",""shipwreck"",""greed"",""cornwall, england"",""pirate"",""black and white"",""aristocrat"",""multiple murder"",""19th century"",""squire"",""plunder"",""cutthroat"",""loyal wife""]",/jrYY2SiSJC7XaQYfC9hzqF1zvzQ.jpg
31997,Sabotaje (1942),"{""latino"":{""url"":""https://ok.ru/videoembed/11074562034422?autoplay=1"",""quality"":""HD""}}",/aELPSTgYjWJ5QHrBiu8tExMVtfL.jpg,2026-01-28 09:22:00-03,[53],6.892,1.3157,1942-04-22,16,,958,"[""falsely accused"",""black and white"",""statue of liberty"",""aircraft factory""]",/1rSF7UoY6aU8i7yJOLovZv8AYwX.jpg
32613,Pánico en el Transiberiano (1972),"{""latino"":{""url"":""https://ok.ru/videoembed/10999460072190?autoplay=1"",""quality"":""HD""}}",/hvzDkVcdfrcwZnxhQDOeARcbtPV.jpg,2026-03-25 19:08:00-03,[27],6.313,1.3156,1972-09-30,R,,959,"[""monster"",""based on novel or book"",""loss of loved one"",""monk"",""expedition"",""cossack"",""alien"",""train"",""creature"",""alien invasion"",""gothic horror"",""stockings"",""anthropologist"",""whipping"",""siberia"",""fossil"",""hidden identity"",""pair of evil eyes"",""crate""]",/ok4zZ7MCpYS6PaT2ijUrb7Ankc5.jpg
32825,Corazón Rebelde (1961),"{""latino"":{""url"":""https://ok.ru/videoembed/12045291948579?autoplay=1"",""quality"":""HD""}}",/nbtfaZM5FxoMmbHU041T6rnoxwP.jpg,2026-03-05 22:37:00-03,[18],6.2,2.5075,1961-06-15,PG,,682,"[""writing"",""garage"",""oath"",""doctor""]",/gagUSAQmTYUs1owPRtrnUGlvWN0.jpg
32961,Oro en barras (1951),"{""latino"":{""url"":""https://ok.ru/videoembed/11796241255086?autoplay=1"",""quality"":""HD""}}",/u4mZyim3CwXHu0zVhXjfK8fqoN7.jpg,2026-01-30 11:12:00-03,"[35,80]",7.199,0.8449,1951-06-28,NR,,1117,"[""gold"",""bank"",""souvenir"",""police chase"",""black and white"",""ealing"",""armored car robbery"",""eiffel tower, paris"",""foundry"",""bank clerk""]",/vPA53RF6clLSWlpoCLgYvmygiOl.jpg
34036,Imagining Argentina (2003),"{""subtitulado"":{""url"":""https://ok.ru/videoembed/12729895750357?autoplay=1"",""quality"":""HD""}}",/dq0PSUvzC0ibUVM5ABoZ5ZrJj0v.jpg,2026-03-28 12:51:00-03,"[18,10749,53]",5.5,1.6001,2003-09-13,,,879,"[""1970s"",""supernatural"",""buenos aires, argentina"",""disappearance""]",/pGFR6ueaa4pbzBawC7cpS8WPDC4.jpg
34376,Me Enamoré De Un Maniquí 2 (1991),"{""latino"":{""url"":""https://ok.ru/videoembed/10002565696124?autoplay=1"",""quality"":""HD""}}",/n8GcrViRKxyljMgslj8yA4lDFCh.jpg,2026-02-14 18:47:00-03,"[14,35,878,10749]",5.781,2.0349,1991-05-17,PG,,773,"[""chase"",""mannequin"",""magic"",""department store"",""foreigner"",""prince"",""cadillac"",""time travel"",""hot air balloon"",""credit card"",""sword fight"",""sorcerer"",""fish out of water"",""dating"",""fashion"",""disguise"",""pop music"",""makeover"",""security guard"",""lgbt"",""dance club"",""videotape"",""eating out"",""heroic rescue"",""shopping montage"",""mannequin come to life""]",
34996,The Addiction (1995),"{""subtitulado"":{""url"":""https://ok.ru/videoembed/13140916832931?autoplay=1"",""quality"":""HD""}}",/fB5fwKLV0P4Q8sRmIqQCbsiEdvA.jpg,2026-03-11 19:55:00-03,"[18,27]",6.472,4.8673,1995-10-06,NR,,319,"[""new york city"",""vampire"",""philosophy"",""addiction""]",/1ndAmeEZWX3xTAZVEphdKC3uLTc.jpg
35106,Ruega por tu muerte (1985),"{""castellano"":{""url"":""https://ok.ru/videoembed/12992971278968?autoplay=1"",""quality"":""HD""}}",/f4yzQ0egTEaJebOoD4jKjC3Ftf6.jpg,2026-03-10 18:33:00-03,[28],6,2.1743,1985-01-11,R,,752,"[""martial arts"",""kung fu"",""sword"",""ninja"",""mafia"",""chainsaw"",""kicked in the head"",""shot"",""arrow in chest""]",
35610,El experimento Filadelfia 2 (1993),"{""castellano"":{""url"":""https://ok.ru/videoembed/13334513126008?autoplay=1"",""quality"":""HD""}}",/wLxY2VuB3PEuvdJDWGhs4hXOGEC.jpg,2026-03-22 23:35:00-03,"[878,28,12]",5.175,1.2844,1993-11-12,PG-13,,966,"[""experiment"",""nazi"",""world war ii"",""time travel"",""sequel"",""1940s"",""1980s"",""uss eldridge"",""nighthawk"",""stealth technology""]",/uIiFTa0jkv9MN8eNfCNNJCqD88g.jpg
35648,Roujin Z (1991),"{""subtitulado"":{""url"":""https://ok.ru/videoembed/12254873520780?autoplay=1"",""quality"":""HD""}}",/kpJBEfjC9l7BFhmmGPmkNB8gl6h.jpg,2026-03-24 22:30:00-03,"[16,18,878]",6.59,2.3936,1991-09-14,M,,710,"[""hacker"",""mecha"",""cyberpunk"",""tokyo, japan"",""anime"",""elder care"",""home care nurse"",""geriatric""]",/dfP5F5i3a4FfkVXiEAdLgo61lGj.jpg
35712,Pasiones secretas (2002),"{""subtitulado"":{""url"":""https://ok.ru/videoembed/12381551987413?autoplay=1"",""quality"":""HD""}}",/eMTIdQSqfndCOYuEvCw0QwqsUsw.jpg,2026-03-12 21:17:00-03,[18],5.712,2.1615,2002-10-16,NR,,754,"[""key"",""office"",""eroticism"",""orgy"",""seduction"",""new french extremism""]",/qvTSlCybsirnW4L1EKzjkWAqwBo.jpg
35780,Guardianes del Espacio (1966),"{""latino"":{""url"":""https://ok.ru/videoembed/4207078476349?autoplay=1"",""quality"":""HD""}}",/iOXXJxTiMikXUPAy7Uc3fYL9w2X.jpg,2026-02-09 19:21:00-03,"[16,10751,28,878]",6.333,0.8285,1966-12-15,G,,1125,"[""puppet"",""puppetry"",""thunderbirds""]",/2ULcmRBUxzunUlQ1gFDrjnoCEPy.jpg
36119,hajiraiマシンガール (2009),"{""subtitulado"":{""url"":""https://ok.ru/videoembed/12889611504154?autoplay=1"",""quality"":""HD""}}",/qjTIML9a1LycaGlvnwZsL52jxTb.jpg,2026-04-03 23:04:00-03,"[35,27,28,878]",4.4,1.145,2009-01-01,,,1005,"[""cyborg"",""resurrection"",""girl heroine"",""female protagonist"",""schoolgirl"",""gatling gun""]",/ozKwAg3Ace3O89FiCl7FrhgIRFO.jpg
36206,Duelo en la alta sierra (1962),"{""latino"":{""url"":""https://ok.ru/videoembed/11739849099950?autoplay=1"",""quality"":""HD""}}",/roUUmwvhx52rI43Zz6olMZKq8ry.jpg,2026-01-26 17:31:00-03,[37],7.1,1.348,1962-05-09,G,,952,"[""runaway"",""lawman "",""betrayal by friend"",""gun shooting"",""gold shipment"",""aging hero"",""retired lawman"",""hasty marriage"",""shoot out""]",
36257,Tiny Toons - Cómo Pasé mis  Vacaciones (1992),"{""latino"":{""url"":""https://ok.ru/videoembed/9440245385782?autoplay=1"",""quality"":""HD""}}",/gR8i4zzquVdoAyVLo5DuyzkGpSR.jpg,2026-04-10 18:25:00-03,"[16,35,10751]",6.7,1.7823,1992-03-11,G,,833,"[""bunny"",""duck"",""vacation"",""road trip"",""summer vacation"",""family"",""theme park"",""voyage"",""anime"",""tiny"",""trip"",""animation"",""looney tunes""]",/hKQtJhsUFTQagFQOpGA9LApoMro.jpg
36785,El dependiente (1969),"{""latino"":{""url"":""https://ok.ru/videoembed/11350919940734?autoplay=1"",""quality"":""HD""}}",/9jZFc8hcCHh4V2iPZhoDLBitWDC.jpg,2026-02-11 19:25:00-03,[18],7,4.0474,1969-03-01,,,444,"[""clerk"",""romance"",""loneliness"",""lonely man""]",/oaPt1lhWnL6BvaTaE537SsAncQC.jpg
37707,Splice (2010),"{""latino"":{""url"":""https://ok.ru/videoembed/7292682308182?autoplay=1"",""quality"":""HD""},""castellano"":{""url"":""https://ok.ru/videoembed/7700687424047?autoplay=1"",""quality"":""HD""}}",/rIYJsichDJbxGFGMyNRwIsQ144P.jpg,2026-01-20 12:36:46.434715-03,"[27,878]",5.9,2.6363,2010-06-03,R,,664,"[""experiment"",""genetics"",""dna"",""gene manipulation"",""genetic engineering"",""disturbed"",""grim"",""genetically modified organism"",""absurd"",""disgusted"",""distressing""]",
37799,La Red Social (2010),"{""latino"":{""url"":""https://ok.ru/videoembed/2864468462220?autoplay=1"",""quality"":""HD""}}",/2GtDmIdxkJ5NZG97yhJQtM8Wn1H.jpg,2026-01-20 12:36:45.887344-03,[18],7.371,11.0235,2010-10-01,7,"Inappropriate Language, Legal Drugs",137,"[""hacker"",""based on novel or book"",""boston, massachusetts"",""ex-girlfriend"",""harvard university"",""narcissism"",""based on true story"",""hacking"",""historical fiction"",""twins"",""double cross"",""creator"",""frat party"",""social network"",""deposition"",""intellectual property"",""entrepreneur"",""arrogance"",""social media"",""questioning"",""meditative"",""young entrepreneur"",""facebook"",""legal drama"",""antagonistic"",""callous"",""defiant"",""frustrated"",""wry""]",/1GlZNA9L5trst3ItgRiyQTUH1uf.jpg
37843,Playa Sangrienta (1980),"{""subtitulado"":{""url"":""https://ok.ru/videoembed/11658793847436?autoplay=1"",""quality"":""HD""}}",/ty515XhHkIJG2dHZxR5hdpQ8RDv.jpg,2026-03-07 21:43:00-03,"[878,27]",4.892,5.0644,1980-09-01,R,,298,"[""beach"",""monster"",""sand"",""spoof""]",/c0Ss6YF6HQiQChrtdKCRRMXBmlp.jpg
37905,La Horda (2010),"{""castellano"":{""url"":""https://ok.ru/videoembed/9009453926954?autoplay=1"",""quality"":""HD""},""subtitulado"":{""url"":""https://ok.ru/videoembed/2199046457900?autoplay=1"",""quality"":""HD""}}",/ob0dKNywKUdrr1ecQGlYeEC57mQ.jpg,2026-01-20 12:36:45.887344-03,"[28,27,53]",6,0.9795,2010-02-10,R,,1064,"[""paris, france"",""high rise"",""criminal gang"",""zombie apocalypse"",""crooked cops"",""paris suburb""]",/6HzWHiygvz3gofphxO7zcAvgkCp.jpg
38199,El día del juicio final (2010),"{""latino"":{""url"":""https://ok.ru/videoembed/4281094048300?autoplay=1"",""quality"":""HD""}}",/1DfkbLnyV5cjZCGwtmwq3tgGAZV.jpg,2026-01-20 12:36:46.193763-03,"[18,53]",6.805,4.1312,2010-05-26,R,,435,"[""bomb"",""nuclear bomb"",""psychological thriller"",""videotape"",""hard"",""disturbed"",""philosophical"",""serious"",""suspenseful"",""sentimental"",""intense"",""bold"",""cruel"",""empathetic""]",/p80dRTtTQE5U7FeDoJXanxFX2xO.jpg
38356,Transformers 3,"{""castellano"":{""url"":""https://streaam-660fef271516.herokuapp.com/watch/67ae6413265c9891b0b20e46"",""quality"":""HD""}}",/fMqXNNgzTaxalU1ve9KevpELiGe.jpg,2026-01-20 12:36:45.887344-03,"[28,878,12]",6.222,2.2517,2011-06-28,PG-13,,739,"[""chicago, illinois"",""spacecraft"",""moon"",""traitor"",""bodyguard"",""alien planet"",""based on toy"",""giant robot"",""sabotage"",""commando"",""world domination"",""duringcreditsstinger""]",/h3js4rulxzKMOokM2oO5Kr0mBZU.jpg
38765,"Chisum, el rey del oeste (1970)","{""latino"":{""url"":""https://ok.ru/videoembed/12128242305716?autoplay=1"",""quality"":""HD""}}",/t7GnHtvMslkBQFA8rgotzpGfm0A.jpg,2026-02-23 23:47:00-03,[37],6.7,4.6677,1970-07-23,G,,354,"[""gunslinger"",""monopoly"",""moral conflict"",""cattle drive"",""gun battle"",""cattle"",""historical event"",""wagon train"",""posse"",""nostalgic"",""quick draw"",""land war"",""cattle baron"",""aggressive"",""cattle-rustler"",""pat garrett"",""new mexico territory"",""1870s"",""group conflict"",""billy the kid"",""assertive"",""lincoln county war""]",/wMMUUFuCIUbqrrPRkrhLk9EC8h6.jpg
38823,Horror en el museo negro (1959),"{""subtitulado"":{""url"":""https://ok.ru/videoembed/12168067680931?autoplay=1"",""quality"":""HD""}}",/mcaPFh1iNKJTxADypVEswBzQok0.jpg,2026-02-09 17:20:00-03,[27],5.7,0.5719,1959-04-29,NR,,1226,"[""hypnotist"",""hypnotism""]",/hu0I2a1JeRjylBDQ5Ialv9m4wh1.jpg
38921,Burglar (1987),"{""castellano"":{""url"":""https://ok.ru/videoembed/11773636708979?autoplay=1"",""quality"":""HD""}}",/t3cRLXAdjsWQbXsiACosuTwrwmm.jpg,2026-02-11 21:01:00-03,"[80,35]",5.189,4.3133,1987-03-20,R,,407,"[""bookshop"",""burglar"",""suspicion of murder"",""thief""]",/bSFqyA1WlttgzivRVcNT2PlMSkd.jpg
38966,La noche antes (1988),"{""subtitulado"":{""url"":""https://ok.ru/videoembed/4433741941388?autoplay=1"",""quality"":""HD""}}",/xRAHwo9rQu2pIMNrIpqSnZgJx5m.jpg,2026-02-20 13:11:00-03,"[35,10749]",6.1,0.7272,1988-04-15,PG-13,,1165,"[""amnesia"",""handcuffs"",""tied up""]",/uAWNhTbaCkxkm7bmKdxx7WCpQ3l.jpg
39108,Dragon Ball Z: El Ataque Del Dragón (1995),"{""latino"":{""url"":""https://ok.ru/videoembed/6039190571730?autoplay=1"",""quality"":""HD""}}",/A4dmzS3Y9AlI7AKF14xIzAI4GHa.jpg,2026-01-20 12:36:46.662574-03,"[16,28,878]",7.3,3.8175,1995-07-15,PG,,473,"[""martial arts"",""fight"",""martial artist"",""demon"",""nostalgic"",""shounen"",""anime""]",
39109,La flecha y la cruz (1956),"{""latino"":{""url"":""https://ok.ru/videoembed/12638257220276?autoplay=1"",""quality"":""HD""}}",/fGerWOZDm5UwWJS9M2gdEbYMOjj.jpg,2026-03-14 18:54:00-03,[37],5.2,0.7887,1956-09-14,NR,,1143,"[""apache nation""]",/tX6hI9vPjsYxrUCg8ZrEtOIcsHZ.jpg
39401,Los Secretos de Jonathan Sperry (2008),"{""latino"":{""url"":""https://ok.ru/videoembed/9848673995388?autoplay=1"",""quality"":""HD""}}",/ApDGWWKLULc8gZuZlEnK9CZgYU1.jpg,2026-04-06 18:31:00-03,"[18,10751]",6.9,0.8337,2008-04-27,PG,,1121,"[""bible"",""male friendship"",""bullying"",""coming of age"",""unlikely friendship"",""religious film"",""pre-teen"",""adult child friendship"",""christian film"",""christian faith"",""independent film""]",/eTzhRPD1wgAGBFiY3tDPIYr0ZO3.jpg
39514,RED,"{""latino"":{""url"":""https://downloader.f2lp.workers.dev/watch/534764?hash=AgADdA"",""quality"":""HD""}}",/98L63uVsv71kFWeM4ECdQ0Ko44a.jpg,2026-01-20 12:36:45.887344-03,"[28,12,35,80,53]",6.704,6.8778,2010-10-13,PG-13,,200,"[""assassin"",""central intelligence agency (cia)"",""undercover agent"",""kidnapping"",""assault rifle"",""affectation"",""based on comic"",""shootout"",""sniper rifle"",""explosion"",""retired"",""female spy"",""government agent"",""undercover operation"",""black ops"",""first date"",""paranoid"",""aggressive"",""playful"",""dramatic"",""amused"",""audacious"",""exhilarated"",""vibrant""]",/jlCMNcyqmHnsLe8AdhoTMg2kbDu.jpg
39567,Jack el destripador (1976),"{""subtitulado"":{""url"":""https://ok.ru/videoembed/13713497524899?autoplay=1"",""quality"":""HD""}}",/mnPUdPOwbyhlQxUTvdLhhVcTT7R.jpg,2026-03-28 13:14:00-03,"[18,53]",5.8,0.6419,1976-09-23,R,,1201,"[""prostitute"",""jack the ripper"",""murder"",""serial killer"",""maniac""]",/5jVjETyJZbshkSWhFFtEJFq5T64.jpg
39681,7 días (2010),"{""subtitulado"":{""url"":""https://ok.ru/videoembed/11168650169078?autoplay=1"",""quality"":""HD""}}",/mErWGKi7oJExzFXuS98rgztj4Kj.jpg,2026-01-23 06:35:00-03,"[18,27,53]",6.3,1.6827,2010-06-22,R,,863,"[""rape"",""police"",""kidnapping"",""revenge"",""torture"",""whipping"",""rape and revenge""]",
39833,La novia robada (1956),"{""latino"":{""url"":""https://ok.ru/videoembed/11862875507235?autoplay=1"",""quality"":""HD""}}",/4PdRIIrBN4q8H7f8yGbd0ScpTjh.jpg,2026-02-26 15:53:00-03,"[18,37,10402,10749]",6.1,1.2003,1956-11-15,NR,,989,"[""black and white"",""american civil war""]",/48oxvgG5yrMPA2f9cPEhi9mHOV4.jpg
39859,Terror ciego (1971),"{""subtitulado"":{""url"":""https://ok.ru/videoembed/11850239117987?autoplay=1"",""quality"":""HD""}}",/gR2xs6S9F2zjPrmzWsgMXSdVX2C.jpg,2026-01-27 13:58:00-03,"[53,27]",6.504,0.4194,1971-09-02,PG,,1275,"[""murder"",""blind girl""]",
40069,Premonición: El diario del terror (2004),"{""latino"":{""url"":""https://ok.ru/videoembed/12405831502476?autoplay=1"",""quality"":""HD""}}",/Aarfof4kkVvxw9aKETcOGX8vFaZ.jpg,2026-03-24 22:28:00-03,[27],6.3,1.8892,2004-10-02,R,,806,"[""newspaper"",""professor"",""classroom"",""based on manga"",""university""]",/wwjBU3s8oJtAs0qHKEcw2mDyRqY.jpg
40345,Delirium (1972),"{""subtitulado"":{""url"":""https://ok.ru/videoembed/12152232676003?autoplay=1"",""quality"":""HD""}}",/js0GYkyqR0RyIbqMMeAZmUtBiWS.jpg,2026-02-07 19:15:00-03,"[9648,53,27]",4.5,2.2951,1972-07-05,,,732,"[""rape"",""exploitation"",""murder"",""whodunit"",""doctor""]",/rL7Zqmnu42uEdm1hg1JKPTJ2dxG.jpg
40577,Infierno blanco (1953),"{""latino"":{""url"":""https://ok.ru/videoembed/12363773577908?autoplay=1"",""quality"":""HD""}}",/vjiMVMK8FLPACxs3Y0FdYOtnz2J.jpg,2026-03-11 19:34:00-03,"[12,18]",6.3,1.177,1953-09-05,NR,,996,"[""airplane"",""radio"",""survival"",""snow"",""food rationing"",""navigation""]",/rrwglFynYhQh9lLLKkS6ccuxiDQ.jpg
40650,El silencio del mar (1949),"{""subtitulado"":{""url"":""https://ok.ru/videoembed/12166528305907?autoplay=1"",""quality"":""HD""}}",/kiIWqQxhjOnkcZVNbQQJaxIGhtw.jpg,2026-03-07 22:21:00-03,"[18,10752]",7.496,3.9457,1949-04-22,,,460,"[""france"",""nazi"",""world war ii"",""nazi occupation"",""occupied france (1940-44)""]",/guZVHRB7UK8Cts5XzRyiYgmtx4s.jpg
40729,Túnel al infierno II (1990),"{""castellano"":{""url"":""https://ok.ru/videoembed/13828556393123?autoplay=1"",""quality"":""HD""}}",/ogmrboi0JzQ8HS6TK588BMzRA33.jpg,2026-03-31 23:21:00-03,"[27,14]",5.5,0.9542,1990-05-24,R,,1076,"[""high school"",""monster"",""parent child relationship"",""ritual"",""widow"",""restaurant"",""sequel"",""marijuana"",""demon"",""occult"",""canuxploitation"",""airplane pilot"",""supernatural horror"",""parallel dimension"",""teenager""]",/x7r5VjnpUu3tz15mzvHC5GZc45K.jpg
40829,La cámara de los 36 hombres de madera (1976),"{""castellano"":{""url"":""https://ok.ru/videoembed/13120708872867?autoplay=1"",""quality"":""HD""}}",/khUCOB9BzGhxp8fBq9LT52qvLBj.jpg,2026-03-10 23:44:00-03,[28],6.8,4.7394,1976-10-10,12,,343,"[""kung fu"",""buddhist"",""shaolin"",""martial arts master"",""shaolin monk""]",/fpaElIjywDDP7WWfS6pyi4qMxHz.jpg
41018,Man in the Attic (1953),"{""subtitulado"":{""url"":""https://ok.ru/videoembed/11833490410070?autoplay=1"",""quality"":""HD""}}",/bTNobpUvLfY8beiYxqyLbxeljNj.jpg,2026-02-02 20:05:00-03,"[53,80,27]",5.439,1.8666,1953-12-31,,,810,"[""london, england"",""based on novel or book"",""jack the ripper"",""victorian england"",""serial killer""]",/cOscm0VamygZi4OmlOMS0MSQGyR.jpg
41282,Sueños de adolescente (2000),"{""latino"":{""url"":""https://ok.ru/videoembed/11118026361379?autoplay=1"",""quality"":""HD""}}",/7AirhEsvzGtELja4Ma6aa4CMRa.jpg,2026-02-26 14:01:00-03,"[35,18,10749]",6,2.3699,2000-06-06,R,,717,"[""high school"",""governor"",""wyoming, usa"",""coming of age"",""teenage pregnancy"",""woman director"",""1960s"",""mother son relationship""]",/4COmOn4lUd6pHyuHt2ehx1kLmHR.jpg
41374,La noche del diablo (1990),"{""latino"":{""url"":""https://ok.ru/videoembed/11660872387252?autoplay=1"",""quality"":""HD""}}",/6nwIXdBhDfGBR2UW9LIPEDpL2Z3.jpg,2026-02-09 19:13:00-03,"[80,53,27]",5.563,0.9731,1990-04-06,,,1068,"[""serial killer""]",/zrOOuJbNmULSWqsXOaVjwmtiavI.jpg
41407,El bunker (1981),"{""latino"":{""url"":""https://ok.ru/videoembed/11464016988787?autoplay=1"",""quality"":""HD""}}",/2Z6hWDVBkMYTqzslEGpZWRCWy5c.jpg,2026-01-26 09:15:00-03,"[10752,18]",6.148,1.3625,1981-04-15,12,,946,"[""nazi"",""world war ii"",""bunker"",""biography"",""1940s"",""adolf hitler""]",
41415,El mundo que viene (1979),"{""subtitulado"":{""url"":""https://ok.ru/videoembed/11341476268707?autoplay=1"",""quality"":""HD""}}",/57mcPNs083ifBWdDqVcnKlfHX5k.jpg,2026-01-26 21:00:00-03,"[878,12]",3.9,0.3604,1979-05-04,PG,,1292,"[""future"",""spacecraft"",""based on novel or book"",""robot"",""scientist"",""canuxploitation""]",/8FMHwSIA7XflnGSYraMV34qL4YE.jpg
41586,Superagente K-911 (1999),"{""latino"":{""url"":""https://ok.ru/videoembed/2622338960088?autoplay=1"",""quality"":""HD""}}",/eYi2Kje8rfuoHzm5zkqa9nX5q8L.jpg,2026-01-20 12:36:46.434715-03,"[28,35,80]",5.704,1.0703,2000-04-05,PG-13,,1031,"[""shadowing"",""police operation"",""police headquarter"",""dog"",""german shepherd"",""policeman"",""police dog"",""buddy cop""]",/5nvbNXi9rRios6bCL9kEls5AZ5H.jpg
41959,El regreso de Jack el destripador (1988),"{""castellano"":{""url"":""https://ok.ru/videoembed/11417562122867?autoplay=1"",""quality"":""HD""}}",/ldQdtJOA0czii9DHzB2Ys0dIF8u.jpg,2026-01-23 14:23:00-03,"[27,53,9648,80]",5.347,0.8336,1988-05-06,18,,1122,"[""hypnosis"",""scalpel"",""dual role""]",/cD8GvoHyeTJenHHiAxO3Ed9iLK.jpg
42070,El viento de Amnesia,"{""latino"":{""url"":""https://ok.ru/videoembed/7976523664101?autoplay=1"",""quality"":""HD""}}",/jeVWmwmlKxbiR3HFCdQZq4uYmRG.jpg,2026-01-21 08:29:00-03,"[16,18,878]",5.9,0.9824,1990-12-22,M,,1063,"[""based on novel or book"",""post-apocalyptic future"",""memory loss"",""adult animation"",""anime""]",
42170,La venganza es mía (1979),"{""castellano"":{""url"":""https://ok.ru/videoembed/11786471344803?autoplay=1"",""quality"":""HD""}}",/f8Hk4RCOi8ACsKEGItxQfunJelL.jpg,2026-01-28 09:33:00-03,"[80,18]",7.5,1.0933,1979-04-21,R,,1020,"[""japan"",""based on novel or book"",""series of murders""]",
42218,El Imperio de las Hormigas (1977),"{""subtitulado"":{""url"":""https://ok.ru/videoembed/9603761244835?autoplay=1"",""quality"":""HD""}}",/6cmuKjH92h2wrBlbj0WPaTdnpnl.jpg,2026-04-03 22:07:00-03,"[27,878]",4.9,3.1825,1977-06-29,PG,,581,"[""mind control"",""florida"",""based on novel or book"",""boat"",""mutant"",""everglades"",""ant"",""giant insect"",""radioactivity"",""b movie"",""nostalgic"",""real estate"",""florida everglades"",""giant ants"",""animal horror"",""eco-horror""]",/fZqKC0Dw420APMovCTdneSURJDb.jpg
42241,Sebastiane (1976),"{""subtitulado"":{""url"":""https://ok.ru/videoembed/11614481222230?autoplay=1"",""quality"":""HD""}}",/zHuFeTcqpumQy4yQUVlgKdogyS0.jpg,2026-02-01 15:14:00-03,[18],6.5,3.0595,1976-12-17,18,,595,"[""fight"",""exile"",""ancient rome"",""torture"",""execution"",""slow motion"",""pacifist"",""pagan"",""homoeroticism"",""hunt"",""lgbt"",""sword duel"",""religious prejudice"",""erotic movie"",""military unit"",""military outpost"",""living in exile"",""situational sexuality"",""4th century"",""gay theme""]",/x12t7AMcvHd4K4LdW5md4aFQGBA.jpg
42471,El programa final (1973),"{""subtitulado"":{""url"":""https://ok.ru/videoembed/12089982782115?autoplay=1"",""quality"":""HD""}}",/60F9C1fxx30SSLggfn63A3OX6EZ.jpg,2026-02-05 14:12:00-03,"[53,878,35]",5.052,0.4251,1973-10-04,R,,1274,[],/v9pqOa2gxwBPGnyun6DHp2rbsAo.jpg
42491,La venganza de Ulzana (1972),"{""latino"":{""url"":""https://ok.ru/videoembed/11658341321396?autoplay=1"",""quality"":""HD""}}",/5smVrwgfXh5bWuWQx1JiYK0v5am.jpg,2026-02-11 11:34:00-03,[37],6.9,2.0683,1972-10-27,R,,766,"[""ambush"",""indian territory"",""apache nation"",""lieutenant"",""rape victim"",""native american attack"",""tracker"",""gun battle"",""gang rape"",""racism"",""rape and murder"",""massacre"",""cavalry"",""gun shooting"",""arizona territory"",""u.s. cavalry"",""indian scout"",""savagery"",""horse slaughter"",""suicide by gun"",""tracking"",""clever trap"",""indian raid"",""eating dog""]",/j2NA18Cy6AKwSWEwXJaAaqZ2H0.jpg
42532,La revolución de las ratas (1971),"{""castellano"":{""url"":""https://ok.ru/videoembed/11339107273379?autoplay=1"",""quality"":""HD""}}",/uhDAH8JRO9R1ROjSH24GoJPaJBJ.jpg,2026-01-27 09:46:00-03,"[27,878]",6.1,1.1946,1971-07-30,PG,,990,"[""based on novel or book"",""animal attack"",""revenge"",""murder"",""maniac"",""death"",""domineering mother"",""eaten alive"",""rat"",""eaten by rats""]",/goim0tvdXQBnCRv6unuGc0v0Xvh.jpg
42564,Tierra de faraones (1955),"{""castellano"":{""url"":""https://ok.ru/videoembed/11431545735795?autoplay=1"",""quality"":""HD""}}",/kVEijI5N4EqhB7E8jS2tSrLqWEr.jpg,2026-01-25 08:14:00-03,"[18,36]",6.359,1.02,1955-07-24,PG,,1045,"[""egypt"",""pyramid"",""ancient egypt"",""cobra"",""pharoah"",""sarcophagus"",""26th century bc""]",/ciQYkgKcsU3rqUL17Evid8ppN6q.jpg
42589,"¡Hola, mamá! (1970)","{""latino"":{""url"":""https://ok.ru/videoembed/11704053467788?autoplay=1"",""quality"":""HD""}}",/uIIDkoxQyJDyfxVlVnzXDdCbLH0.jpg,2026-02-26 13:34:00-03,"[35,80]",6.3,0.9854,1970-04-27,R,,1061,"[""new york city"",""pornography"",""black panther party"",""sequel"",""peeping tom""]",/vl8dVttuNMYmsT97pKGeGRGNTZb.jpg
42619,El valle del fugitivo (1969),"{""castellano"":{""url"":""https://ok.ru/videoembed/11299854944942?autoplay=1"",""quality"":""HD""}}",/jHgVrkklycUdjKtzGiKgGzwCEnl.jpg,2026-01-28 09:29:00-03,"[37,18]",5.8,0.7202,1969-10-31,PG,,1169,"[""california"",""deputy sheriff"",""native american"",""based on true story"",""on the run"",""desert"",""native american reservation"",""posse"",""manhunt"",""1900s""]",/zxSiL18jSx3Ef0gSE8o5Mq5SYKj.jpg
42710,Locura sangrienta (1984),"{""subtitulado"":{""url"":""https://ok.ru/videoembed/12192516147875?autoplay=1"",""quality"":""HD""}}",/o8GugfPjY4SdSL18volr4sfNy4m.jpg,2026-02-09 19:05:00-03,[27],4.9,0.8727,1984-10-26,R,,1111,"[""mental institution"",""maniac"",""psychiatrist"",""escaped mental patient"",""sorority house"",""murder spree"",""cover-up attempt""]",/kmfr4KuQPBKtQKGiTrGel2Nu30W.jpg
43013,Espía por mandato (1962),"{""latino"":{""url"":""https://ok.ru/videoembed/12273145154228?autoplay=1"",""quality"":""HD""}}",/eKppEJWQZpf6VY9hqYYqsR5IEaq.jpg,2026-03-13 23:52:00-03,"[10752,53,18]",6.451,0.9745,1962-04-13,NR,,1067,"[""spy"",""world war ii"",""sweden""]",/uFeS0iA9IdaReCtLQR21vvwAG4T.jpg
43074,Cazafantasmas (2016),"{""castellano"":{""url"":""https://ok.ru/videoembed/11393815284236?autoplay=1"",""quality"":""HD""}}",/8RInPTtQ8Ysdv9QScY9obSMeF4z.jpg,2026-02-19 21:37:00-03,"[28,14,35]",5.345,6.6095,2016-07-14,,,211,"[""female friendship"",""ghost hunting"",""reboot"",""ghost"",""aftercreditsstinger"",""duringcreditsstinger""]",/3RWsSQlqzRjsuqSRmoyggy74UA7.jpg
43113,El hombre H (1958),"{""latino"":{""url"":""https://ok.ru/videoembed/10269188164228?autoplay=1"",""quality"":""HD""}}",/o79L5T87vekVGfWmTjwBdyNJcuf.jpg,2026-02-13 23:55:00-03,"[878,27]",5.7,1.2446,1958-06-24,NR,,979,"[""japan"",""monster"",""experiment"",""police"",""gangster"",""slime"",""radioactivity"",""scientist"",""h bomb""]",/v0GoLfsXXi5MRn4PzGdCSfQlCMx.jpg
43358,Carrie (1952),"{""latino"":{""url"":""https://ok.ru/videoembed/11080391592616?autoplay=1"",""quality"":""HD""}}",/hif1GraUbvlocgqtrwYMaybsGcJ.jpg,2026-01-27 07:38:00-03,"[18,10749]",6.424,4.1316,1952-07-17,6,,434,"[""chicago, illinois"",""restaurant"",""mistress"",""big city"",""poverty"",""older man younger woman relationship"",""traveling salesman"",""stealing money"",""henpecked husband"",""sweatshop"",""kept woman"",""ambitious girl"",""southside"",""wife leaves husband"",""husband leaves wife"",""woman falls in love"",""1890s"",""restaurant manager"",""unknowingly dating married man"",""searching for happiness"",""young woman moves to city"",""unhappy husband""]",/8A7Xmpsaph7xOlcsqtXs53ieYWM.jpg
43516,La canción de Bernadette (1943),"{""castellano"":{""url"":""https://ok.ru/videoembed/11451106527859?autoplay=1"",""quality"":""HD""}}",/nWiQj1qDKU6QoWYITaso7C1QXCl.jpg,2026-01-25 21:17:00-03,[18],7,1.1204,1943-12-21,NR,,1007,"[""france"",""countryside"",""based on novel or book"",""nun"",""southern france"",""miracle"",""biography"",""vision"",""religion"",""church"",""catholic"",""convent (nunnery)"",""virgin mary"",""19th century"",""covenant"",""spring (water)""]",/5gxdMOVSzWNVNSjDPzQGwP6xAed.jpg
43802,La Loba (1941),"{""subtitulado"":{""url"":""https://ok.ru/videoembed/11063366912680?autoplay=1"",""quality"":""HD""}}",/9B5dZ6ByU24qslPsySQmk1znLjM.jpg,2026-01-30 10:15:00-03,"[18,10749,36]",7.53,1.0657,1941-08-29,14A,,1032,"[""southern usa"",""bathroom"",""bank"",""staircase"",""alabama"",""family relationships"",""money"",""business"",""train"",""theft"",""apple"",""embezzlement"",""railway station"",""heart condition"",""safe deposit box"",""cotton mill"",""father daughter relationship""]",/zcGLxxXHUtjbkZLIrdQjXSLGQmx.jpg
43947,Dulce Venganza (2010),"{""latino"":{""url"":""https://ok.ru/videoembed/2588326431368?autoplay=1"",""quality"":""HD""},""castellano"":{""url"":""https://ok.ru/videoembed/7559603882710?autoplay=1"",""quality"":""HD""}}",/yfJwNAIzPPyAAOoCue1goOuHM81.jpg,2026-02-13 13:50:00-03,"[53,80,27]",6.507,6.1502,2010-06-17,,,228,"[""rape"",""fondling"",""remake"",""revenge"",""writer"",""garden shears"",""rape and revenge"",""emasculation""]",/f4QIQvecRkKD5t7aPclyIr3SEP.jpg
44585,Ataque diabólico (1958),"{""subtitulado"":{""url"":""https://ok.ru/videoembed/11262302358179?autoplay=1"",""quality"":""HD""}}",/tN8lARzROe06PIOFhEyB6nyT1D3.jpg,2026-01-27 19:38:00-03,"[27,878]",5.016,3.5173,1958-04-01,NR,,515,"[""factory"",""shrinking"",""miniaturization"",""police detective"",""dollmaker""]",
44741,Malicia (1973),"{""subtitulado"":{""url"":""https://ok.ru/videoembed/12496887679731?autoplay=1"",""quality"":""HD""}}",/eSwO1elHmOEf3AbbAq6iJ7OWZOT.jpg,2026-03-11 17:16:00-03,[35],7.283,6.5569,1973-03-29,R,,214,"[""virgin"",""blackmail"",""underwear"",""taboo"",""housekeeper"",""voyeur"",""father son relationship""]",/eGqZyH83bQ1x5MKD5SggEfarPa.jpg
45096,Terminator Woman (1991),"{""latino"":{""url"":""https://ok.ru/videoembed/12143931296291?autoplay=1"",""quality"":""HD""}}",/kvFygJwHapMPjRv2jI3qODpmbJS.jpg,2026-03-05 22:53:00-03,"[878,28,53]",4.608,0.7507,1991-01-18,R,,1156,[],/344zsxo6PaXZ1WNMIhhgEDPWyi0.jpg
45335,Doble problema (1967),"{""latino"":{""url"":""https://ok.ru/videoembed/11602766924323?autoplay=1"",""quality"":""HD""}}",/16arir1nxX0CgoS9KpNwNGob4Y6.jpg,2026-03-05 22:26:00-03,"[35,80,18,10402,10749]",4.9,0.84,1967-04-05,NR,,1119,"[""musician"",""romcom"",""metrocolor""]",/zRBR3l4cRoMLbquWVlLkR0r2LtV.jpg
45348,À double tour (1959),"{""subtitulado"":{""url"":""https://ok.ru/videoembed/11894906686038?autoplay=1"",""quality"":""HD""}}",/gopq921no6p13FhnvxiyvyH5CJa.jpg,2026-02-11 15:39:00-03,"[80,9648,18]",5.8,0.6425,1959-12-04,16,,1200,[],/jrTSlvfg95kYZiQndKIFS4amCLo.jpg
45657,Atrapada (2010),"{""latino"":{""url"":""https://ok.ru/videoembed/12044708022819?autoplay=1"",""quality"":""HD""}}",/tmmALKcNpJ4XwiVkx2z1R8kSDkG.jpg,2026-03-02 13:06:00-03,"[27,53]",5.8,1.7608,2010-09-13,R,,838,"[""farm"",""nurse"",""electric shock"",""orderly"",""psychiatric hospital"",""disappearance"",""mental illness"",""duringcreditsstinger""]",/qrcS0uQYNZrMdf0sOSN7Wt454fm.jpg
46029,Two Much (1995),"{""castellano"":{""url"":""https://ok.ru/videoembed/11105232292520?autoplay=1"",""quality"":""HD""}}",/gnRWEnpkNxVVgKDpUTfks6ctoEB.jpg,2026-01-28 08:57:00-03,"[35,10749]",5.398,3.2056,1995-12-01,PG-13,,576,"[""secret identity"",""painter"",""gallery owner"",""engagement"",""con artist"",""art gallery"",""ex-husband ex-wife relationship"",""engagement ring"",""reluctant hero"",""shenanigans"",""sister sister relationship"",""fake twins"",""farce""]",
46146,Troll Hunter (2010),"{""latino"":{""url"":""https://ok.ru/videoembed/8046450051696?autoplay=1"",""quality"":""HD""}}",/fWjIxgdoku53awbUG0abpI661Vs.jpg,2026-01-20 12:36:45.887344-03,"[14,27]",6.698,4.1862,2010-10-29,12,,422,"[""hunter"",""cave"",""mountain"",""wilderness"",""forest"",""woods"",""mockumentary"",""secret government organization"",""hunting trip"",""wildlife"",""conspiracy"",""troll"",""cryptozoology"",""found footage"",""norse mythology"",""aftercreditsstinger"",""folk horror"",""bear hunters"",""norwegian folklore"",""pseudo-documentary"",""pov""]",
46256,El León de Judah (2011),"{""latino"":{""url"":""https://ok.ru/videoembed/6762292251310?autoplay=1"",""quality"":""HD""}}",/3NPOXHY10OHommxoCUhPUNsH71X.jpg,2026-04-09 00:56:00-03,"[12,16,35,10751]",5.1,1.3704,2011-06-03,PG,,939,"[""jerusalem"",""bible"",""palm sunday"",""bethlehem judah"",""talking animal""]",/4wfEboIK9fbPMP0zbAuxPwxSiTJ.jpg
46270,Seducción peligrosa (1992),"{""latino"":{""url"":""https://ok.ru/videoembed/12581977590452?autoplay=1"",""quality"":""HD""}}",/x2E8L0Es8U9JMhN391kiMaZ4dry.jpg,2026-03-11 15:50:00-03,"[28,53,10770]",5,1.3945,1992-10-09,R,,929,"[""diplomat"",""government"",""espionage"",""spy"",""cover-up"",""conspiracy"",""agent""]",/4tl7kkOodSs1QMv0l7pNouNLngh.jpg
46429,Cazador de demonios (2012),"{""latino"":{""url"":""https://ok.ru/videoembed/10727485606527?autoplay=1"",""quality"":""HD""}}",/2xScci6nSbM2TS7gdTrEOJDT8Rm.jpg,2026-01-25 10:10:00-03,"[28,27,37]",4.7,3.3285,2012-10-27,R,,556,"[""bounty hunter"",""nun"",""undead"",""resurrection"",""outlaw"",""revenge"",""hair"",""zombie"",""skin"",""gunman"",""dark fantasy"",""revenant"",""blood revenge"",""evil spirits"",""horror western"",""gunfights"",""necromancy"",""cursed gunslinger"",""supernatural western"",""vengeful spirits"",""mystical powers"",""death and rebirth"",""undead army"",""supernatural revenge"",""dark magic"",""desert wasteland"",""post‑apocalyptic western"",""occult forces""]",/cBIGV9LYgJtb3xHETpgBgN7Mi3F.jpg
46581,Cuentos Inmorales (1974),"{""castellano"":{""url"":""https://ok.ru/videoembed/12543363386099?autoplay=1"",""quality"":""HD""}}",/7avkPYSXPhl2G0FH4lLQozWo1Pl.jpg,2026-03-14 15:35:00-03,"[18,10749]",5.809,3.4438,1974-08-28,18,,538,"[""virgin"",""beach"",""mass murder"",""pope"",""orgy"",""riding a bicycle"",""castle"",""cousin"",""anthology"",""incest"",""middle ages (476-1453)"",""erotic movie"",""brother sister sex"",""brother sister incest"",""father daughter incest"",""father daughter sex""]",/lv7bRurrhBo3vjcwJNztb2ZkDu9.jpg
47758,The Good Fairy (1935),"{""latino"":{""url"":""https://ok.ru/videoembed/10958306871976?autoplay=1"",""quality"":""HD""}}",/mtn7wvW5I2xty7X64m3cwxZAjhA.jpg,2026-02-11 19:37:00-03,"[35,10749]",7,1.2658,1935-02-18,NR,,971,"[""budapest, hungary"",""department store"",""mistaken identity"",""based on play or musical"",""romance"",""black and white"",""orphan"",""waiter"",""good deed"",""usherette"",""integrity"",""sudden wealth"",""naive girl"",""seducer"",""joyful""]",/oUtVWpO99AB62eBfWhU7RuHlamA.jpg
48215,La espada de Kamui (1985),"{""subtitulado"":{""url"":""https://ok.ru/videoembed/3287138699790?autoplay=1"",""quality"":""HD""}}",/dbhDKp4MzOZKNBVf2PYHutoWvDj.jpg,2026-01-21 12:49:00-03,"[16,28,12]",5.8,1.0713,1985-03-08,PG,,1030,"[""treasure"",""based on novel or book"",""revenge"",""murder"",""shinobi"",""shogunate""]",/w7xFiQiKU25ay5fCc2gDqxerzbS.jpg
48219,La Navidad de los nueve perritos (2004),"{""latino"":{""url"":""https://ok.ru/videoembed/12481784777396?autoplay=1"",""quality"":""HD""}}",/ohXqdgSesd8C3uQoJ7Dd8WiMaMS.jpg,2026-03-10 19:48:00-03,"[16,10751]",5.2,0.6279,2004-10-05,,,1207,[],/rz2OiSIVcppkCoftqkfXSan8AHZ.jpg
48266,Ma mère (Mi madre) (2004),"{""subtitulado"":{""url"":""https://ok.ru/videoembed/12403488721621?autoplay=1"",""quality"":""HD""}}",/dVwYgSwlp9yZ7jw5dCk2M2Tv1Ji.jpg,2026-03-12 21:09:00-03,[18],4.471,4.6237,2004-05-19,NC-17,,362,"[""mother"",""based on novel or book"",""nightclub"",""father"",""incest"",""hedonism"",""exhibitionism"",""voyeur"",""attractive"",""depravity"",""gran canaria"",""canary islands"",""mother son relationship""]",/qTZAaHBjdhupfodsMIj4xZrzek0.jpg
48781,Nunca hables con extraños (1995),"{""castellano"":{""url"":""https://ok.ru/videoembed/11085794249384?autoplay=1"",""quality"":""HD""}}",/hvgruucPmNQFS8nje3IhkVywazu.jpg,2026-01-27 14:00:00-03,"[53,10749]",5.277,0.9101,1995-10-20,R,,1093,"[""police"",""telephone"",""love"",""police psychologist"",""erotic thriller""]",/cdfXRJaLXjL6hGYAOYVmhAJu62f.jpg
48844,Santa Paws: En Busca de Santa Can (2010),"{""latino"":{""url"":""https://ok.ru/videoembed/10604518771254?autoplay=1"",""quality"":""1080P""}}",/rYD4MLcQeG8aKhMQBKhzCcx4STD.jpg,2026-04-10 18:37:00-03,"[10751,12]",6.3,1.2618,2010-10-12,G,,975,"[""santa claus"",""dog"",""christmas""]",/A7JLOMnim2y26Vt06vwvz7HmORM.jpg
49343,El sueño del demonio (1988),"{""subtitulado"":{""url"":""https://ok.ru/videoembed/11224649632419?autoplay=1"",""quality"":""HD""}}",/6qkuGMCNYmqlLlW8RsrJYHLri9v.jpg,2026-01-28 09:10:00-03,[27],5.564,0.5488,1988-10-06,18,,1233,"[""london, england"",""amnesia"",""nightmare"",""dream world"",""bride-to-be"",""dreamscape"",""dream within a dream"",""dream demon"",""mirror""]",
49494,La legión del águila (2011),"{""latino"":{""url"":""https://ok.ru/videoembed/12525339478708?autoplay=1"",""quality"":""HD""}}",/2YiuJ1XEaVC1PCXwgvOXs64vrPC.jpg,2026-03-10 19:39:00-03,"[12,18]",6.249,2.4418,2011-02-08,PG-13,,696,"[""roman empire"",""scotland"",""slavery"",""eagle"",""ancient rome"",""honor"",""disappearance"",""ancient world"",""britain"",""slave"",""scottish highlands"",""2nd century"",""hadrian’s wall""]",
49849,Cowboys & Aliens (2011),"{""latino"":{""url"":""https://ok.ru/videoembed/6992602794608?autoplay=1"",""quality"":""HD""}}",/2hEmG3aAodAFsMDySSWia53HneG.jpg,2026-03-26 22:01:00-03,"[28,878,53,37]",5.643,5.4356,2011-07-29,B,,269,"[""spacecraft"",""sheriff"",""robbery"",""escape"",""arizona"",""laser"",""apache nation"",""native american"",""based on comic"",""alien"",""outlaw"",""ufo"",""gunfight"",""creature"",""alien invasion"",""19th century""]",/sGXCYMzr1sCnGNVuRpB2TOWPWDA.jpg
50070,El signo de la cruz (1932),"{""castellano"":{""url"":""https://ok.ru/videoembed/4851006245445?autoplay=1"",""quality"":""HD""}}",/ehpHln4cDPrP7EBUJZSxdjZkryj.jpg,2026-02-26 18:52:00-03,"[18,36]",6.1,0.9387,1932-12-25,NR,,1080,"[""arena"",""ancient rome"",""empress"",""pre-code"",""roman army"",""historical drama"",""nero"",""1st century"",""christian faith"",""historical epic"",""costume epic"",""romantic drama"",""divided loyalties""]",
50272,Somos lo que hay (2010),"{""latino"":{""url"":""https://ok.ru/videoembed/12044531272355?autoplay=1"",""quality"":""HD""}}",/6eHVEIJqUq1oaiS6zUEgYkjn5xo.jpg,2026-02-04 18:06:00-03,"[27,53]",5.9,0.6607,2010-11-12,15,,1193,"[""family relationships"",""murder""]",/bsUMIAeMVQ50g7PFofV1AMZbWNU.jpg
50619,Crepúsculo:  Amanecer - Parte 1 (2011),"{""latino"":{""url"":""https://ok.ru/videoembed/4411789150935?autoplay=1"",""quality"":""HD""},""castellano"":{""url"":""https://ok.ru/videoembed/7140738796076?autoplay=1"",""quality"":""HD""}}",/7lfjhopB4J6KSZQ7qy7NZNz8At8.jpg,2026-02-28 13:58:00-03,"[12,14,10749]",6.192,33.6444,2011-11-16,PG-13,,37,"[""based on novel or book"",""vampire"",""hybrid"",""teen movie"",""werewolf"",""supernatural creature"",""dead"",""duringcreditsstinger"",""based on young adult novel""]",/hBwDYiOPwXHuwiYGP82ekFNSeBr.jpg
50620,Crepúsculo:  Amanecer - Parte 2 (2012),"{""latino"":{""url"":""https://ok.ru/videoembed/4411789150935?autoplay=1"",""quality"":""HD""},""castellano"":{""url"":""https://ok.ru/videoembed/7140739058220?autoplay=1"",""quality"":""HD""}}",/ph60oODRYJ1aVCTXd65i5c5boL5.jpg,2026-02-28 14:40:00-03,"[12,14,18,10749]",6.458,11.6187,2012-11-13,B-15,,125,"[""based on novel or book"",""vampire"",""villainess"",""affectation"",""romance"",""teen movie"",""werewolf"",""supernatural creature"",""super strength"",""imprinting"",""cross breed"",""bloodsucker"",""grudge"",""chief of police"",""wolf pack"",""misinformation"",""seeing the future"",""based on young adult novel""]",/qkl57wzSFrpi2sRpoc2mZJbMuLP.jpg
50671,La víctima perfecta (2011),"{""latino"":{""url"":""https://ok.ru/videoembed/11550867130915?autoplay=1"",""quality"":""HD""}}",/hoZiRe5EK4vIUjvjRf1aUk5RVg4.jpg,2026-02-26 16:14:00-03,"[53,9648]",5.778,1.8149,2011-02-10,R,,824,"[""new york city"",""obsession"",""old man"",""stalking"",""landlord"",""hospital"",""doctor"",""brooklyn, new york city"",""emergency doctor"",""living alone"",""marital separation"",""moving in"",""old building"",""runner"",""handyman"",""creepy"",""in the dark"",""cheating husband"",""secrets"",""behind the wall"",""violation"",""unnerving""]",/6opP1ChcxCXb9FS7yEn1xyxIIJC.jpg
50767,American Cyborg: El guerrero de acero (1993),"{""subtitulado"":{""url"":""https://ok.ru/videoembed/11301205183062?autoplay=1"",""quality"":""HD""}}",/spGgKY5H55HGFCjHKf7WNbk6Zzi.jpg,2026-02-01 05:44:00-03,"[28,12,878]",4.968,0.6923,1993-06-05,,,1180,"[""ship"",""kung fu"",""cyborg"",""post-apocalyptic future"",""terrorism"",""anarchy"",""fetus""]",/zPti1gv6K6WqkpHldYlK0clkQ7m.jpg
51260,The Crawling Hand (1963),"{""subtitulado"":{""url"":""https://ok.ru/videoembed/11816856521302?autoplay=1"",""quality"":""HD""}}",/dc6HgjkuQ7kgAw0GRBuMXTxnIFi.jpg,2026-02-02 19:59:00-03,"[27,878]",3,0.3333,1963-09-04,NR,,1304,"[""astronaut""]",/tg2Vttp0DEeOfe5YimL9TBpuNIy.jpg
51455,Mutant Girls Squad (2010),"{""subtitulado"":{""url"":""https://ok.ru/videoembed/13004300618266?autoplay=1"",""quality"":""HD""}}",/tGCmFL9VL55AjfhjyJ6btUEKkiT.jpg,2026-04-03 22:57:00-03,"[53,28,878,27]",5.5,2.0287,2010-05-22,18,,774,"[""nurse"",""mutant"",""gore"",""schoolgirl""]",/yBsIM9CXEMGddF5bI7IanqMbkus.jpg
52322,Octubre (2010),"{""latino"":{""url"":""https://ok.ru/videoembed/13196264475257?autoplay=1"",""quality"":""HD""}}",/nGyiAANWzk76y60XYOQl0ms08DL.jpg,2026-04-03 23:08:00-03,[18],6.6,0.5012,2010-09-29,U,,1249,"[""pawnbroker"",""old man"",""prostitution"",""abandoned by mother"",""lonely man"",""abandoned baby""]",/sW49fjQJVcEu2Jch09vkQfK91Ue.jpg
52520,Inframundo 4: El despertar (2012),"{""latino"":{""url"":""https://ok.ru/videoembed/12518285249148?autoplay=1"",""quality"":""HD""},""subtitulado"":{""url"":""https://ok.ru/videoembed/12518312970876?autoplay=1"",""quality"":""HD""}}",/8qh7I05jfRlDpk5GLvBZjINGxk2.jpg,2026-03-09 12:30:00-03,"[14,28,27]",6.333,3.6772,2012-01-19,B-15,,500,"[""daughter"",""experiment"",""vampire"",""hybrid"",""child vampire"",""conspiracy"",""werewolf"",""fictional war"",""gothic"",""dark fantasy"",""werewolf child"",""urban gothic"",""good versus evil""]",/wJJJS5ey53DqJ3cTuu7GFJsRsWu.jpg
52795,Doraemon: Nobita y los siete magos (2007),"{""latino"":{""url"":""https://ok.ru/videoembed/7766277818903?autoplay=1"",""quality"":""1080P""}}",/rEkIrwuMOyrplmo0dtx3CqpzQmX.jpg,2026-04-10 18:52:00-03,"[10751,12,16,878,14]",7.186,3.9358,2007-03-10,APTA,,461,"[""friendship"",""time travel"",""remake"",""alternative reality"",""wizard"",""anime"",""magic world"",""family bonds"",""hero's quest""]",/fCrErWTy5YXrzN3NbDoolHwB4b.jpg
52874,"The Yakuza Papers, Vol. 3: Proxy War (1973)","{""subtitulado"":{""url"":""https://ok.ru/videoembed/12973522619043?autoplay=1"",""quality"":""HD""}}",/jkDLytAFbQVJVgtYEvTzjEmlzKT.jpg,2026-03-06 16:28:00-03,"[28,18,80]",7,1.1814,1973-09-25,,,994,"[""assassination"",""hitman"",""gangster"",""yakuza"",""gang war"",""blackout"",""hiroshima, japan"",""betrayal"",""power outage"",""criminal underworld"",""strategy"",""diplomacy"",""1960s"",""cold war era"",""shōwa era (1926-89)"",""scrap metal trade"",""alliance""]",/iEube85zdrjVQvYTGoHhCEkSvVp.jpg
55045,Psych:9 (2010),"{""subtitulado"":{""url"":""https://ok.ru/videoembed/11495664061091?autoplay=1"",""quality"":""HD""}}",/nGxy7Jd7VCSwpjMXJ7ZwWJuFGnC.jpg,2026-01-28 09:28:00-03,"[27,9648,53]",4.566,0.4336,2010-05-07,R,,1272,"[""night shift"",""nurse"",""murder"",""hospital"",""troubled past"",""terror""]",
55562,Rosa Luxemburgo (1986),"{""subtitulado"":{""url"":""https://ok.ru/videoembed/12280108485288?autoplay=1"",""quality"":""HD""}}",/l4cJn6pIS4TX4lmJc1GV0gUOrgx.jpg,2026-03-14 13:50:00-03,"[18,36]",6.545,0.7291,1986-04-10,12,,1164,"[""berlin, germany"",""feminism"",""biography"",""communism"",""woman director""]",/qhYUFeyu05eBb9kmS9LStql8P53.jpg
55872,Tarzán y las amazonas (1945),"{""subtitulado"":{""url"":""https://ok.ru/videoembed/11642225953366?autoplay=1"",""quality"":""HD""}}",/AbuNzz1mi93d8M6CLiDyYGuP2xW.jpg,2026-02-02 19:46:00-03,"[12,28,10749]",6.3,0.7271,1945-04-29,NR,,1166,"[""tarzan"",""jungle"",""amazon women""]",/h7BSu8EH7fwQ9kWiMEGxYussBs0.jpg
56402,"Pan, amor y fantasía (1953)","{""subtitulado"":{""url"":""https://ok.ru/videoembed/4214969469501?autoplay=1"",""quality"":""HD""}}",/3ekWyfnN2OmyxAehjKTB9AtUJG2.jpg,2026-02-02 12:58:00-03,"[10749,35]",7,0.7163,1953-12-22,6,,1171,"[""italian"",""love""]",/kvL58xz7yjaBuZ75Y4A0dmztoQq.jpg
59117,Torrente 4: Lethal Crisis (Crisis letal) (2011),"{""castellano"":{""url"":""https://ok.ru/videoembed/11665592093358?autoplay=1"",""quality"":""HD""}}",/fpYqCfXWrezT8DIRFGTRN0tnSD3.jpg,2026-02-11 19:20:00-03,"[28,35,80]",5.4,1.1482,2011-03-11,12,,1004,[],
61807,Ethan Frome (1993),"{""subtitulado"":{""url"":""https://streaam-660fef271516.herokuapp.com/watch/67ae29d9210f115a8fb1e4fb"",""quality"":""HD""}}",/wsXL08E4gQHWW5pRX4qpIyyeBfs.jpg,2026-01-20 12:36:46.193763-03,"[18,10749]",5.5,3.8334,1993-03-12,PG,,472,"[""based on novel or book"",""massachusetts"",""priest""]",/6BnVhHr7FlAXpslomRaQIymajHY.jpg
62131,"Link, el sanguinario (1986)","{""subtitulado"":{""url"":""https://ok.ru/videoembed/13308836121101?autoplay=1"",""quality"":""HD""}}",/t5jQOHK9ZsxtDG8Pjah4j6ogFvP.jpg,2026-04-03 22:36:00-03,"[27,53]",6.165,2.4889,1986-03-05,R,,687,"[""scotland"",""assistant"",""explosion"",""orangutan"",""doberman"",""chimpanzee""]",/tTaiOystuU603tSOPdmhYAFx4ED.jpg
62395,Marcelino pan y vino (1955),"{""latino"":{""url"":""https://ok.ru/videoembed/11421554838131?autoplay=1"",""quality"":""HD""}}",/vE3WdYEKluLXG7aw3lcU6UuttvP.jpg,2026-01-27 11:05:00-03,[18],7.3,2.3161,1955-02-24,NR,,727,[],/1EoZR0hGuuFIGlxcwChgS3qcCY6.jpg
63311,La piel que habito (2011),"{""castellano"":{""url"":""https://fastream.to/embed-xgjuflxfl899.html"",""quality"":""HD""}}",/7yZdYe0wcPzzvlDKJGieRh6n4C2.jpg,2026-04-17 01:33:00-03,"[18,27,9648,53]",7.489,4.4858,2011-08-17,B-15,,381,"[""mask"",""based on novel or book"",""madrid, spain"",""isolation"",""obsession"",""face transplant"",""plastic surgery"",""half-brother"",""sex change"",""revenge"",""dress"",""plastic surgeon"",""skin"",""nonlinear timeline"",""locked up"",""captivity""]",/qn8NzshtQmJD7Nm06sAp5yOtexH.jpg
64525,Orgasmo (1969),"{""castellano"":{""url"":""https://ok.ru/videoembed/11747084405334?autoplay=1"",""quality"":""HD""},""subtitulado"":{""url"":""https://ok.ru/videoembed/11747083422294?autoplay=1"",""quality"":""HD""}}",/6rGi96VVmYu53tuvm4IZVjqza83.jpg,2026-02-01 12:42:00-03,"[10749,53,27]",5.9,2.7555,1969-02-07,,,635,"[""widow"",""paranoia"",""whodunit"",""exhibitionist""]",/dKesVvpPWcw75HeGuN5jg2ge0BD.jpg
64538,La novicia musulmana (1974),"{""subtitulado"":{""url"":""https://ok.ru/videoembed/11801744902742?autoplay=1"",""quality"":""HD""}}",/7N1tNM00ic81sbvy6QiXTXaNP7E.jpg,2026-02-01 11:55:00-03,"[18,27]",6,2.9931,1974-06-14,R,,604,"[""convent (nunnery)"",""nunsploitation"",""13th century"",""south italy"",""apulia, italy""]",
64690,Drive (2011),"{""castellano"":{""url"":""https://ok.ru/videoembed/11454901193390?autoplay=1"",""quality"":""HD""}}",/r63LaAngw0LAkgYmvA5gllmOUjm.jpg,2026-02-02 14:48:00-03,"[18,53,80]",7.582,13.2015,2011-09-15,R,,108,"[""robbery"",""car mechanic"",""stuntman"",""beaten to death"",""revenge"",""organized crime"",""neighbor"",""police chase"",""los angeles, california"",""brutality"",""jacket"",""scorpion"",""toothpick"",""getaway driver"",""crime lord"",""stunt driver"",""existentialism"",""neo-noir"",""vindictive"",""hammer"",""bold""]",/iymDDg4upZWgpbSeiE1JCjsSPBs.jpg
65014,Una mujer en la playa (1955),"{""subtitulado"":{""url"":""https://ok.ru/videoembed/6984729758338?autoplay=1"",""quality"":""HD""}}",/e3GXlX7ECWHFqiBQI5n3UUEc8Hl.jpg,2026-03-13 17:00:00-03,"[18,80,53,10749,9648]",5.662,0.5455,1955-08-19,NR,,1235,"[""film noir"",""beach house""]",/8ELE1ArSmnW2ch2np0rPSdXJVmk.jpg
65018,The Flame (1947),"{""subtitulado"":{""url"":""https://ok.ru/videoembed/6283712203394?autoplay=1"",""quality"":""HD""}}",/w3bIY9729d2InCXJfycgl9bR0hx.jpg,2026-03-13 17:14:00-03,"[18,80]",5.7,0.6449,1947-11-24,NR,,1199,"[""inheritance""]",/mfRJcXwCN324nzhIXG97dWiurvI.jpg
65374,Samurai Cop (1991),"{""subtitulado"":{""url"":""https://ok.ru/videoembed/11546589792931?autoplay=1"",""quality"":""HD""}}",/jOlz0kpxlLY5xixyDYpcYUi2SJy.jpg,2026-01-27 14:11:00-03,"[28,80,35,53]",4.55,0.9092,1991-11-30,R,,1094,"[""samurai"",""katana"",""exploitation"",""los angeles, california"",""buddy cop""]",/5xU0f38pUnUswnUdqUGbQumAsTX.jpg
66212,Al borde de la ley (1986),"{""latino"":{""url"":""https://ok.ru/videoembed/12413425158796?autoplay=1"",""quality"":""HD""}}",/diXiT68DC6mIlzv3WsOS2iYkl36.jpg,2026-03-21 14:13:00-03,"[28,35,80,18,53]",7.6,2.7919,1986-11-27,,,633,"[""martial arts"",""kung fu"",""cop"",""vigilante"",""lawyer"",""hong kong""]",/urmqanJmSjVReGhbJtv1iiCzKdg.jpg
69292,The Creation of the Humanoids (1962),"{""subtitulado"":{""url"":""https://ok.ru/videoembed/12202346089123?autoplay=1"",""quality"":""HD""}}",/K8dAfr5LbTf7BX7z4egIH3PAlk.jpg,2026-02-11 15:26:00-03,[878],6.3,0.6168,1962-07-03,,,1214,"[""rebellion"",""android"",""nuclear war"",""robot"",""emotion""]",
69336,Justice League of America (1997),"{""latino"":{""url"":""https://ok.ru/videoembed/11446302542476?autoplay=1"",""quality"":""HD""}}",/6Bd04JTvYC5UPrgvEkeThst3jG6.jpg,2026-02-22 09:07:00-03,"[14,28,12,878,10770]",3.616,0.5402,1997-12-28,,,1236,"[""superhero"",""mutant"",""shrinking"",""based on comic"",""disaster"",""super speed"",""miniaturization"",""super power"",""superhero team""]",
69530,Moonlight (Amor en fuga) (2002),"{""latino"":{""url"":""https://ok.ru/videoembed/6576477702754?autoplay=1"",""quality"":""HD""}}",/imawCF2pQpcy8bGG5LcwTjlu1fz.jpg,2026-04-08 21:07:00-03,"[53,10749]",6.4,0.501,2002-09-27,,,1250,"[""woman director""]",/1Og9no7fpemkfTQ2p89wDSVqylC.jpg
69570,La verdadera historia de la monja de Monza (1980),"{""subtitulado"":{""url"":""https://ok.ru/videoembed/11800388766294?autoplay=1"",""quality"":""HD""}}",/2zXfVos3mbd8Gqw7RwqD2XaSSY8.jpg,2026-02-01 05:53:00-03,[18],4.3,0.5345,1980-07-03,,,1240,"[""nun"",""religion""]",/gbve6KsMZl3oZ9h25DSi5gYe4JS.jpg
70479,Die Stewardessen (1971),"{""subtitulado"":{""url"":""https://ok.ru/videoembed/11615160961622?autoplay=1"",""quality"":""HD""}}",/qgp1i6cT9vLPbJvqSN7ejuXC1Sk.jpg,2026-02-01 15:16:00-03,[35],3.5,0.4679,1971-01-01,R,,1261,"[""airplane"",""stewardess"",""travel"",""erotic movie""]",/7bFYk8eZ53leeIhahgv6iGnmNMX.jpg
71120,Impacto final (Final Impact) (1992),"{""latino"":{""url"":""https://ok.ru/videoembed/11023212939903?autoplay=1"",""quality"":""HD""}}",/9gBxcIFT55XvsaOOsUkJ28Dtk7J.jpg,2026-01-24 13:57:00-03,"[18,28]",4.9,0.764,1992-02-07,R,,1152,"[""martial arts"",""casino"",""gambling"",""competition"",""fighter"",""nightclub"",""training"",""relationship problems"",""alcoholism"",""swimming pool"",""kickboxing"",""gym"",""montage"",""loose cannon"",""championship"",""suspicion of adultery"",""win at all costs"",""after hours""]",/vn6Kb65C4ki2uqDYSgbWbak4z8j.jpg
71556,La nueva arma del Reich (2006),"{""castellano"":{""url"":""https://ok.ru/videoembed/4904358119979?autoplay=1"",""quality"":""HD""}}",/917SvDVaphDr53KIRMmjq0vuOoB.jpg,2026-01-21 12:17:00-03,"[28,27,878,10770]",5.474,0.2175,2006-01-01,15,,1346,"[""nazi"",""super soldier""]",
72508,Juego del terror (1985),"{""latino"":{""url"":""https://ok.ru/videoembed/13308203829773?autoplay=1"",""quality"":""HD""}}",/z53s6CZUArDCMlYM8P9zsxB2eap.jpg,2026-04-03 22:39:00-03,"[18,80,27]",6.2,1.8347,1985-01-18,R,,816,"[""high school"",""street gang"",""bullying"",""bully"",""decapitation"",""redneck"",""gang"",""attempted rape"",""amusement park"",""school dance""]",/AdNyYyBJJugWyLa85HQYmOLkAtQ.jpg
73194,Tambores de guerra (1939),"{""latino"":{""url"":""https://ok.ru/videoembed/12606679026356?autoplay=1"",""quality"":""HD""}}",/2daJPR1fhZrOxdcb7O77brqmzf9.jpg,2026-03-14 18:57:00-03,"[18,36,10752]",6.5,1.1863,1939-11-10,NR,,992,"[""husband wife relationship"",""countryside"",""based on novel or book"",""frontiersman"",""newlywed"",""18th century"",""isolated farmhouse"",""british colonialism"",""american revolution"",""revolutionary war"",""american frontier""]",
74336,The Quiet Family (1998),"{""subtitulado"":{""url"":""https://ok.ru/videoembed/10216901970518?autoplay=1"",""quality"":""HD""}}",/6AImw11AeHUkSAG3fJRZj5ccTDk.jpg,2026-01-26 17:03:00-03,"[27,35,80]",7.046,1.0817,1998-04-25,18,,1025,"[""guesthouse""]",/tbI4gCfoCtNlZe5hQBwUWcxbPOE.jpg
74917,Matanza en la Décima Avenida (1957),"{""subtitulado"":{""url"":""https://ok.ru/videoembed/11472168749708?autoplay=1"",""quality"":""HD""}}",/go6yI1PHJeXa3IrGgKLFb5aZ4ns.jpg,2026-02-24 17:31:00-03,"[80,18]",5.4,0.3821,1957-09-01,NR,,1281,"[""film noir"",""waterfront""]",/ptFvG54YlffBZjElrEkz7WyOTDu.jpg
75046,Himno de batalla (1957),"{""castellano"":{""url"":""https://ok.ru/videoembed/12639296817844?autoplay=1"",""quality"":""HD""}}",/l3W5IvmN6uPAPUJv9hiYIo3pyND.jpg,2026-03-13 23:50:00-03,"[18,10752]",6.5,1.0403,1957-02-14,NR,,1039,"[""angel""]",/iTv2lL9n08200tToP2zMF2z1QT9.jpg
75419,Fangs (2002),"{""latino"":{""url"":""https://ok.ru/videoembed/9657417927223?autoplay=1"",""quality"":""HD""}}",/uXRWmexwO8PkSz9gZzpFRi4Llt6.jpg,2026-03-25 19:38:00-03,"[27,35,878]",3.3,0.8796,2002-02-25,12,,1108,"[""police chief"",""bat"",""woman director""]",/bHZiaKVq7ARmaCjzfkKvuTM6cTG.jpg
75759,Roller Boogie (1979),"{""subtitulado"":{""url"":""https://ok.ru/videoembed/7499570022973?autoplay=1"",""quality"":""HD""}}",/qZsRaeX1psqbHm4FMeLgvX2na4Z.jpg,2026-02-14 18:15:00-03,"[18,10749]",5.534,1.2884,1979-12-19,PG,,965,"[""rollerskates"",""disco"",""roller skating""]",/tsGTKW6nTcGNJkgYfQiyO9VsidJ.jpg
77930,Magic Mike (2012),"{""latino"":{""url"":""https://ok.ru/videoembed/11784268417660?autoplay=1"",""quality"":""HD""}}",/cfRv1INLSSumjvxAqEGOP6b0Aw1.jpg,2026-02-13 19:54:00-03,"[18,35]",6.172,4.3204,2012-06-28,,,405,"[""florida"",""seduction"",""based on true story"",""strip club"",""male stripper"",""novice"",""muscled"",""brother sister relationship"",""gay interest""]",/7DWGkbncSGb3nG6MAd2ZqxDvwEt.jpg
78252,Warlock Moon (1973),"{""latino"":{""url"":""https://ok.ru/videoembed/11454498408995?autoplay=1"",""quality"":""HD""}}",/ryUNdW7TW0jTAOc5N6JeuZZQMjc.jpg,2026-03-05 12:52:00-03,"[27,53]",5.237,0.6263,1973-09-27,PG,,1208,"[""ritual"",""satanism"",""spa"",""cannibal"",""ruins"",""old woman"",""abandoned"",""disbelieving man""]",/3bHPO2vC8qkZQmxX4kpYhKzDfpH.jpg
79735,Su venganza era matar (1971),"{""latino"":{""url"":""https://ok.ru/videoembed/12741261396660?autoplay=1"",""quality"":""HD""}}",/kyuq9116gONmk6zMhP1Qn4VsXBm.jpg,2026-03-21 14:28:00-03,[37],6.335,1.7333,1971-07-02,PG,,847,"[""gunslinger"",""based on novel or book"",""chase"",""kidnapping"",""release from prison"",""bank robber"",""firearm"",""revenge"",""murder"",""shootout"",""little girl"",""orphan"",""bullet wound"",""home invasion"",""cowboy"",""ex-con"",""father figure"",""19th century""]",/qzJstBZJW2mHvOpcuSiPjKLR6bp.jpg
80321,Madagascar 3 (2012),"{""latino"":{""url"":""https://streaam-660fef271516.herokuapp.com/watch/679849abcca540c1ca7f517c"",""quality"":""HD""}}",/8fKTIecTVNURB6CRFjYMypggRL2.jpg,2026-01-20 12:36:46.193763-03,"[16,10751,35,12]",6.6,7.3084,2012-06-06,PG,,184,"[""friendship"",""circus"",""lion"",""zoo"",""hippopotamus"",""giraffe"",""penguin"",""cartoon"",""villain"",""zebra"",""slapstick comedy"",""madagascar"",""animals"",""lemur"",""talking animal"",""3d animation""]",/hfdds27YL5nTAhiOtjfNNxD3bJe.jpg
81841,La strage dei vampiri (1962),"{""subtitulado"":{""url"":""https://ok.ru/videoembed/11237015423651?autoplay=1"",""quality"":""HD""}}",/wwyy0XmR9D3CSPLPqP7nxePnIQI.jpg,2026-01-26 20:38:00-03,"[27,9648]",5.217,0.2628,1962-02-06,16,,1333,"[""vampire"",""castle"",""pitchfork"",""blood transfusion"",""battering ram"",""theremin""]",/rNLXfRkKHdZ3FyPQ2tfKYCLNytw.jpg
82505,La casa de al lado (2012),"{""latino"":{""url"":""https://ok.ru/videoembed/12391403424434?autoplay=1"",""quality"":""HD""}}",/1CXIyYvvnibfzsjac0hZ2GspFrZ.jpg,2026-03-06 17:17:00-03,"[27,53]",5.8,2.0014,2012-09-21,PG-13,,782,"[""parent child relationship"",""child hero"",""cross dressing"",""abuse"",""father son conflict""]",/czaJqcaFFq6KSvlOZsDu3eJa35V.jpg
82507,Sinister,"{""latino"":{""url"":""https://ok.ru/videoembed/6536400865919?autoplay=1"",""quality"":""HD""}}",/1e3WRdIczKeEpmccPd34BjcaObj.jpg,2026-01-20 22:04:17.583701-03,"[27,53,9648]",6.87,7.3665,2012-03-29,R,Violence,182,"[""drowning"",""pennsylvania, usa"",""writing"",""child murder"",""snuff"",""tape"",""home movie footage"",""murder"",""massacre"",""power outage"",""held captive"",""hanging"",""death"",""car fire"",""novelist"",""attic"",""occult"",""super 8mm footage"",""moving in"",""book writing"",""supernatural horror"",""sinister"",""ominous""]",/jovIEk4cAxWmA2dBcPrfhn3jzYN.jpg
82549,Un Hada Muy Especial (1997),"{""latino"":{""url"":""https://ok.ru/videoembed/8906039167628?autoplay=1"",""quality"":""HD""}}",/upzHkwzOcaFVwE3HlK9vjgAd951.jpg,2026-04-07 18:05:00-03,"[14,35,10749]",5.5,1.282,1997-10-05,PG,,968,"[""afterlife"",""tooth fairy"",""dentist"",""woman director""]",/26s8wR2X8A5kewlm20zPY2hrboQ.jpg
82598,21 horas en Munich (1976),"{""subtitulado"":{""url"":""https://ok.ru/videoembed/11342832077475?autoplay=1"",""quality"":""HD""}}",/kVYRTI7V8TQn24f9YY3HW58KGXY.jpg,2026-03-31 23:08:00-03,"[18,53]",6.2,0.9327,1976-12-25,16,,1083,"[""hotel"",""airport"",""sports"",""hostage"",""olympic games"",""1970s"",""munich, germany"",""olympian village"",""israeli defense force"",""hostage negotiator"",""west germany"",""olympics"",""black september""]",/2xvA4HqerUcpAxByu2sa95sBIX6.jpg
82675,Búsqueda implacable 2 (2012),"{""latino"":{""url"":""https://ok.ru/videoembed/4529618291451?autoplay=1"",""quality"":""HD""}}",/2RQkFjXnqLxc6F8H4VsitxvSyuk.jpg,2026-01-20 12:36:46.193763-03,"[28,80,53]",6.363,5.5051,2012-09-27,PG-13,,261,"[""kidnapping"",""fbi"",""turkey"",""police chase"",""teenage daughter"",""stealing a car"",""ex-husband ex-wife relationship"",""albanian"",""u.s. embassy"",""aggressive"",""furious""]",
83147,Duelo a muerte en OK Corral (1971),"{""latino"":{""url"":""https://ok.ru/videoembed/11724490148526?autoplay=1"",""quality"":""HD""}}",/z8ALV6xyheSfb7linAq3aqZJVpS.jpg,2026-01-27 09:57:00-03,[37],5.9,4.6077,1971-08-01,PG,,366,"[""gunslinger"",""wyatt earp"",""doc holliday"",""gun fight"",""ok corral"",""fallen woman"",""revisionist western""]",/rUpPLkny7wYyirLufHyP83EaZWa.jpg
83533,Avatar: Fuego y ceniza (2025),"{""latino"":{""url"":""https://ok.ru/videoembed/13419614112318?autoplay=1"",""quality"":""HD""}}",/vHtH4xdcTbaCVftGwaeGFHfOB3p.jpg,2026-04-08 21:24:00-03,"[878,12,14]",7.369,241.6669,2025-12-17,B,"Violence, Threat",3,"[""witch"",""clone"",""space war"",""tribe"",""sequel"",""alien"",""transhumanism"",""family"",""space adventure"",""family dynamics"",""rival"",""audacious"",""cliché"",""vibrant"",""oscar winner""]",/iN41Ccw4DctL8npfmYg1j5Tr1eb.jpg
83860,Bebé de octubre (2011),"{""latino"":{""url"":""https://ok.ru/videoembed/9848912743036?autoplay=1"",""quality"":""HD""}}",/ilUcCcD3JVplN2OioiOfylK5tJY.jpg,2026-04-06 18:30:00-03,[18],6.3,1.1131,2011-10-30,PG-13,,1013,"[""forgiveness"",""self-discovery"",""adoption"",""epilepsy"",""asthma"",""road trip"",""lawyer"",""female protagonist"",""doctor"",""medication"",""biological mother"",""journey"",""college student"",""abortion"",""seizure"",""college freshman"",""father daughter relationship"",""pro life""]",/mbGYMinYmrObVRYpfqCfxAI7ynz.jpg
84937,La puerta de las 7 cerraduras (1962),"{""subtitulado"":{""url"":""https://ok.ru/videoembed/11850735225507?autoplay=1"",""quality"":""HD""}}",/tWvM2eo9NrsaalQfMJYubZVfn4h.jpg,2026-01-27 09:33:00-03,"[80,9648]",6.4,0.3002,1962-06-18,16,,1317,[],/nqpMP2FvIUVYcavugjvHDsynT0H.jpg
85246,Who Killed Teddy Bear? (1965),"{""subtitulado"":{""url"":""https://ok.ru/videoembed/11810992491094?autoplay=1"",""quality"":""HD""}}",/tx8rDJpbDyWoTtCc0MQ4MSS509b.jpg,2026-02-01 12:37:00-03,"[80,18,53]",6.2,0.3464,1965-09-01,15,,1297,"[""new york city"",""rape"",""sexual obsession"",""disc jockey"",""fetish"",""times square"",""perversion"",""busboy"",""police detective"",""peeping tom"",""painful memories"",""dance club"",""discotheque"",""voyeurism"",""pornography addiction"",""telephone terror"",""1960s"",""woman in peril"",""revenge murderer"",""nightclub hostess"",""child sexual abuse"",""revenge fantasies"",""lesbian friend"",""criminal psychologist"",""trauma & memory""]",
86184,Doraemon: Nobita y la leyenda de las sirenas (2010),"{""latino"":{""url"":""https://ok.ru/videoembed/7766277884439?autoplay=1"",""quality"":""1080P""}}",/nhmb6bZ4PbZL6vo70veoAbeDaTq.jpg,2026-04-10 18:51:00-03,"[12,10751,16,14,878]",6.9,3.5142,2010-03-06,G,,517,"[""mermaid"",""anime""]",/6Aj4LfIOhG85obqGE3O0WvpQzqw.jpg
88486,Le regine (1970),"{""subtitulado"":{""url"":""https://ok.ru/videoembed/5304137419282?autoplay=1"",""quality"":""HD""}}",/soOH148Wi2nrjT3NYiPhFHuKeZ1.jpg,2026-03-13 13:14:00-03,"[14,27]",5.529,2.2576,1970-12-11,,,738,"[""claustrophobia"",""deserted house""]",
90926,Ciudad fantasma (1988),"{""castellano"":{""url"":""https://ok.ru/videoembed/11854444890787?autoplay=1"",""quality"":""HD""}}",/fmcI1xJOLtu4x70LZtVFSd2CsqD.jpg,2026-01-27 10:53:00-03,"[27,37,80]",5.1,0.8975,1988-05-26,R,,1102,"[""outlaw"",""curse"",""shootout""]",/ukgp2u7y7gGv4ZTeqtiaBrOuNzz.jpg
90941,Furia primitiva (1988),"{""subtitulado"":{""url"":""https://ok.ru/videoembed/11258379897507?autoplay=1"",""quality"":""HD""}}",/y6bZk79VHK4XvZo6dAJd6Z9JgKq.jpg,2026-01-31 06:08:00-03,"[27,878,53]",5.223,0.5353,1988-12-01,R,,1237,"[""florida"",""experiment"",""biology"",""mouse"",""revenge"",""laboratory"",""university"",""lethal virus"",""killing spree"",""baboon"",""rapist"",""virus"",""infected"",""college student""]",
91314,Transformers 4,"{""castellano"":{""url"":""https://streaam-660fef271516.herokuapp.com/watch/67ae63f7265c9891b0b20e45"",""quality"":""HD""}}",/owqV5Qo2DMMomfB1fS6xYWv3yEh.jpg,2026-01-20 12:36:45.887344-03,"[878,28,12]",5.957,7.1094,2014-06-25,PG-13,,192,"[""bounty hunter"",""texas"",""sequel"",""alien"",""on the run"",""based on toy"",""giant robot"",""robot"",""metal""]",/wxr4Z6E83h14CogsZOzDm1vuDX3.jpg
92694,Trampa infernal (1989),"{""latino"":{""url"":""https://ok.ru/videoembed/11837599910563?autoplay=1"",""quality"":""HD""}}",/fcRTaKCneQrhRz6m0yi59d24w7g.jpg,2026-01-28 12:33:00-03,"[18,28,53,27]",5,4.0036,1989-10-01,,,454,"[""assassin""]",/v7B6NfNxxTqR8Yo9JMOQIF74Wja.jpg
92712,The Erotic Adventures of Zorro (1972),"{""subtitulado"":{""url"":""https://ok.ru/videoembed/12534504622756?autoplay=1"",""quality"":""HD""}}",/xDYbIMjCmYb4ziPmb8upAjf6VAN.jpg,2026-03-21 17:49:00-03,"[35,28,12]",3.7,1.4416,1972-11-09,R,,914,"[""erotic movie"",""zorro"",""pretending to be gay"",""costume""]",
93142,Atormentada (1974),"{""subtitulado"":{""url"":""https://ok.ru/videoembed/11593783839395?autoplay=1"",""quality"":""HD""}}",/1h9zyJz58Wt1a1Z1BERVSofumEO.jpg,2026-01-28 09:09:00-03,"[53,80,9648,27]",5.6,3.3945,1974-08-23,,,544,"[""memory loss"",""whodunit""]",/41rQ9Ebt2P89dYCuYyqkL7LdJcu.jpg
94261,The Amazing Transplant (1971),"{""subtitulado"":{""url"":""https://ok.ru/videoembed/11526936529494?autoplay=1"",""quality"":""HD""}}",/pvGkoNV0WnfcmJq3iJMNLFGoeZj.jpg,2026-02-01 20:49:00-03,"[14,9648,27,80]",4.25,0.1754,1971-01-28,R,,1357,"[""rape"",""kitsch"",""detective"",""shower"",""sexploitation"",""transplant"",""rough sex"",""campy"",""woman director""]",/bxfGOcU2chUGqBpn9nmjWlUCbP3.jpg
95608,La Amante de mi Padre (2017),"{""latino"":{""url"":""https://ok.ru/videoembed/7305899280957?autoplay=1"",""quality"":""HD""}}",/dpWPAciXSdksXyNZSxHuQWbDLqW.jpg,2026-02-14 18:23:00-03,[18],6.32,1.5738,2017-07-27,C,,887,"[""mistress"",""extramarital affair"",""manhattan, new york city""]",/orYYkVBbTB7ZAqxmzlQLIHqENqM.jpg
95610,El Bebé de Bridget Jones (2016),"{""latino"":{""url"":""https://ok.ru/videoembed/9197155781279?autoplay=1"",""quality"":""HD""},""castellano"":{""url"":""https://ok.ru/videoembed/9558454438640?autoplay=1"",""quality"":""HD""},""subtitulado"":{""url"":""https://ok.ru/videoembed/6385943644856?autoplay=1"",""quality"":""HD""}}",/zji3as1okJzO9kpU3j2lng3ESss.jpg,2026-03-02 01:16:00-03,"[18,35,10749]",6.411,3.4814,2016-09-14,C,,526,"[""london, england"",""baby"",""based on novel or book"",""love triangle"",""competition"",""pregnancy"",""ex-boyfriend"",""one-night stand"",""music festival"",""woman between two men"",""sequel"",""forty something"",""billionaire"",""unknown father"",""pregnant woman"",""aftercreditsstinger"",""woman director"",""barrister"",""tv producer""]",/hTReEn9kCeZLxgQmC46hQszLKSq.jpg
95793,El clan de los inmorales (1975),"{""castellano"":{""url"":""https://ok.ru/videoembed/12635544750755?autoplay=1"",""quality"":""HD""}}",/4e4pSdeiKuJdOSPPATJDg2QsxIL.jpg,2026-02-23 22:28:00-03,"[18,80]",4,0.4611,1975-04-22,R,,1265,"[""assassin""]",
96933,Me Again (2011),"{""latino"":{""url"":""https://ok.ru/videoembed/9848604199548?autoplay=1"",""quality"":""HD""}}",/7IgAEQyCdzf7dNd3Sut2nFSAmOr.jpg,2026-04-06 18:35:00-03,"[35,14,18]",5.3,0.8318,2011-08-21,G,,1123,[],/jUqEMy4dL9rbalXAvnQYivyRnTN.jpg
97020,RoboCop (2014),"{""latino"":{""url"":""https://ok.ru/videoembed/11607866346164?autoplay=1"",""quality"":""HD""}}",/gM5ql3BKYmHG3WtZ0buKXN7xY8O.jpg,2026-02-11 10:04:00-03,"[878,28,80]",5.886,5.2629,2014-01-30,B,,282,"[""future"",""police"",""cyborg"",""dystopia"",""remake"",""detroit, michigan""]",/hTDAWiohFTwJaKNcCNlsKs64bip.jpg
99424,Garra Sangrienta (1987),"{""castellano"":{""url"":""https://ok.ru/videoembed/1625019583196?autoplay=1"",""quality"":""HD""}}",/9aI7QJb6rYKx1RhjMYS2pCLxghB.jpg,2026-03-13 13:11:00-03,"[27,35,53]",4.6,2.469,1987-04-01,R,,694,"[""lake"",""fishing"",""wisconsin"",""gore"",""murder"",""spoof"",""slasher""]",/9VpXipoCINIxej3dpFMgUZTTA2s.jpg
101733,Zombie Ass Toilet Of The Dead (2012),"{""subtitulado"":{""url"":""https://ok.ru/videoembed/12044890081955?autoplay=1"",""quality"":""HD""}}",/A72rDceiq2210pj6erQOgDPNrKp.jpg,2026-02-04 15:44:00-03,"[35,27]",4.99,1.5919,2012-02-25,NR,,883,"[""fish"",""suicide"",""japan"",""cheating"",""shotgun"",""camping"",""egomania"",""karate"",""bullying"",""undead"",""toilet"",""woods"",""rape attempt"",""zombie"",""model"",""drugs"",""hatchet"",""feces"",""high school student"",""parasite"",""karma"",""tapeworms"",""japanese high school"",""high school girl"",""stolen vehicle""]",/y8heN9YdP7C5s099S7olky4hkOG.jpg
103937,Surcos (1951),"{""latino"":{""url"":""https://ok.ru/videoembed/9329247193661?autoplay=1"",""quality"":""HD""}}",/x5G5Oen4mik64ewaFu7Prnm0meW.jpg,2026-03-21 23:40:00-03,[18],7.212,1.3999,1951-10-26,,,927,"[""spain"",""madrid, spain"",""immigration"",""hidden camera"",""family"",""neorealism"",""struggles"",""1950s""]",/oRg2GM5QjypBcsirPJHvCzmgPRx.jpg
105836,El infierno de las mujeres (1980),"{""subtitulado"":{""url"":""https://ok.ru/videoembed/11901731867222?autoplay=1"",""quality"":""HD""}}",/h3oLZFHmHCwKQDE06Xhj0VxLTbq.jpg,2026-02-06 23:31:00-03,"[12,80,53]",4.654,0.7923,1980-03-27,18,,1139,"[""prison"",""rape"",""sadism"",""exploitation"",""women's prison"",""prison escape"",""punishment"",""murder"",""jungle"",""brutality"",""death""]",/nq5RTuVW6XqJqWBa4JWdMHkMts9.jpg
106747,Machete Mata (2013),"{""latino"":{""url"":""https://ok.ru/videoembed/1914822527523?autoplay=1"",""quality"":""HD""},""castellano"":{""url"":""https://ok.ru/videoembed/9316282468952?autoplay=1"",""quality"":""HD""},""subtitulado"":{""url"":""https://ok.ru/videoembed/401708944006?autoplay=1"",""quality"":""HD""}}",/3i4UgSZmAJXt6Euy5azvknmzsm9.jpg,2026-01-20 12:36:46.662574-03,"[28,80,53]",5.623,3.6291,2013-09-12,R,,503,"[""mexico"",""the white house"",""nuclear missile"",""machete"",""space"",""aftercreditsstinger""]",/8xmIvGTLusGm5bqKaZr2E9QRoCa.jpg
107257,A Perfect Ending (2012),"{""subtitulado"":{""url"":""https://ok.ru/videoembed/11439228062332?autoplay=1"",""quality"":""360P""}}",/mjwWEwE1xdbtFGCOgeXi5jvQnOU.jpg,2026-01-31 20:39:00-03,"[18,10749]",6.212,2.3587,2012-06-01,NR,,719,"[""female homosexuality"",""lgbt"",""woman director"",""lesbian""]",/vGjUCw8pKjYi1dq2hwC5kdqkLhs.jpg
110412,Síntomas (1974),"{""subtitulado"":{""url"":""https://ok.ru/videoembed/13964095195811?autoplay=1"",""quality"":""HD""}}",/xkQoKaNCZuHoThnlqGLbB3cqN2W.jpg,2026-04-03 21:30:00-03,[27],6.219,1.2362,1974-05-10,15,,980,[],/1gCLybfgz8Ep80YIyHtEcRPoHnt.jpg
111407,Atracción peligrosa (2012),"{""latino"":{""url"":""https://ok.ru/videoembed/7276618910270?autoplay=1"",""quality"":""HD""}}",/hgqF9D3gmfSPqNfteKNUEnJyjzM.jpg,2026-01-20 12:36:46.193763-03,"[53,10770]",5.5,0.3683,2012-05-27,,,1288,[],
116741,Aprendices fuera de línea (2013),"{""latino"":{""url"":""https://ok.ru/videoembed/4281094048300?autoplay=1"",""quality"":""HD""}}",/rh5dGroLv7vmmrVBCCo8tw72MGA.jpg,2026-01-20 12:36:46.193763-03,[35],6.236,0.2085,2013-06-07,PG-13,,1347,"[""friendship"",""california"",""competition"",""job interview"",""mattress shop"",""silicon valley"",""rivalry"",""fish out of water"",""dating"",""loss of job"",""downsizing"",""job hunting"",""summer job"",""salesmen"",""laid off"",""computer programming"",""college student"",""starting over"",""candid"",""google"",""computer programmer"",""dream job"",""ironic"",""odd one out"",""quidditch"",""partying"",""irreverent"",""teamwork"",""direct"",""computer skills"",""didactic"",""all work no play"",""rules and regulations"",""internship"",""hilarious"",""admiring"",""appreciative"",""cliché"",""comforting"",""dignified"",""familiar"",""sales pitch"",""digital age""]",/kms4PhWfP1Q2jidPLOf26qm0paJ.jpg
117501,Satan in High Heels (1962),"{""subtitulado"":{""url"":""https://ok.ru/videoembed/11637900249763?autoplay=1"",""quality"":""HD""}}",/7D8WxwXsNJLRFCuubGFcxxUwW4A.jpg,2026-01-29 16:09:00-03,"[18,53]",5.4,3.2333,1962-03-23,NR,,570,"[""burlesque dancer"",""wife leaves husband""]",
118497,Carruaje a Viena (1966),"{""subtitulado"":{""url"":""https://ok.ru/videoembed/9296942009000?autoplay=1"",""quality"":""HD""}}",/tkosU5OUEs5RJSmahYnnxj2xTg4.jpg,2026-03-28 01:23:00-03,"[10752,18,53]",7.2,0.6504,1966-11-11,,,1197,"[""world war ii""]",/eK95HaiV0YALmYgzmvHhs4jWNJQ.jpg
121734,"Tadeo, el explorador perdido (2012)","{""latino"":{""url"":""https://ok.ru/videoembed/2337263061568?autoplay=1"",""quality"":""HD""}}",/hnJUhmknSFTmgA2pZHwId8ahBvq.jpg,2026-04-09 20:08:00-03,"[16,35,12,10751]",6.288,2.1401,2012-08-10,PG,,758,"[""treasure"",""helicopter"",""peru"",""pyramid"",""museum"",""parrot"",""hot air balloon"",""jungle"",""train"",""dog"",""desert"",""explorer"",""construction worker"",""romantic"",""amused"",""audacious""]",/rg10dfOmhP42jTmVs0jRTPQ0WUE.jpg
122293,El experimento de Philadelphia (2012),"{""castellano"":{""url"":""https://ok.ru/videoembed/13334513191544?autoplay=1"",""quality"":""HD""}}",/hZdZiyhZLbUsCyJAxaeRxurbKju.jpg,2026-03-22 23:49:00-03,"[12,878,53,9648]",4.861,1.7122,2012-07-27,PG-13,,855,"[""time travel"",""remake"",""re-imagining"",""plane crash"",""uss eldridge""]",/oe7zvJk79WBk3I8bNV9zLI0yXKE.jpg
122906,About time (2013),"{""latino"":{""url"":""https://ok.ru/videoembed/5109721205439?autoplay=1"",""quality"":""HD""}}",/6b8zipp2Z4Io5RVuaATBNKtlbE6.jpg,2026-01-20 12:36:46.193763-03,"[18,10749,14]",7.906,9.351,2013-09-04,A,,161,"[""london, england"",""soulmates"",""parent child relationship"",""time travel"",""family secrets"",""cornwall, england"",""family"",""second chance"",""thoughtful"",""time-manipulation"",""reflective"",""playful"",""introspective"",""inspirational"",""intimate"",""sentimental"",""whimsical"",""admiring"",""adoring"",""amused"",""appreciative"",""celebratory"",""comforting"",""compassionate"",""exuberant"",""hopeful"",""viajes en el tiempo"",""viaje en el tiempo""]",/einbto9qLXFx9QXxEHylaxDbKPx.jpg
124470,Existe (2014),"{""subtitulado"":{""url"":""https://ok.ru/videoembed/11386421381838?autoplay=1"",""quality"":""HD""}}",/pfUZN919PZOCbD4HPa9h3nVMij5.jpg,2026-01-21 12:05:00-03,[27],5.505,3.9144,2014-03-17,+16,,462,"[""shotgun"",""texas"",""wilderness"",""bigfoot"",""creature"",""cabin in the woods"",""found footage"",""sasquatch"",""pseudo-documentary"",""pov"",""faux documentary"",""found footage adjacent""]",
126565,Los ilusionautas (2012),"{""latino"":{""url"":""https://ok.ru/videoembed/1014147844739?autoplay=1"",""quality"":""HD""}}",/iHpWJOrofYS0du8qKkXmIJkcBIS.jpg,2026-04-10 00:04:00-03,"[16,12,10751]",4.1,0.5061,2012-01-26,PG,,1248,"[""prequel"",""best friend""]",/kZfNciEBBO4b1TI5cwdyQitY24O.jpg
127946,La ternura de los lobos (1973),"{""subtitulado"":{""url"":""https://ok.ru/videoembed/11264923470504?autoplay=1"",""quality"":""HD""}}",/lDZYwQrmOFHOdDaCScIb4Kh8SXX.jpg,2026-02-05 14:33:00-03,"[27,80,18]",5.567,0.2716,1973-07-12,,,1330,"[""based on true story"",""male homosexuality"",""serial killer"",""series of murders"",""gay theme""]",/wd3MNn0tkExUKCzbfkkEJ8ZFshP.jpg
128177,Elisa antes del fin del mundo (1997),"{""latino"":{""url"":""https://ok.ru/videoembed/10896063138444?autoplay=1"",""quality"":""HD""}}",/3g6CoKlV7S5R4NqsDX0TfjBFbdv.jpg,2026-04-07 16:26:00-03,[18],5.9,0.2615,1997-06-22,,,1334,"[""bank robber""]",/slSTeLXF0Jd3m1ha9ZMfg5tqXn9.jpg
128848,Un tiempo para morir (1969),"{""castellano"":{""url"":""https://ok.ru/videoembed/12645658593853?autoplay=1"",""quality"":""HD""}}",/35ujDfoUcqLCxZjwBFQmeNbchim.jpg,2026-03-20 00:02:00-03,[37],6.3,0.5921,1969-09-15,G,,1220,"[""lynch mob""]",/4beC80M1VthgWJQK3DmvdNkv8wf.jpg
130532,少林僵尸天极 (2006),"{""latino"":{""url"":""https://ok.ru/videoembed/11645097216692?autoplay=1"",""quality"":""HD""}}",/cn65fb0dTpF0YkVMWO8Mi7DK1T2.jpg,2026-02-11 01:51:00-03,"[28,27]",5,0.4704,2006-04-28,,,1258,[],/f9R5ytcDwCrNOZAXeOwYQZ8Gq1F.jpg
133757,Principio y fin (1994),"{""latino"":{""url"":""https://ok.ru/videoembed/11972870343308?autoplay=1"",""quality"":""HD""}}",/nO99GF5MabPXHsBGGbBQCbTays.jpg,2026-04-07 16:21:00-03,[18],7.2,0.6241,1994-06-24,15+,,1211,"[""family""]",/nG8fyojBwlDcbndAZSZijUjb8Cq.jpg
138843,El Conjuro (2013),"{""latino"":{""url"":""https://ok.ru/videoembed/6827669064286?autoplay=1"",""quality"":""HD""}}",/sKuHxkCogdk6YWzTyXYPoo9qd9n.jpg,2026-01-20 12:36:46.193763-03,"[27,53]",7.539,16.7982,2013-07-18,16,,90,"[""sibling relationship"",""1970s"",""cellar"",""exorcism"",""haunted house"",""possession"",""rhode island"",""based on true story"",""paranormal investigation"",""crucifix"",""ghost"",""disturbed"",""demonic"",""demonic spirit"",""demonology"",""psychic vision"",""malevolent spirit"",""amused""]",/aQCCpAIdWAp6wyFgjMry4okwrZo.jpg
139132,La habitación maldita (1969),"{""subtitulado"":{""url"":""https://ok.ru/videoembed/12083289524899?autoplay=1"",""quality"":""HD""}}",/aZXwS3vbmJKbptYXtTxFwTzCVGv.jpg,2026-02-05 18:39:00-03,"[27,53]",6.1,2.8202,1969-05-01,18,,629,"[""widow"",""remake"",""murder"",""female protagonist"",""guilt""]",/qF6RCrEC1g7QxrhRG3uaNtLoWzo.jpg
141442,El Grito De La Muerte (1959),"{""latino"":{""url"":""https://ok.ru/videoembed/11964629453438?autoplay=1"",""quality"":""HD""}}",/t2Agr4Y3JVkCh27Lf1qCgUvwthC.jpg,2026-02-26 22:43:00-03,"[27,37]",5.2,0.1417,1959-12-03,B-15,,1362,"[""revenge"",""apparition"",""isolated house""]",
144904,A Wild Hare (1940),"{""latino"":{""url"":""https://ok.ru/videoembed/11795364383347?autoplay=1"",""quality"":""HD""}}",/9O7060qrAYA8CXEKvbjqqhzhHXv.jpg,2026-02-12 17:14:00-03,"[16,35]",7.221,0.4446,1940-07-27,NR,,1270,"[""hunter"",""cartoon"",""hunting"",""cartoon rabbit"",""rascal"",""short film"",""hare""]",/5cDDC9GXtqvKi1p1W2sIDtAHA2f.jpg
145221,Monsters 2 - Continente Oscuro (2014),"{""castellano"":{""url"":""https://ok.ru/videoembed/10988749720076?autoplay=1"",""quality"":""HD""}}",/9LBesz3hx5mkb2elQJ0EVjZaABT.jpg,2026-02-11 21:39:00-03,"[53,18,878]",4.7,0.7104,2014-10-09,R,,1174,"[""monster"",""post-apocalyptic future"",""sequel"",""alien"",""alien invasion"",""infected""]",
146216,RED 2,"{""latino"":{""url"":""https://downloader.f2lp.workers.dev/watch/534767?hash=AgADRA"",""quality"":""HD""}}",/gXEj0UG7DBLXinlZrw83XdlolKP.jpg,2026-01-20 12:36:45.887344-03,"[28,35,80,53]",6.528,3.7963,2013-07-18,PG-13,,477,"[""london, england"",""central intelligence agency (cia)"",""paris, france"",""england"",""europe"",""based on comic"",""mi6"",""agent"",""hired killer"",""exploding airplane""]",/gd2vQT8uMf1FAsiC0OdewL7XUFR.jpg
149509,Cuernos (2013),"{""latino"":{""url"":""https://ok.ru/videoembed/12116007586482?autoplay=1"",""quality"":""HD""}}",/tjTy6W05mPXXw87IqpjeGNhIcM4.jpg,2026-02-22 08:11:00-03,"[18,14,53]",6.292,2.2281,2013-09-06,R,"Violence / Horror, Negative examples, Sexuality",744,"[""death of girlfriend""]",/mORSowyx92dlvx9zYOKXZx0NpAW.jpg
150456,The Ride Back (1957),"{""latino"":{""url"":""https://ok.ru/videoembed/12481493732020?autoplay=1"",""quality"":""HD""}}",/la5SVq0h0BKkGPJZiHjtRH7Wzpa.jpg,2026-03-10 19:54:00-03,[37],6.3,1.8231,1957-04-28,NR,,822,"[""sheriff"",""mexico"",""failure"",""murder"",""death""]",/yoOHgvmkgERGT2CwJm3A8JIJrQl.jpg
154200,La habitación azul (2002),"{""castellano"":{""url"":""https://ok.ru/videoembed/4781554338416?autoplay=1"",""quality"":""HD""}}",/3Q7yt05tUZ9f8ozAacqc6WpVMtf.jpg,2026-02-14 00:19:00-03,"[18,10749]",6.324,0.4906,2002-05-04,,,1252,[],
158050,Apache Kid (1987),"{""subtitulado"":{""url"":""https://ok.ru/videoembed/11816721320534?autoplay=1"",""quality"":""HD""}}",/zknvJigee4uCJJruRBBBuQzJCVI.jpg,2026-02-02 08:16:00-03,[37],4.618,0.3131,1987-08-26,18,,1312,"[""apache nation"",""native american"",""adopted son""]",/69TmGXTjAscghwTBfywKYxn9qYo.jpg
167963,Tesis sobre un homicidio (2013),"{""latino"":{""url"":""https://ok.ru/videoembed/11492012722814?autoplay=1"",""quality"":""HD""}}",/mUp6JUYOlGdMrUGyf2A6vqHp812.jpg,2026-02-11 15:18:00-03,"[53,18]",6.3,0.6795,2013-01-17,16,,1186,"[""based on novel or book"",""buenos aires, argentina"",""serial killer"",""teacher student relationship"",""law professor""]",/tWYldjFEs3hmFxe2HKCVwV3InnO.jpg
170355,Cielo Oscuro (2012),"{""latino"":{""url"":""https://ok.ru/videoembed/10878409771641?autoplay=1"",""quality"":""HD""}}",/rnBq5W4Y1slYjHbcEce9T7LUTvf.jpg,2026-02-09 19:10:00-03,[],4.167,0.1047,2012-08-23,,,1365,[],/i2bN4X9BRatl1xrVUZQY2R93i93.jpg
171337,Educación siberiana (2013),"{""castellano"":{""url"":""https://ok.ru/videoembed/11479610559091?autoplay=1"",""quality"":""HD""}}",/iD601Bn9QMOB7Sf47HcpTrpqgxE.jpg,2026-01-27 09:31:00-03,"[18,80]",6.796,2.2285,2013-02-27,R,,743,[],/zTbvwjlQLA9v8fH6ju8AyWRXwaw.jpg
175112,Tinker Bell: Hadas y Piratas (2014),"{""latino"":{""url"":""https://ok.ru/videoembed/2038094039616?autoplay=1"",""quality"":""HD""}}",/7Jrap24Ki03bC39hbfyebw3xDul.jpg,2026-04-09 19:47:00-03,"[16,10751]",6.945,4.3749,2014-02-13,AA,,396,"[""fairy tale"",""fairy"",""pirate"",""curiosity"",""duringcreditsstinger"",""woman director""]",/vcLpxfpfKCKGiTlUx83CzKxRDT2.jpg
181533,Una Noche en el Museo 3: El Secreto de la Tumba (2014),"{""castellano"":{""url"":""https://ok.ru/videoembed/11878797806195?autoplay=1"",""quality"":""HD""}}",/wzUTJPo1EkkrsVrICMkBRuYigBY.jpg,2026-02-19 21:32:00-03,"[12,35,14,10751]",6.2,6.3144,2014-12-17,PG,,219,"[""night watchman"",""museum"",""natural history"",""smithsonian""]",/1ClgfKeczI0d0KKuBs5qSIqUReT.jpg
183231,El atentado (2010),"{""latino"":{""url"":""https://ok.ru/videoembed/11739392051798?autoplay=1"",""quality"":""HD""}}",/622Gs7zaK3tIDXzAYuR4xHSgaAc.jpg,2026-02-03 16:42:00-03,"[10752,36,18]",5.9,0.187,2010-08-27,,,1353,[],
185424,Ring the Bell (2013),"{""latino"":{""url"":""https://ok.ru/videoembed/9848703027836?autoplay=1"",""quality"":""HD""}}",/botp2R9eZcLgMmJQUkRceENsXrO.jpg,2026-04-06 18:32:00-03,[18],5.5,0.2725,2013-04-09,PG,,1329,[],/kYOrLvOBxnTnztKBDEHWh8ya5xz.jpg
186935,Heli (2013),"{""latino"":{""url"":""https://ok.ru/videoembed/8846070385281?autoplay=1"",""quality"":""HD""}}",/l3Coj0lecjava65HIawIqVAIeWJ.jpg,2026-01-25 11:04:00-03,"[80,18,10749]",6.647,4.2133,2013-08-09,NR,,418,"[""drug trafficking"",""revenge"",""drug cartel"",""police corruption"",""guilt"",""sexual exploitation"",""brother sister relationship""]",/q4xhZ4GYIgZ9hTyIMhVpYieLrwO.jpg
190859,Francotirador (2014),"{""latino"":{""url"":""https://ok.ru/videoembed/13028985277052?autoplay=1"",""quality"":""HD""},""castellano"":{""url"":""https://ok.ru/videoembed/6989105269292?autoplay=1"",""quality"":""HD""},""subtitulado"":{""url"":""https://ok.ru/videoembed/13029294869116?autoplay=1"",""quality"":""HD""}}",/ntso1nvAVIEdzjc4Tc9nB7MPSKu.jpg,2026-03-24 22:15:00-03,"[10752,28]",7.412,6.7983,2014-12-25,C,,203,"[""sniper"",""based on novel or book"",""affectation"",""grave"",""biography"",""iraq"",""based on true story"",""u.s. navy seal"",""iraq war"",""u.s. soldier"",""u.s. marine"",""mourning"",""9/11"",""hard"",""meditative"",""shocking"",""vexed"",""somber"",""pack"",""guns"",""inspirational"",""provocative"",""dramatic"",""suspenseful"",""tense"",""sentimental"",""appreciative"",""disheartening"",""modest"",""powerful"",""tragic""]",/rl95VDEP3nsUQmGzE0S1S7y6T0N.jpg
192141,Sin Escape (2015),"{""latino"":{""url"":""https://ok.ru/videoembed/9461788248724?autoplay=1"",""quality"":""HD""}}",/5lD3a5DP7LRqBvDjduELvqK9xJo.jpg,2026-01-20 12:36:46.434715-03,"[53,28]",6.945,4.1984,2015-08-26,R,,420,"[""hotel"",""rebellion"",""race against time"",""revolution"",""coup d'etat"",""engineer"",""survival"",""execution"",""american"",""family"",""american abroad"",""u.s. embassy""]",
193662,Santos del infierno (1929),"{""subtitulado"":{""url"":""https://ok.ru/videoembed/10910267738792?autoplay=1"",""quality"":""HD""}}",/kySDpLt4tVjE58vPzONpkn6Ver7.jpg,2026-01-23 10:00:00-03,[37],6.975,1.034,1929-12-27,NR,,1041,"[""bank robber"",""godfather"",""desert"",""pre-code""]",/rRHhf4BqPb7HHgl5Soin2ry3Txc.jpg
193893,Vamos de polis (2014),"{""latino"":{""url"":""https://ok.ru/videoembed/10936810277471?autoplay=1"",""quality"":""HD""}}",/odXbs2TWzZG9gv2h9Xsi9OPQOoD.jpg,2026-01-21 22:11:00-03,[35],6.462,4.4052,2014-08-13,R,,393,"[""robbery"",""corruption"",""police"",""kidnapping"",""nightclub"",""investigation"",""affectation"",""male friendship"",""flashback"",""murder"",""mobster"",""police impersonator"",""los angeles, california"",""buddy cop"",""lying"",""guns"",""playful"",""absurd"",""hilarious"",""admiring"",""adoring"",""amused"",""celebratory"",""familiar""]",/aa5P3DfHMD2Y5xotn2067A5OMAI.jpg
197489,Las cuatro plumas (1978),"{""castellano"":{""url"":""https://ok.ru/videoembed/12295158565502?autoplay=1"",""quality"":""HD""}}",/qd7vyd3pGQ4UXMhKEHODkM5Zq9e.jpg,2026-03-13 23:25:00-03,"[12,18,10752,10770]",6.7,1.1138,1978-01-01,,,1012,"[""based on novel or book"",""british empire"",""sudan"",""british colonial"",""white feather"",""desert battle"",""19th century""]",/chvFXXdSuhmvaGiMWNH1nGDbGIe.jpg
207768,Dulce venganza 2 (2013),"{""latino"":{""url"":""https://ok.ru/videoembed/7270641961490?autoplay=1"",""quality"":""HD""},""castellano"":{""url"":""https://ok.ru/videoembed/7559601588950?autoplay=1"",""quality"":""HD""}}",/g0jxa1yogAkVsBCpQPBwmqUZn1W.jpg,2026-02-13 14:07:00-03,"[53,27,80]",6.3,4.4348,2013-08-25,,,388,"[""rape"",""exploitation"",""sequel"",""revenge"",""model"",""american express"",""rape and revenge""]",/rmYAHOJoA55EKP2t4WQAntPTjMY.jpg
207932,Inferno (2016),"{""latino"":{""url"":""https://streaam-660fef271516.herokuapp.com/watch/67953bff99e591269e40903a"",""quality"":""HD""}}",/lCGqpwsgjegq26fMiR54ugJtIc6.jpg,2026-01-20 12:36:46.193763-03,"[9648,53,28]",6.087,4.5571,2016-10-13,PG-13,,376,"[""amnesia"",""based on novel or book"",""italy"",""europe"",""sequel"",""murder"",""conspiracy"",""religion"",""church"",""virus"",""symbology""]",/bYSzeJpAHOBMRNJStaubwWwKI72.jpg
208917,El aullido del diablo (1988),"{""castellano"":{""url"":""https://ok.ru/videoembed/13335192537763?autoplay=1"",""quality"":""HD""}}",/lVGn6HC1rk3bzgvf0lwRguam3QB.jpg,2026-03-25 17:46:00-03,[27],5,0.7647,1988-01-01,,,1150,"[""monster"",""werewolf""]",/tZB5uzOTFQtaUPdZNelexLcc8wZ.jpg
209504,Bounty Killer (2013),"{""subtitulado"":{""url"":""https://ok.ru/videoembed/12095472601763?autoplay=1"",""quality"":""HD""}}",/1lpj1rddwUMpT0KMWu9sGjP1JA5.jpg,2026-02-05 17:17:00-03,"[28,878]",5.675,0.6683,2013-09-05,R,,1190,"[""dystopia"",""post-apocalyptic future"",""based on comic"",""femme fatale"",""desert town"",""female bounty hunter""]",/deLGvoubdNQ5kKOHbXXmXNW1Hnn.jpg
210203,The Favourite Game (2003),"{""subtitulado"":{""url"":""https://ok.ru/videoembed/11816578845270?autoplay=1"",""quality"":""HD""}}",/417bYgeqOWmj53zau5LL7cdVNvA.jpg,2026-02-01 21:27:00-03,[18],4,0.5966,2003-02-28,14A,,1219,"[""philosophy"",""poetry"",""coming of age""]",/2qPX5aPduEvlQIJBhniYyykTp5W.jpg
211052,Miss Violence (2013),"{""subtitulado"":{""url"":""https://ok.ru/videoembed/11677641083478?autoplay=1"",""quality"":""HD""}}",/39lWrMhjHMfemVq6d318OomTl0H.jpg,2026-01-28 09:31:00-03,[18],6.975,1.5829,2013-09-09,18,,885,"[""suicide"",""trauma"",""family"",""childhood sexual abuse""]",
213104,Pinocho en el espacio exterior (1965),"{""subtitulado"":{""url"":""https://ok.ru/videoembed/13910220802573?autoplay=1"",""quality"":""1080P""}}",/kstJqYbHNj9yM1EVwnXQmc7IoTq.jpg,2026-04-21 22:57:00-03,"[16,12,10751,14,878]",5,0.2607,1965-12-22,,,1335,"[""based on novel or book"",""whale"",""space travel"",""sequel"",""marionettes""]",/ugvzvxGtk2825Dbx9Sdre6IeoCn.jpg
219247,Zombie Night (2013),"{""latino"":{""url"":""https://ok.ru/videoembed/10067049646728?autoplay=1"",""quality"":""HD""}}",/iS1tYFialjnYQ1pDLYN7gX3TG0J.jpg,2026-04-08 20:36:00-03,[27],3.9,1.0972,2013-10-08,14A,,1018,"[""zombie"",""zombie apocalypse""]",/iaCEewhLWlTsHPkuHhqDdq4SfLz.jpg
226674,La adolescente (1979),"{""latino"":{""url"":""https://ok.ru/videoembed/6488201890402?autoplay=1"",""quality"":""HD""}}",/v7yCEzF9BCF82lbp42X5ZLjIieo.jpg,2026-04-08 20:55:00-03,[18],4.3,32.5525,1979-01-24,,,38,"[""coming of age"",""first love"",""woman director""]",/dqmeFUrf6Hs2ejcGGGfv69vtbbR.jpg
227874,Bajo la metralla (1983),"{""latino"":{""url"":""https://ok.ru/videoembed/11000902191756?autoplay=1"",""quality"":""HD""}}",/yoVG5WmLyWK9DXKQoG9zKNGRUNo.jpg,2026-04-07 16:24:00-03,"[53,18,80]",5.1,0.6375,1983-11-17,,,1204,[],/lVWjHw4spucv94esHefgpeprQG.jpg
227973,"Snoopy y Charlie Brown: Peanuts, la película (2015)","{""latino"":{""url"":""https://ok.ru/videoembed/2328246553152?autoplay=1"",""quality"":""HD""}}",/iVA3vFDGvAkg3d048QDNnTwqhc1.jpg,2026-04-09 19:49:00-03,"[35,16,10751]",6.959,4.9559,2015-11-05,AA,,309,"[""based on comic"",""computer animation"",""red baron"",""family"",""comic strip"",""cartoon dog"",""aftercreditsstinger"",""duringcreditsstinger"",""the red baron"",""joyous"",""amused"",""cheerful""]",/361quVX94drEaExOKScbZYsxijG.jpg
228066,Victor Frankenstein (2015),"{""latino"":{""url"":""https://ok.ru/videoembed/12098535557678?autoplay=1"",""quality"":""HD""}}",/qjQnhz7eIqmpERZxUANJfvKsT7e.jpg,2026-03-06 20:33:00-03,"[18,878,53]",5.946,2.7411,2015-11-10,PG-13,,640,"[""london, england"",""experiment"",""based on novel or book"",""circus"",""transformation"",""mad scientist"",""gothic horror"",""reanimated corpse"",""medical student"",""19th century""]",/byMyHJvhiIMKEYqO4I3UhIPEm7G.jpg
228205,El viaje más largo (2015),"{""latino"":{""url"":""https://ok.ru/videoembed/3824311995095?autoplay=1"",""quality"":""HD""},""subtitulado"":{""url"":""https://ok.ru/videoembed/930144193158?autoplay=1"",""quality"":""HD""}}",/fBIqn0Qa1rctlZfIeW1AICgS3Hm.jpg,2026-01-20 12:36:46.434715-03,"[18,10749]",7.626,3.324,2015-04-09,PG-13,,557,"[""based on novel or book"",""art student"",""love"",""cowboy"",""injury"",""bull riding"",""young adult""]",/fLgQ6bf9RKywpZckiEtAPnY3DLr.jpg
238603,Llamando a Echo (2014),"{""latino"":{""url"":""https://ok.ru/videoembed/334035290755?autoplay=1"",""quality"":""HD""}}",/yiNPza51nLvVTWTB9q4ifzfUlml.jpg,2026-04-09 23:50:00-03,"[10751,12,878]",5.9,1.3015,2014-06-14,PG,,962,"[""alien"",""found footage"",""aftercreditsstinger""]",/xqCU96foxW8w2dhaEhP3vr1Sx4R.jpg
239581,Alias 'La Gringa' (1991),"{""latino"":{""url"":""https://ok.ru/videoembed/11875744090745?autoplay=1"",""quality"":""HD""}}",/fFMGF7DBuTT1J6JpDM45tgVBBIE.jpg,2026-04-03 23:15:00-03,"[28,18,10749]",6.3,0.2061,1991-01-01,,,1348,[],/kc7xwmv2FFF3a8HsCjxHqDxuiLB.jpg
244267,I Origins (2014),"{""latino"":{""url"":""https://ok.ru/videoembed/901958863592?autoplay=1"",""quality"":""HD""},""castellano"":{""url"":""https://ok.ru/videoembed/8972677286529?autoplay=1"",""quality"":""HD""}}",/2VbIjTUfHNCIwLIkXn3IPUS8oBi.jpg,2026-01-20 12:36:46.662574-03,"[878,18]",7.6,2.4966,2014-07-18,7,,684,"[""reincarnation"",""doctor"",""india"",""molecular biologist"",""médico""]",/v0rI995IpYNZQaqlIYBmodP0f82.jpg
244336,Juliana,"{""latino"":{""url"":""https://ok.ru/videoembed/8517775657525?autoplay=1"",""quality"":""HD""}}",/fkiEqT3oFY6mF8Wf0mqHL4nPm6P.jpg,2026-01-20 12:36:45.887344-03,"[18,10751]",8.9,1.1874,1988-12-30,U,,991,"[""sibling relationship"",""peru""]",
252465,Father & Son: Dangerous Relations (1993),"{""latino"":{""url"":""https://ok.ru/videoembed/12903779732003?autoplay=1"",""quality"":""HD""}}",/eQf3yTOypKxuBJvv4zdYtYIipWL.jpg,2026-03-29 11:11:00-03,"[18,80,10770]",6,1.1108,1993-04-19,16,,1014,[],/zsPDWJtqK0lpGI4GR4tl5ft5ssJ.jpg
253307,The Infinite Man (2014),"{""subtitulado"":{""url"":""https://ok.ru/videoembed/12228450519765?autoplay=1"",""quality"":""HD""}}",/pQQQIkydX7ZoelOInw6aL6uJeuU.jpg,2026-03-05 21:34:00-03,"[878,35,10749]",5.9,0.4144,2014-03-07,18A,,1277,"[""hotel"",""beach"",""jealousy"",""ex-boyfriend"",""time travel"",""time loop"",""mental illness"",""anniversary""]",/6FkLR9rpsMviZU7lWRAKgLuG9Zt.jpg
253310,Premature (2014),"{""subtitulado"":{""url"":""https://ok.ru/videoembed/6107869088447?autoplay=1"",""quality"":""HD""}}",/8HBpukoToj6raKUGjTaFdCVW5Vs.jpg,2026-01-20 12:36:46.662574-03,[35],5.47,4.648,2014-07-02,R,,356,"[""time loop""]",/qITMDD5ggmuUsShtJT1MAusnT.jpg
254298,El eroticón (1970),"{""subtitulado"":{""url"":""https://ok.ru/videoembed/11201304726184?autoplay=1"",""quality"":""HD""}}",/xYHrWtC9Ptnq0YYrU0ZglEaWHyd.jpg,2026-02-01 15:01:00-03,[35],4.8,0.3955,1970-03-05,R,,1279,"[""advertising""]",/ixNx1VZ2VucUro7GIqoRafM5mCC.jpg
256040,La leyenda de Baahubali: el inicio (2015),"{""latino"":{""url"":""https://ok.ru/videoembed/12391407225522?autoplay=1"",""quality"":""HD""}}",/4x6Buj1yyRZBTMYQETzwnEj3I7E.jpg,2026-03-06 20:10:00-03,"[28,18]",7.52,3.1787,2015-07-10,NR,,583,"[""kingdom"",""medieval india"",""ancient india"",""bilingual""]",/e9ZEuHGHZ06AToHlfN1L7nejJ7W.jpg
256274,Así en la Tierra como en el Infierno (2014),"{""latino"":{""url"":""https://ok.ru/videoembed/10060960041608?autoplay=1"",""quality"":""HD""}}",/t979TJIaqOdZBokMWqMHZrfJLzW.jpg,2026-04-08 20:45:00-03,"[27,53]",6.735,4.8389,2014-08-14,R,,325,"[""treasure"",""paris, france"",""loss of loved one"",""catacombs"",""female protagonist"",""scientist"",""archaeologist"",""subjective camera"",""found footage"",""adventurer"",""archeology"",""underground tunnel"",""female archeologist"",""philosopher's stone"",""pov (point of view)"",""endless tunnels"",""pseudo-documentary"",""intense"",""faux documentary"",""hybrid found footage""]",/w2IVckABEbAZOhuuLcQRHdyI6uk.jpg
256835,Toy Story: Olvidados en el Tiempo (2014),"{""latino"":{""url"":""https://ok.ru/videoembed/332666768003?autoplay=1"",""quality"":""HD""}}",/3m8SkdSzWOkNodITnuqXCGaIdFG.jpg,2026-04-09 23:54:00-03,"[16,10751,12,35]",7.008,3.3059,2014-12-02,G,,561,"[""christmas"",""television special"",""short film""]",/4vetbabOgDQzpitnAkEVRiZP4P5.jpg
258216,Ninfomanía: primera parte (2013),"{""castellano"":{""url"":""https://ok.ru/videoembed/12223998200446?autoplay=1"",""quality"":""HD""}}",/5fIYqH2iz3DyVlb7muULsSokgv7.jpg,2026-03-07 22:02:00-03,[18],6.845,1.9393,2013-12-25,,,794,"[""uniform"",""virgin"",""sexual obsession"",""fly fishing"",""sex addiction"",""sin"",""beating"",""sexual promiscuity"",""promiscuity"",""softcore"",""promiscuous woman"",""addict"",""experience"",""abuse"",""sex""]",/8tDhIbueuM4PK9b1q0Rshzgovee.jpg
258410,Esta es la noche (1954),"{""latino"":{""url"":""https://ok.ru/videoembed/11626258041518?autoplay=1"",""quality"":""HD""}}",/1iQz1QmzW6qNHh9BRCTEruAg4Et.jpg,2026-01-26 18:00:00-03,[35],5.2,0.2446,1954-06-29,NR,,1339,"[""small town"",""haunting"",""romantic rivalry"",""black and white"",""ireland"",""murder plot""]",
259693,El Conjuro 2 (2016),"{""latino"":{""url"":""https://ok.ru/videoembed/9289318075124?autoplay=1"",""quality"":""HD""}}",/pdNW0HWw11Wn2N94VGea8O44wOA.jpg,2026-01-20 12:36:46.193763-03,[27],7.294,12.3599,2016-06-08,R,,117,"[""london, england"",""england"",""1970s"",""spirit"",""single mother"",""demon"",""paranormal investigation"",""demonic possession"",""ghost"",""christmas"",""grim"",""valak""]",/mFCS5OuhPYT79KXu5jl7RqznPR1.jpg
260346,Búsqueda implacable 3 (2015),"{""latino"":{""url"":""https://ok.ru/videoembed/7212683758202?autoplay=1"",""quality"":""HD""}}",/hCffcXqpH002rvSFt8AUnIC376s.jpg,2026-01-20 12:36:46.193763-03,"[53,28]",6.259,6.9545,2014-12-16,PG-13,,197,"[""california"",""escape"",""funeral"",""gas station"",""detective"",""bodyguard"",""suspicion of murder"",""golf"",""penthouse apartment"",""morgue"",""car crash"",""sequel"",""confusion"",""murder"",""fugitive"",""on the run"",""shootout"",""police chase"",""explosion"",""foot chase"",""anger"",""group of friends"",""death of mother"",""surveillance camera"",""murder investigation"",""failing marriage"",""ex-husband ex-wife relationship"",""police surveillance"",""wanted man"",""police inspector"",""framed for murder"",""protective father"",""gps"",""money problems"",""elevator"",""prime suspect"",""curious"",""college student"",""rich husband"",""thoughtful"",""ex special forces"",""ex-cia agent"",""unhappy marriage"",""unplanned pregnancy"",""spetsnaz"",""secret hideout"",""innocent suspect"",""lost money"",""father daughter relationship"",""army veteran"",""associates"",""secret investigation"",""homicide investigation"",""russian"",""deep sadness"",""enemy"",""evasion"",""understated"",""mystery"",""honorable"",""stepfather stepdaughter relationship"",""death of ex"",""spy tech"",""outsmart"",""special skills"",""owe money to criminals"",""amused"",""awestruck"",""enthusiastic"",""venganza""]",/vFm4pF0BgaWPj0i2zEiZO6TqEQ0.jpg
264999,Magic Mike XXL (2015),"{""latino"":{""url"":""https://ok.ru/videoembed/11784639744636?autoplay=1"",""quality"":""HD""}}",/mXWbLqTWziO9aAyWMBzVnDSP57t.jpg,2026-02-13 19:56:00-03,"[35,18]",6.149,4.7549,2015-07-01,,,340,"[""dancing"",""male friendship"",""road trip"",""strip club"",""strip tease"",""male stripper"",""strip"",""gay interest""]",/9w8jSvBN745BdgcB7VOz4AwsQAj.jpg
265195,Relatos salvajes (2014),"{""latino"":{""url"":""https://ok.ru/videoembed/5648239889130?autoplay=1"",""quality"":""HD""}}",/vimbRR5XdkMj7CqnzVN92Cla8jN.jpg,2026-04-21 20:38:00-03,"[18,53,35]",7.862,4.3587,2014-08-21,C,"Sexual Content, Inappropriate Language, Violence",399,"[""dark comedy"",""anthology"",""revenge"",""wedding party"",""road rage"",""multiple storylines"",""antagonistic"",""audacious""]",/dHnki2Dh6lbOtfksrh8H5lg08f5.jpg
265635,Tiempo Suspendido (2015),"{""latino"":{""url"":""https://ok.ru/videoembed/9406980557540?autoplay=1"",""quality"":""HD""}}",/pitoJ1MTdc8FSNBdNstWnPiazMz.jpg,2026-03-29 11:58:00-03,"[80,99,18]",10,0.4971,2015-03-10,,,1251,[],/mIFS9SfW2Ht4y8T6gjFhm2DF40Q.jpg
266220,Heidi (1979),"{""latino"":{""url"":""https://ok.ru/videoembed/10812842904118?autoplay=1"",""quality"":""1080P""}}",/pUYguJCBu06oyJMx1Y06jo50VZs.jpg,2026-04-10 18:19:00-03,"[16,10751,12]",7.765,1.3755,1979-03-17,,,938,"[""anime""]",/h1QkiaDhNm12zyESO51AvA3AXYR.jpg
271706,Big Fish y Begonia (2016),"{""latino"":{""url"":""https://ok.ru/videoembed/2218396748530?autoplay=1"",""quality"":""HD""}}",/vGSwbdUQvh2NcCCkyO80UWrHNvx.jpg,2026-04-09 01:07:00-03,"[16,12,14]",7.375,2.2168,2016-07-08,PG-13,,746,"[""self sacrifice"",""magic"",""ocean"",""supernatural"",""human animal relationship"",""romance"",""coming of age"",""adult animation"",""anime"",""animal transformation""]",/3WVhUsttN1uLyXhV33xCkONeFGA.jpg
280092,La noche del demonio: Capítulo 3 (2015),"{""latino"":{""url"":""https://ok.ru/videoembed/12391415810738?autoplay=1"",""quality"":""HD""}}",/qnVtVZIiQ59MsZHKhxYenjAIBXo.jpg,2026-03-06 18:39:00-03,"[27,53]",6.283,3.4111,2015-05-28,PG-13,,541,"[""supernatural"",""medium"",""sequel"",""evil spirit"",""prequel"",""demon"",""other dimension"",""insidious"",""supernatural horror"",""horror""]",/1fpwEe2GvNjAq2MN2xxdifNZLBT.jpg
283445,Sinister 2,"{""latino"":{""url"":""https://ok.ru/videoembed/868426975878?autoplay=1"",""quality"":""HD""}}",/fy77hEGu1Sek6oyek2odciegKd1.jpg,2026-01-20 22:04:31.108691-03,[27],5.888,2.3921,2015-08-19,R,,711,"[""nightmare"",""police"",""investigation"",""supernatural"",""haunted house"",""snuff"",""deputy"",""sequel"",""evil spirit"",""murder"",""private investigator"",""disappearance"",""investigator"",""twins"",""killer"",""evil"",""ritual murder"",""ghost"",""mysterious killer"",""evil child"",""isolated farmhouse"",""cold case"",""supernatural power"",""rural""]",
284286,Learning to Drive (2014),"{""castellano"":{""url"":""https://ok.ru/videoembed/11442341284520?autoplay=1"",""quality"":""HD""}}",/zGj6PSu9WLmE750T2OZ0E9iaghl.jpg,2026-02-11 19:23:00-03,"[18,35]",6.177,0.6565,2014-08-21,R,,1194,"[""new york city"",""marriage crisis"",""taxi driver"",""sadness"",""driving school"",""cultural difference"",""driving lesson"",""failing marriage"",""marital separation"",""woman director"",""customs agent"",""college student"",""long term relationship"",""period  of adjustment"",""driving instructor"",""mother daughter relationship"",""sikhism"",""literary critic""]",/qlyMYhSdh63An9g6nrQ5bN1fizC.jpg
291151,The stranger (2014),"{""subtitulado"":{""url"":""https://ok.ru/videoembed/11829762067107?autoplay=1"",""quality"":""HD""}}",/8YjSy1vG4yuuatgdAU1NbitA52F.jpg,2026-01-26 17:52:00-03,"[53,27,9648]",4.736,2.2972,2014-06-12,18,,731,[],/plTx6iHNbLxNXKL4swZxl4RVT2w.jpg
291270,Anomalisa (2015),"{""latino"":{""url"":""https://ok.ru/videoembed/7281928636989?autoplay=1"",""quality"":""HD""}}",/4DJ1zNr4Y6q7zQ27goEYla46VdO.jpg,2026-02-14 18:29:00-03,"[16,18,10749,35]",7.102,2.202,2015-12-30,B-15,,749,"[""depression"",""nightmare"",""love at first sight"",""melancholy"",""puppet"",""stop motion"",""adult animation"",""existentialism"",""somber"",""convention"",""anti-depressant"",""philosophical"",""clinical"",""intimate"",""adoring""]",/xNykrL50OsygNTtFuHCw9U0D3eu.jpg
291851,El campo del honor (2015),"{""castellano"":{""url"":""https://ok.ru/videoembed/12207206697598?autoplay=1"",""quality"":""HD""}}",/sT0UoBSZ48RbQVqctVAJddyPXdw.jpg,2026-03-06 16:32:00-03,"[10752,18,36,28]",6.134,2.3995,2015-03-30,PG-13,,705,[],/lWmwwZJfEJSAAvIL4EztZRiVKUo.jpg
291870,Mi abuelo es un peligro (2016),"{""latino"":{""url"":""https://ok.ru/videoembed/12391425837746?autoplay=1"",""quality"":""HD""}}",/pwOgOFPBhGVWZTvXI3rG1TtFt7s.jpg,2026-03-06 16:17:00-03,[35],5.934,3.5392,2016-01-20,R,,508,"[""funeral"",""golf"",""grandfather"",""road trip"",""crude humor"",""retired"",""pervert"",""army general"",""spring break"",""law firm"",""fiancé fiancée relationship"",""sex comedy"",""mini cooper"",""engaged couple"",""death of wife"",""imminent wedding"",""malicious"",""moving"",""grandfather grandson relationship"",""corporate lawyer"",""death of grandmother"",""boca raton, florida"",""ridiculous""]",/jnnaCXTkJhwWcCJK8yZvAybrBvR.jpg
292201,Going Bananas (1987),"{""latino"":{""url"":""https://ok.ru/videoembed/13215216372259?autoplay=1"",""quality"":""HD""}}",/78pP2EZttzAUHlEQp1AkqFaZl8X.jpg,2026-04-03 22:16:00-03,"[35,10751]",3,0.8778,1987-08-05,PG,,1110,"[""circus""]",/42Yr3iDZnxFplbxCKDLaHWAYeTi.jpg
295693,Un Jefe en Pañales (2017),"{""castellano"":{""url"":""https://ok.ru/videoembed/12031967038067?autoplay=1"",""quality"":""HD""}}",/5HYjDVlDjGO9th3ksojOey8oNfv.jpg,2026-02-23 23:40:00-03,"[16,35,10751]",6.453,2.9723,2017-03-23,PG,,607,"[""baby"",""villain"",""family relationships"",""puppy"",""sibling rivalry"",""unreliable narrator"",""aftercreditsstinger"",""baby brother""]",/frlfy7RFqx5J4jrcMo25PqyasL3.jpg
298653,Berkshire County (2014),"{""subtitulado"":{""url"":""https://ok.ru/videoembed/11777936132771?autoplay=1"",""quality"":""HD""}}",/mz3YkitirfSSh0A0U0VW2O7BlhD.jpg,2026-01-27 09:58:00-03,"[27,53]",5.169,3.3158,2014-10-05,18A,,558,"[""high school"",""halloween"",""babysitter"",""home invasion"",""pig mask"",""woman director""]",/gKC0s70ojwXQXjnOGOulhiEG3oP.jpg
300908,El mago de los sueños (1966),"{""latino"":{""url"":""https://ok.ru/videoembed/3360908315162?autoplay=1"",""quality"":""1080P""}}",/66rp53cHMyNz1XuxYJFuEekrWe9.jpg,2026-04-10 00:17:00-03,"[16,14,10402,35,10751]",5.4,0.3094,1966-12-16,AP,,1314,[],/mJXTJdK0wtkoIoue6k2psjPzipk.jpg
302946,El Contador (2016),"{""latino"":{""url"":""https://streaam-660fef271516.herokuapp.com/watch/678c8501d20357e851b56561"",""quality"":""HD""}}",/1Bd9ItSLT13u8Na0PApQAMcW1Jw.jpg,2026-01-20 12:36:46.193763-03,"[80,53,18]",7.131,5.9525,2016-10-13,R,"Violence / Horror, Negative examples",242,"[""prison"",""sniper"",""assassin"",""autism"",""military service"",""money"",""treasury department"",""sniper rifle"",""gunfight"",""loner"",""hand to hand combat"",""numbers"",""accountant"",""math genius"",""brother brother relationship""]",/dTGECn8He16tZeBHQTLf6rVydE8.jpg
305747,Hoovey (2015),"{""latino"":{""url"":""https://ok.ru/videoembed/14184629801311?autoplay=1"",""quality"":""HD""}}",/jgN0zkX4rDJQbz5fhnmVPLKMP2u.jpg,2026-04-22 21:52:00-03,"[10751,18]",6.5,2.3767,2015-01-31,PG,,715,"[""based on true story""]",/nv3PAHnyBertLXPDDhJo9PKVZ8h.jpg
306571,Quiero ser el Quinto (1995),"{""subtitulado"":{""url"":""https://ok.ru/videoembed/12206196132492?autoplay=1"",""quality"":""HD""}}",/zFfWeU9YJCDwMlTy0oN0Jena2Fs.jpg,2026-03-24 23:00:00-03,"[16,10751,18]",5,0.5352,1995-10-10,,,1238,"[""based on novel or book"",""bullying"",""elementary school"",""school"",""based on children's book"",""race"",""disability"",""physical disability"",""anime"",""overprotective mother"",""kodomo"",""resilience"",""school bullying"",""elementary school student""]",/swu6P7Lz2KrnFSDZ8hTN1mNE2dv.jpg
315011,Godzilla Resurge (2016),"{""latino"":{""url"":""https://ok.ru/videoembed/11704053467788?autoplay=1"",""quality"":""HD""}}",/vAHdYj1mxM9nfLRKwXJK0zfPKxI.jpg,2026-02-26 13:11:00-03,"[28,878,27]",7.207,4.6726,2016-07-29,B,,353,"[""japan"",""monster"",""bureaucracy"",""politics"",""giant monster"",""nuclear radiation"",""political incompetence"",""tokyo, japan"",""destruction"",""reboot"",""kaiju"",""hopeless"",""satirical"",""political turmoil"",""human made disaster"",""godzilla"",""nuclear disaster"",""us japan relations"",""tokusatsu"",""intense""]",
315162,El Gato con botas: El último deseo (2022),"{""latino"":{""url"":""https://ok.ru/videoembed/8636135705150?autoplay=1"",""quality"":""HD"",""downloadUrl"":""https://tj.tbnbotsnetwork.workers.dev/116290/Gato+con+Botas_+El+%C3%9Altimo+Deseo.mp4?hash=AgADKg""}}",/b5Jb7GoQaqIXy4VEdnQa0UrQZI.jpg,2026-01-20 12:36:45.887344-03,"[16,12,14,35,10751]",8.204,18.2953,2022-12-07,7i,Violence,79,"[""fairy tale"",""sequel"",""talking dog"",""spin off"",""aftercreditsstinger"",""talking cat"",""fear of death"",""comforting""]",
316828,El Incendio 2015 (2015),"{""latino"":{""url"":""https://ok.ru/videoembed/1567820614345?autoplay=1"",""quality"":""HD""}}",/aAcsVFz04Kgfzs0WNFnMYcJSdYS.jpg,2026-02-26 17:00:00-03,[18],6.5,0.1404,2015-05-28,,,1363,[],/9zkuKyZyUSkEHQNVIE4Oz0TepbX.jpg
317127,Tracking (1987),"{""latino"":{""url"":""https://ok.ru/videoembed/9189613636194?autoplay=1"",""quality"":""HD""}}",/gNlXbuBcnrB33XSOiXeAd3oQSuW.jpg,2026-04-08 20:56:00-03,[27],4.8,1.0171,1987-01-01,,,1046,"[""rape"",""coming of age""]",/6E7skkfsxpYKA9SyDe31437dLz1.jpg
317198,Un Día Descabellado (2015),"{""latino"":{""url"":""https://ok.ru/videoembed/10819655436940?autoplay=1"",""quality"":""HD""}}",/4F4wZhdB8EJMnr3ttZsvk2LFJd9.jpg,2026-04-07 18:04:00-03,"[35,12,10770,10751]",6.4,1.8892,2015-02-13,G,,805,"[""detective"",""prom"",""school"",""high school student"",""crime gone awry"",""teenage life"",""nothing goes right""]",/tzlgd1gzYxtzCfwoxT6lEls1v7s.jpg
318378,Morbus (1983),"{""castellano"":{""url"":""https://ok.ru/videoembed/12904884669117?autoplay=1"",""quality"":""HD""}}",/wlN8xsjdCm2sJyUNx3NmxRmcn5K.jpg,2026-03-25 18:21:00-03,[27],2.3,0.2769,1983-05-02,18,,1325,"[""zombie"",""erotic movie""]",/lMIZCEY3Ndwaf7EH634TjCnWXT8.jpg
319297,El gato negro (Masters of Horror Series) (TV) (2007),"{""castellano"":{""url"":""https://ok.ru/videoembed/11786613885603?autoplay=1"",""quality"":""HD""}}",/eKzAFNFqXysCeLHlGjzdFGj0min.jpg,2026-02-05 14:28:00-03,"[27,10770]",6.2,0.2658,2007-01-19,,,1332,"[""cat""]",/hngG4buZG9wGhssvjx5OWVCs2tC.jpg
319888,Volando Alto (2016),"{""latino"":{""url"":""https://ok.ru/videoembed/330578332291?autoplay=1"",""quality"":""HD""},""castellano"":{""url"":""https://ok.ru/videoembed/7799762061871?autoplay=1"",""quality"":""HD""}}",/ghuGA9wFzam4WMZrnXMiXOQxu4c.jpg,2026-01-20 12:36:46.662574-03,"[35,18,36,12]",7.169,3.2276,2016-02-25,PG-13,,572,"[""underdog"",""sports"",""olympic games"",""mountain"",""ski jump"",""biography"",""based on true story"",""britain"",""snow skiing"",""1980s"",""dedication"",""against all odds"",""inspirational"",""adoring"",""joyful""]",/jbcEWHYpnlZ1aiMCLcRyiIhwUwY.jpg
321258,El niño (2016),"{""latino"":{""url"":""https://ok.ru/videoembed/12116011190962?autoplay=1"",""quality"":""HD""}}",/kW2vgzhyWXQu5UxNzebPokipBqH.jpg,2026-02-22 11:15:00-03,"[27,9648,53]",5.971,3.1678,2016-01-22,PG-13,,584,"[""mask"",""suicide"",""fire"",""england"",""loss of loved one"",""shower"",""country house"",""nanny"",""murder"",""mansion"",""doll"",""burn victim"",""secret passageway"",""broken mirror""]",/mRUW8rmpCS2kH22eihPbbMIbFxU.jpg
321612,La Bella y La Bestia (2017),"{""latino"":{""url"":""https://ok.ru/videoembed/12186379618984?autoplay=1"",""quality"":""HD""}}",/aGJkPbMixqD6j0OjbbGouSMbiZO.jpg,2026-03-10 19:17:00-03,"[10751,14,10749]",6.968,14.0174,2017-03-16,A,,100,"[""france"",""magic"",""fairy tale"",""transformation"",""cartoon"",""castle"",""musical"",""remake"",""curse"",""creature"",""18th century"",""beast"",""live action and animation"",""live action remake"",""fairy-tale adaptation""]",/uU1Mt4JWhDvl4vKb3AfxNsorkoM.jpg
323370,The Diabolical (2015),"{""latino"":{""url"":""https://ok.ru/videoembed/10774194162303?autoplay=1"",""quality"":""HD""}}",/wLUdUo8fNe1NSaLzFxsdDboHnYF.jpg,2026-01-27 10:28:00-03,"[27,878,53]",5,0.7893,2015-03-16,18,,1142,"[""parapsychology"",""absurd"",""baffled"",""complicated""]",/hJRJJWUtjETvUL4T7VwXufbvJNF.jpg
325348,Hardcore Henry (2015),"{""latino"":{""url"":""https://ok.ru/videoembed/3004095335149?autoplay=1"",""quality"":""HD""},""subtitulado"":{""url"":""https://ok.ru/videoembed/7828514474565?autoplay=1"",""quality"":""HD""}}",/wqu4G6sghlca1CGBIa5TXKVtGLP.jpg,2026-01-20 12:36:46.193763-03,"[28,12,878]",6.397,2.4015,2015-09-12,R,,704,"[""martial arts"",""cyborg"",""gore"",""murder"",""found footage"",""levitation"",""terrorist group"",""moscow, russia"",""first person view"",""good versus evil"",""experimental film""]",/agxzi8QIXWnZgLxwHck8wdjfYk7.jpg
327389,El fin del mundo en 35mm (2005),"{""subtitulado"":{""url"":""https://ok.ru/videoembed/11231004002956?autoplay=1"",""quality"":""HD""}}",/mTBkd01Sdx4mfZaxgdqoLdygUFA.jpg,2026-02-24 10:29:00-03,"[27,10770]",7.336,0.7094,2005-12-16,,,1175,"[""new york city"",""paris, france"",""angel"",""junkie"",""collector"",""flashback"",""debt"",""madness"",""evil"",""projectionist"",""film critic"",""wings"",""movie theater""]",/tj4mWmqs0Wt93tVzrZXPeuYslaz.jpg
328595,Parallels (2015),"{""subtitulado"":{""url"":""https://ok.ru/videoembed/11296764922433?autoplay=1"",""quality"":""HD""}}",/fqUallsX9KSSey1tw7AbujlOmOa.jpg,2026-01-27 14:37:00-03,[878],6.024,0.4716,2015-03-01,NR,,1256,[],/4GbCLy8uia4nwc39CHOT0XHjnpY.jpg
329865,La llegada (2016),"{""latino"":{""url"":""https://ok.ru/videoembed/9255584664159?autoplay=1"",""quality"":""HD""},""castellano"":{""url"":""https://ok.ru/videoembed/7689019066927?autoplay=1"",""quality"":""HD""},""subtitulado"":{""url"":""https://ok.ru/videoembed/8708708764226?autoplay=1"",""quality"":""HD""}}",/tbVITeytclB4JKx2LxxasrCCmZx.jpg,2026-01-21 19:51:00-03,"[18,878,9648]",7.6,17.6938,2016-11-10,7,Violence,84,"[""spacecraft"",""extraterrestrial technology"",""loss"",""time"",""alien"",""language"",""female protagonist"",""scientist"",""heartbreak"",""based on short story"",""alien contact"",""military"",""alien language"",""linguist"",""first contact"",""communication"",""linguistics"",""time-manipulation"",""determinism"",""wistful"",""incredulous"",""hopeful""]",/r8FD6CC3GgjWaGVkZh00AcedfpA.jpg
331265,La novicia rebelde (1971),"{""latino"":{""url"":""https://ok.ru/videoembed/9910258764376?autoplay=1"",""quality"":""HD""}}",/cXpTcBHwbWhU5DF1xfaAx8Hr9X4.jpg,2026-02-03 15:58:00-03,[35],5.3,0.2375,1971-11-30,,,1341,"[""musical""]",
331416,El pecado de Laura (1949),"{""latino"":{""url"":""https://ok.ru/videoembed/12006860655226?autoplay=1"",""quality"":""HD""}}",/74qlY5xcUGix4kZv0X3aeEL65Xh.jpg,2026-03-23 20:07:00-03,"[18,80]",5.5,0.1984,1949-05-26,,,1350,[],/w49r5e9sKVNqFJU8h5YaYdOLmK5.jpg
331583,El abogado del mal (2016),"{""latino"":{""url"":""https://ok.ru/videoembed/12052486621742?autoplay=1"",""quality"":""HD""}}",/lHrHkwJ1x1BHELveKKs9jqLMAY8.jpg,2026-03-07 22:09:00-03,"[18,53]",6.54,2.2139,2016-03-25,R,"Sexuality, Negative examples",748,"[""murder"",""lawyer"",""woman director"",""patricide"",""legal thriller""]",/j4lwWmioqfRElubhPfAVndmwhoI.jpg
335033,Yo te maldigo (1972),"{""subtitulado"":{""url"":""https://ok.ru/videoembed/11527705528918?autoplay=1"",""quality"":""HD""}}",/q7mPNg6RQ8uCZa9HV8RWpMaFTRW.jpg,2026-02-01 08:45:00-03,"[27,10770]",5.7,1.3612,1972-01-28,NR,,947,"[""haunting"",""possession""]",/dkwBJtvP66UylKbU7aT0VZHcrYm.jpg
335805,Faith of Our Fathers (2015),"{""latino"":{""url"":""https://ok.ru/videoembed/9848955603580?autoplay=1"",""quality"":""HD""}}",/6D3IkDzujeKiRcFGP6o5Bcb6gET.jpg,2026-04-06 18:28:00-03,"[10752,18]",5.6,0.6254,2015-07-01,,,1209,"[""vietnam war"",""faith"",""christian""]",/8ADpW79IwFxJgsxLXY4R2RXBSTh.jpg
335866,Círculo (2015),"{""subtitulado"":{""url"":""https://ok.ru/videoembed/11546676955763?autoplay=1"",""quality"":""HD""}}",/nGxrv1hRv22K6uZ5zLwsfyjXmmO.jpg,2026-02-11 21:53:00-03,"[27,878,9648,53]",6.013,2.3619,2015-05-28,NR,,718,"[""survival"",""murder"",""morality"",""voting"",""alien abduction"",""execution"",""struggle for survival"",""survival horror"",""stranger"",""death match"",""no memory"",""circle"",""science fiction"",""death game"",""horror"",""mystery"",""thriller"",""awestruck""]",
335988,Transformers 5,"{""castellano"":{""url"":""https://streaam-660fef271516.herokuapp.com/watch/67ae63d5265c9891b0b20e44"",""quality"":""HD""}}",/mXEBnMqFwTJCrddVhknCH9fq3fB.jpg,2026-01-20 12:36:45.887344-03,"[28,12,878]",6.053,6.9683,2017-06-16,PG-13,,195,"[""england"",""chosen one"",""based on toy"",""knight"",""giant robot"",""planet"",""robot"",""duringcreditsstinger"",""planet earth"",""arthurian mythology"",""secret history""]",
336004,El golpe del siglo (2015),"{""castellano"":{""url"":""https://ok.ru/videoembed/11297688783489?autoplay=1"",""quality"":""HD""}}",/yUwqfJ1us0jtyuPiV2gEItqzKdK.jpg,2026-02-04 20:10:00-03,"[28,80,53,18]",6.145,2.298,2015-11-13,R,,730,"[""robbery"",""casino"",""bus hijacking"",""heist""]",
336265,Poder mental (2015),"{""subtitulado"":{""url"":""https://ok.ru/videoembed/13673289943565?autoplay=1"",""quality"":""1080P""}}",/qBMGaGD3wBJ0d4GwaDcUvnZjv34.jpg,2026-04-21 23:04:00-03,"[28,27,878]",4.9,0.7359,2015-08-05,16,,1160,"[""psychokinesis""]",/cQQXvzcX62oEpyzh6aWGBYbTNI4.jpg
336313,Al Averno y de Regreso (2015),"{""castellano"":{""url"":""https://ok.ru/videoembed/10022806948590?autoplay=1"",""quality"":""HD""}}",/7Sjz7cDxQOv4IMiWkEcknDjLC18.jpg,2026-03-09 20:36:00-03,"[14,35,16,12]",5.275,1.3804,2015-10-02,B-15,,937,"[""tree"",""hell"",""carnival"",""vulgar"",""stop motion"",""devil"",""adult animation"",""disturbed"",""portal to hell"",""male rape""]",/hDBYJETBX8B7dQzx7YgVkrNFbbo.jpg
336788,Un amor de diseño (2014),"{""latino"":{""url"":""https://ok.ru/videoembed/12210154965631?autoplay=1"",""quality"":""HD""}}",/6PfiZxUtaGOLMkPPTU6u76jtJos.jpg,2026-03-05 22:40:00-03,"[10749,10770]",5.385,0.338,2014-09-26,6,,1301,"[""romance"",""starting over""]",
336805,Much Loved (2015),"{""subtitulado"":{""url"":""https://ok.ru/videoembed/11606521743958?autoplay=1"",""quality"":""HD""}}",/h2Kms0wHMeXK4vYbDmlap1P4rFM.jpg,2026-02-02 08:36:00-03,[18],5.9,1.0718,2015-06-26,16,,1029,"[""rape"",""police corruption"",""prostitution"",""humiliation"",""marrakesh, morocco"",""sex""]",
338969,El Vengador Tóxico (2025),"{""castellano"":{""url"":""https://ok.ru/videoembed/10916438805121?autoplay=1"",""quality"":""HD""},""subtitulado"":{""url"":""https://ok.ru/videoembed/10888826653313?autoplay=1"",""quality"":""HD""}}",/41wHrp3eAJlcNogEjLqHoFiSPcg.jpg,2026-02-04 22:51:00-03,"[28,35,878]",6.002,5.8346,2025-08-28,,,247,"[""high school"",""new jersey"",""police"",""single parent"",""alcohol"",""gun"",""smoking"",""autism"",""superhero"",""mutant"",""transformation"",""gore"",""satire"",""forest"",""stepfather"",""remake"",""mobster"",""stepson"",""janitor"",""evil corporation"",""mansion"",""drugs"",""drinking"",""insurance"",""dismemberment"",""reboot"",""aftercreditsstinger"",""duringcreditsstinger"",""business tycoon"",""anti establishment"",""regeneration"",""whistleblower"",""polution"",""toxic waste"",""radical transformation"",""dead wife"",""brother brother relationship"",""guns"",""action comedy"",""media satire"",""apartment"",""corrupt businessman""]",/ewxiPfbKklk9FJZ2ECsDyJDQjvX.jpg
339984,Los milagros del Cielo (2016),"{""latino"":{""url"":""https://ok.ru/videoembed/2317854706319?autoplay=1"",""quality"":""HD""},""castellano"":{""url"":""https://ok.ru/videoembed/623292648039?autoplay=1"",""quality"":""HD""},""subtitulado"":{""url"":""https://ok.ru/videoembed/83811699331?autoplay=1"",""quality"":""HD""}}",/6RDJD6p3zuo0oux8QknG5QkqtRK.jpg,2026-01-20 12:36:46.434715-03,"[10751,18]",7.435,3.0186,2016-03-17,PG,Fear,602,"[""based on novel or book"",""parent child relationship"",""prayer"",""christianity"",""miracle"",""based on true story"",""neighbor"",""hospital"",""woman director"",""incurable disease"",""accident"",""religious community"",""faith family""]",/wePpxpU1eNZnHCChP5xGNJrGKY3.jpg
340613,La buena esposa (2017),"{""latino"":{""url"":""https://ok.ru/videoembed/12946401921597?autoplay=1"",""quality"":""HD""},""subtitulado"":{""url"":""https://ok.ru/videoembed/12946403428925?autoplay=1"",""quality"":""HD""}}",/yM04yHgCiiFwxLytJHnckBOrSQu.jpg,2026-03-29 11:45:00-03,[18],7.062,3.9571,2017-08-17,C,"Drugs, Sexual Content",459,"[""infidelity"",""husband wife relationship"",""based on novel or book"",""professor"",""nobel prize"",""stockholm, sweden"",""flashback"",""author"",""writer"",""love affair"",""extramarital affair"",""novelist"",""award"",""1960s"",""1990s"",""casamento"",""nobel week""]",/9nCnOjdWoW9GqEyYdToeLswLNFP.jpg
345380,トトイ (1992),"{""subtitulado"":{""url"":""https://ok.ru/videoembed/12230583192204?autoplay=1"",""quality"":""HD""}}",/datfVOlOXdNRX73gOqBfXSMVP66.jpg,2026-03-24 22:32:00-03,"[12,16,10751]",6.5,1.366,1992-01-01,,,945,"[""based on novel or book"",""animal rights"",""environment"",""environmentalism"",""anime""]",/jOh40A9TvrnVhTBqxvJ86ueK8be.jpg
345934,El Bombardeo (2018),"{""latino"":{""url"":""https://ok.ru/videoembed/11748949428916?autoplay=1"",""quality"":""4K""}}",/9XDcbmtwAJ2DbmcHgNB7dDOTKcs.jpg,2026-03-14 00:00:00-03,"[28,18,10752,36]",5.059,2.0525,2018-10-26,R,,768,"[""world war ii"",""second sino-japanese war (1937-45)"",""japanese occupation of china"",""kuomintang""]",/fhYWAKXeEbhD20S3sp4RFaxiOG9.jpg
346672,Inframundo 5: Guerras de sangre (2016),"{""latino"":{""url"":""https://ok.ru/videoembed/12519202622076?autoplay=1"",""quality"":""HD""}}",/lZfDdy1rovfvEaXC6QcnoYHgtHR.jpg,2026-03-09 12:45:00-03,"[14,28,53,878,27]",5.912,5.2451,2016-11-24,B-15,,283,"[""martial arts"",""sword"",""vampire"",""hybrid"",""ambition"",""sequel"",""betrayal"",""conspiracy"",""werewolf"",""gothic"",""uzi"",""dark fantasy"",""woman director"",""urban gothic"",""assertive"",""ominous""]",/b5QnSrjDRHUFg3hpjmwBwsJfzyP.jpg
353486,Jumanji: En la selva (2017),"{""latino"":{""url"":""https://streaam-660fef271516.herokuapp.com/watch/67aeb2dd265c9891b0b20ea7"",""quality"":""HD""}}",/1uQaSgtHyTN3r2fecL0mSs6geQO.jpg,2026-01-20 12:36:46.434715-03,"[12,35,14,28]",6.818,7.1865,2017-12-09,PG-13,,188,"[""video game"",""fighter"",""sequel"",""detention"",""explorer"",""based on movie"",""gaming"",""quest"",""cartographer"",""action hero"",""zoologist"",""based on young adult novel"",""trapped in a game""]",/rz3TAyd5kmiJmozp3GUbYeB5Kep.jpg
353491,La Torre Oscura (2017),"{""latino"":{""url"":""https://ok.ru/videoembed/7534311312004?autoplay=1"",""quality"":""HD""}}",/eVTlk5O6simP30vTd3sA1BNQZgV.jpg,2026-01-20 12:36:45.887344-03,"[14,28,878]",5.787,4.8618,2017-08-03,PG-13,Violence,322,"[""mind control"",""new york city"",""gunslinger"",""based on novel or book"",""portal"",""desert"",""parallel world"",""another world""]",/pVVobDO8cezhVPvwD6EBUN0g3mt.jpg
353989,Abzurdah (2015),"{""latino"":{""url"":""https://ok.ru/videoembed/11576699062910?autoplay=1"",""quality"":""HD""}}",/qX7NJjHmUvmk5knlqcRlAApReAE.jpg,2026-02-22 11:29:00-03,[18],6.481,0.8351,2015-06-04,12,,1120,"[""based on novel or book"",""biography"",""argentina"",""based on memoir or autobiography"",""internet chat"",""troubled teen"",""woman director"",""internet culture""]",/peNZduz6TMnA1NbGTGkCjsLACtC.jpg
354279,El príncipe Encantador (2018),"{""latino"":{""url"":""https://ok.ru/videoembed/1181090908819?autoplay=1"",""quality"":""HD""}}",/jDrsEpnCzQAvyJWv0Ac2imtPoc5.jpg,2026-02-09 19:23:00-03,"[16,12,35,10751,14,10402,10749]",6.388,4.1834,2018-03-26,NR,,423,"[""princess"",""fairy tale"",""prince""]",/rTefIDfreT1kcjuld8K1wgI3ifp.jpg
355547,La Estrella de Belén (2017),"{""latino"":{""url"":""https://ok.ru/videoembed/6762304047790?autoplay=1"",""quality"":""HD""}}",/tEbDvivUfsCupngKIfMJJ725eAD.jpg,2026-04-09 00:54:00-03,"[16,35,12,10751,14]",6.5,3.6812,2017-11-15,PG,,499,"[""villain"",""christmas"",""evil king"",""cartoon donkey""]",/gpVg9EA5tieNCxmPtx9KTbUKXrU.jpg
356296,Suburra (2015),"{""castellano"":{""url"":""https://ok.ru/videoembed/12244362791592?autoplay=1"",""quality"":""HD""}}",/lxFuTect4eMOkydycNRCxZGpMz4.jpg,2026-03-14 13:55:00-03,"[80,18,53]",7.3,1.3861,2015-10-14,16,,933,"[""corruption"",""italy"",""mafia"",""church""]",/fGjqCsoJttbTxkrcWfupuT1xLQx.jpg
357096,Dulce venganza 3: La venganza es mía (2015),"{""latino"":{""url"":""https://ok.ru/videoembed/4478487824985?autoplay=1"",""quality"":""HD""},""castellano"":{""url"":""https://ok.ru/videoembed/9129414625957?autoplay=1"",""quality"":""HD""}}",/mwnmnuRHuHGfmiOBRNTu8vY9NeY.jpg,2026-02-13 14:14:00-03,"[27,53]",5.782,4.7123,2015-10-01,R,,345,"[""rape"",""police"",""detective"",""group therapy"",""investigation"",""sequel"",""revenge"",""murder"",""torture"",""attempted rape"",""rape and revenge"",""exuberant""]",/ts2CQBbdPYRoq7yTovmDoRw7sTX.jpg
361356,美巨乳コスプレ戦士 クインビー・ハニー (2001),"{""subtitulado"":{""url"":""https://ok.ru/videoembed/12889674811930?autoplay=1"",""quality"":""HD""}}",/vPYBG8cnSm7U5K3htuNVoxWWUfE.jpg,2026-04-03 23:02:00-03,"[18,35,10749]",1,0.8992,2001-09-22,,,1099,"[""softcore"",""cosplay""]",/vD9O5acSVBrFtZuy9SGCM9vDNoq.jpg
366080,Kabali (2016),"{""latino"":{""url"":""https://ok.ru/videoembed/12391417973426?autoplay=1"",""quality"":""HD""}}",/4Lv06mGw6Lfw3HKHVCj7ssIckvA.jpg,2026-03-06 16:59:00-03,"[28,80,18]",6,0.7967,2016-07-22,U,,1134,"[""gangster"",""rivalry"",""malaysia"",""oppression""]",/12DJjwUO8rr3ds2CAXpPNwhPet6.jpg
366244,La Recta Provincia (2007),"{""latino"":{""url"":""https://ok.ru/videoembed/11489198934614?autoplay=1"",""quality"":""HD""}}",/a6aRVZQqpg4AJzSYPEtsRAFduM1.jpg,2026-02-03 16:40:00-03,[18],6.7,0.0286,2007-08-20,,,1374,"[""based on myths, legends or folklore""]",
369557,Sing Street: Este es tu momento (2016),"{""latino"":{""url"":""https://ok.ru/videoembed/12541519399602?autoplay=1"",""quality"":""HD""}}",/iKoje7m27iCOAxvfhQQKNolXts7.jpg,2026-03-12 21:05:00-03,"[10749,18,10402,35]",7.9,5.5671,2016-03-11,PG-13,,256,"[""friendship"",""london, england"",""sibling relationship"",""dublin, ireland"",""music video"",""prom"",""school"",""singing"",""ireland"",""divorce"",""family"",""teenage boy"",""bullied"",""1980s"",""loving"",""irreverent"",""adoring""]",/yB35bWnl0hBsc7bgMrO98d4s3Kj.jpg
371451,El Guardián de la Oscuridad (2015),"{""subtitulado"":{""url"":""https://ok.ru/videoembed/11373841156771?autoplay=1"",""quality"":""HD""}}",/vFr4XuZkRpxTnvq7PPS7wdabMfF.jpg,2026-01-27 18:54:00-03,[27],5.819,0.8971,2015-11-26,IIB,,1103,"[""ghost hunter""]",/77or0xGz5jpcBEFuok6FnPzsZzY.jpg
373978,Una golfa (1958),"{""latino"":{""url"":""https://ok.ru/videoembed/12292961733206?autoplay=1"",""quality"":""HD""}}",/qPrR68rTGPecT2nTIoH3XZ3OF5U.jpg,2026-02-23 01:28:00-03,[18],5.6,0.2345,1958-09-25,,,1343,[],/8GGvH0MjGXtJI7POg1MJhEvZIo9.jpg
375262,La favorita (2018),"{""castellano"":{""url"":""https://ok.ru/videoembed/10902529510134?autoplay=1"",""quality"":""HD""}}",/mirzwvOh7s5HN0vC7b7H6WMkO6X.jpg,2026-02-01 05:32:00-03,"[36,35,18]",7.5,3.8727,2018-11-23,R,,469,"[""great britain"",""queen"",""rivalry"",""rabbit"",""lgbt"",""18th century"",""cousin relationship"",""duchess"",""palace intrigue"",""aristocracy"",""british monarchy"",""war of the spanish succession"",""drop disease"",""queen anne""]",/iSskYDN193CJfTbSpFfscSwZ9Sx.jpg
376659,El Club De Las Madres Rebeldes (2016),"{""latino"":{""url"":""https://ok.ru/videoembed/12116010404530?autoplay=1"",""quality"":""HD""}}",/9PaIkUnfOcU1wi5cFbamnmAkjEs.jpg,2026-02-22 08:18:00-03,[35],6.49,3.7309,2016-07-28,R,,488,"[""infidelity"",""alcohol"",""mother role"",""hit-and-run"",""single mother"",""divorce"",""family"",""bathroom humor""]",/zci26eN6YKEg9gPLUp3wB5eqcEx.jpg
378236,Emoji: La Película (2017),"{""latino"":{""url"":""https://ok.ru/videoembed/2336076663360?autoplay=1"",""quality"":""HD""}}",/cCxHJngdSumyry2uzPOp4WqqmJS.jpg,2026-04-09 19:53:00-03,"[16,10751,35]",5.395,16.7468,2017-07-23,PG,,91,"[""villain"",""parody"",""3d animation"",""emoji""]",/kTrgxhRSj2sun89bDbnGCPBiey6.jpg
380620,Creepy (2016),"{""subtitulado"":{""url"":""https://ok.ru/videoembed/11791258618531?autoplay=1"",""quality"":""HD""}}",/ii0SE3sd333lAd0FalOZFJUoGnz.jpg,2026-01-27 20:13:00-03,"[80,18,27]",6.679,1.3875,2016-06-18,12,,931,"[""mind control"",""japan"",""fire"",""based on novel or book"",""professor"",""investigation"",""basement"",""murder"",""neighbor"",""dinner"",""explosion"",""dog"",""unsolved crime"",""secret chamber"",""suspense"",""suspense thriller""]",/i9iDQ3lrW2mZHnSWWCLeefwurXo.jpg
381283,¡Madre! (2017),"{""castellano"":{""url"":""https://ok.ru/videoembed/12044109089395?autoplay=1"",""quality"":""HD""}}",/67FkkLkcDSbRN9aPDCxIag0ja3Y.jpg,2026-02-23 19:42:00-03,"[27,18]",6.962,5.0127,2017-09-13,C,,304,"[""husband wife relationship"",""nightmare"",""nihilism"",""chaos"",""pregnancy"",""bible"",""house"",""vandalism"",""cult"",""surrealism"",""writer"",""nature"",""death"",""madness"",""stranger"",""chaotic"",""forbidden fruit"",""mother nature"",""uninvited guest"",""intense"",""audacious""]",/2wS8pMZgvzq7kaZb5LHX54poQnA.jpg
384756,Rabid (2019),"{""subtitulado"":{""url"":""https://ok.ru/videoembed/11658377628246?autoplay=1"",""quality"":""HD""}}",/eQgwZvNnZp2g8hQNqZ0T2fNTYLx.jpg,2026-01-30 10:17:00-03,"[878,27]",5.792,1.1167,2019-12-13,NR,,1008,"[""gore"",""motorcycle crash"",""fashion designer"",""remake"",""outbreak"",""murder"",""cancer"",""rabies"",""woman director"",""medical experiment""]",/yi6lKRgQT7FDHE706PE7MxN5CDA.jpg
392207,El guardián invisible (2017),"{""castellano"":{""url"":""https://ok.ru/videoembed/11044474128957?autoplay=1"",""quality"":""HD""}}",/qKkjBWYiEgwRIN9MWDCndFagsMX.jpg,2026-03-06 21:08:00-03,"[53,80,9648]",6.497,1.8206,2017-03-03,16,,823,"[""fbi"",""bakery"",""murder"",""serial killer"",""strangulation"",""ritual murder"",""virgin mary"",""abusive mother"",""beautiful teens""]",/60XJOemSR9LQRDgBMRN7qkdLsPH.jpg
402431,Wicked (2024),"{""latino"":{""url"":""https://streaam-660fef271516.herokuapp.com/watch/678bdddfab32781603c6c28a"",""quality"":""HD""}}",/hDQXqvmmikekQ15uxhisBDwEA63.jpg,2026-01-20 12:36:45.887344-03,"[18,10749,14]",6.922,27.9877,2024-10-16,A,"Legal Drugs, Violence, Sensitive Themes",44,"[""witch"",""dancing"",""based on novel or book"",""college"",""wish"",""musical"",""female friendship"",""bullying"",""based on play or musical"",""celebrity"",""prequel"",""singer"",""singing"",""corrupt politician"",""death in childbirth"",""fantasy world"",""wizard"",""gravity"",""discrimination"",""ostracism"",""woman in wheelchair"",""musical comedy"",""sister sister relationship"",""belonging"",""cautionary"",""fantasy"",""absurd"",""romantic fantasy"",""whimsical"",""mean spirited""]",
406563,La noche del demonio: La última llave (2018),"{""latino"":{""url"":""https://ok.ru/videoembed/12391416597170?autoplay=1"",""quality"":""HD""}}",/qrO5NFqDh3d7MUka5jDKtW91TVJ.jpg,2026-03-06 20:46:00-03,"[27,53]",6.255,3.9687,2018-01-03,PG-13,,456,"[""key"",""supernatural"",""medium"",""haunted house"",""sequel"",""evil spirit"",""prequel"",""spirit"",""demon"",""1950s"",""other dimension"",""insidious"",""supernatural horror"",""horror""]",/PwI3EfasE9fVuXsmMu9ffJh0Re.jpg
406994,Cuidado con los extraños,"{""latino"":{""url"":""https://ok.ru/videoembed/995616819859?autoplay=1"",""quality"":""HD""}}",/8Tj2cWlKMKRm1t6MtvBGFWeZ99y.jpg,2026-01-21 08:33:00-03,"[27,35]",6.652,2.6253,2017-10-06,16,,665,"[""holiday"",""spider"",""murder"",""snowman"",""snow"",""home invasion"",""truth or dare"",""christmas lights"",""christmas horror"",""christmas""]",/r7RdSJWKeqgQ6ZsxM08d2xRoKor.jpg
408268,No estamos solos (2016),"{""latino"":{""url"":""https://ok.ru/videoembed/13196099062393?autoplay=1"",""quality"":""HD""}}",/s4VqUsCr7OXTLgMAVPHMj1FPCgL.jpg,2026-04-03 23:07:00-03,"[27,53]",6.1,0.3237,2016-01-14,,,1307,"[""exorcism"",""haunted house"",""possession""]",/jmCHxKorW9uWWppgP0Ns6l6emDW.jpg
408544,El Cristo ciego (2016),"{""latino"":{""url"":""https://ok.ru/videoembed/11520155322966?autoplay=1"",""quality"":""HD""}}",/o33Ufts2f13AlnJHfMi4ZPzOt56.jpg,2026-02-03 17:58:00-03,[18],5.232,0.3423,2016-09-01,,,1298,"[""messiah""]",/qaUX92yi6qB7B7c5q5Bqqs5cDlc.jpg
410988,Tierra de vampiros II (2016),"{""latino"":{""url"":""https://ok.ru/videoembed/5143756605995?autoplay=1"",""quality"":""HD""}}",/vluTh7WC7DdbrU5yeayuJhj7K1t.jpg,2026-03-11 23:46:00-03,"[28,27]",5.772,3.7762,2016-10-14,18,,482,"[""vampire"",""dystopia"",""post-apocalyptic future"",""road movie""]",/AiXKQhgqGgC6t4RtWFrNx1ivhw2.jpg
413770,Ethel & Ernest (2017),"{""latino"":{""url"":""https://ok.ru/videoembed/2239987780120?autoplay=1"",""quality"":""HD""}}",/sSBSbvdI9j381JSORvhAhRu7Mrh.jpg,2026-01-20 12:36:46.193763-03,"[16,18,10752,36]",7.48,0.6545,2016-10-15,10,,1196,"[""london, england"",""married couple"",""adult animation"",""illustration""]",/nD14XrDKbTB4K9KNUjRwajK948I.jpg
415010,Los hambrientos (2017),"{""castellano"":{""url"":""https://ok.ru/videoembed/11298623523457?autoplay=1"",""quality"":""HD""}}",/aQQlnuFrF3wOXF7lHqDC9gWQSoP.jpg,2026-02-01 15:08:00-03,"[27,18,878]",5.967,3.9108,2017-09-23,16,,464,"[""canada"",""affectation"",""quebec"",""forest"",""zombie"",""angry"",""aggressive"",""infected"",""desperate"",""absurd"",""dramatic"",""admiring"",""adoring"",""ambiguous"",""ambivalent"",""amused"",""approving"",""assertive"",""audacious"",""authoritarian"",""awestruck"",""enchant"",""enthusiastic"",""exuberant""]",/qvcgcaP5TFyBudPPrhT2788GFTL.jpg
418402,Inseparables (2016),"{""latino"":{""url"":""https://ok.ru/videoembed/12079090961022?autoplay=1"",""quality"":""HD""}}",/mIC8ENJk2DdKk7KgcRK3ODbJRtU.jpg,2026-03-09 20:56:00-03,"[18,35]",7.319,0.755,2016-08-11,M,,1155,"[""argentina""]",/hnuEnMxZBYjxXLNOnsdXsdY4kP6.jpg
421313,Eliminators (2016),"{""latino"":{""url"":""https://ok.ru/videoembed/11015248677556?autoplay=1"",""quality"":""HD""}}",/vBc01EcqtYROSs31g6oGYqWNJlL.jpg,2026-02-09 19:16:00-03,"[28,53]",6.4,2.0833,2016-12-09,R,,763,"[""daughter"",""martial arts"",""assassin"",""london, england"",""hitman"",""kidnapping"",""revenge"",""fighting"",""widower"",""agent"",""wrong address""]",
423108,El Conjuro 3 (2021),"{""latino"":{""url"":""https://ok.ru/videoembed/7277532875282?autoplay=1"",""quality"":""HD""}}",/ghMQALCyytc6W0wlOlMIKiMSRKV.jpg,2026-01-20 12:36:46.193763-03,"[27,9648,53]",7.368,10.204,2021-05-25,R,,147,"[""supernatural"",""exorcism"",""connecticut"",""sequel"",""paranormal investigation"",""1980s"",""religious horror"",""intense""]",
424783,Transformers: Bumblebee,"{""latino"":{""url"":""https://streaam-660fef271516.herokuapp.com/watch/67ae63a6265c9891b0b20e3d"",""quality"":""HD""}}",/lOW8vBMJqWHWcMxHbigVAytqiBn.jpg,2026-01-20 12:36:45.887344-03,"[28,12,878]",6.72,6.7526,2018-11-22,7,,205,"[""technology"",""based on toy"",""robot"",""spin off"",""duringcreditsstinger"",""1980s"",""adoring""]",/hMANgfPHR1tRObNp2oPiOi9mMlz.jpg
426063,Nosferatu (2024),"{""latino"":{""url"":""https://streaam-660fef271516.herokuapp.com/watch/67ae6943265c9891b0b20e5e"",""quality"":""HD""}}",/jivUhECegXI3OYtPVflWoIDtENt.jpg,2026-01-20 12:36:45.887344-03,"[27,14]",6.702,13.6687,2024-12-25,R,"Frightening Scenes, Violence",102,"[""cold"",""based on novel or book"",""vampire"",""necrophilia"",""eroticism"",""possession"",""würzburg"",""remake"",""gothic horror"",""desire"",""somnambulism"",""plague"",""19th century"",""dread"",""drinking blood"",""supernatural horror"",""period piece"",""1830s"",""nightmares"",""incredulous"",""cliché"",""farcical""]",
429047,Extraterrestres de Tellur (2016),"{""latino"":{""url"":""https://ok.ru/videoembed/805711776387?autoplay=1"",""quality"":""1080P""}}",/aTBzm2XtIKrVwepXeOi5gbcGoyZ.jpg,2026-04-09 23:43:00-03,"[16,10751]",4.8,0.2318,2016-10-08,6,,1344,[],
435050,Es por tu bien (2017),"{""castellano"":{""url"":""https://ok.ru/videoembed/11859578980979?autoplay=1"",""quality"":""HD""}}",/f7AAqlwqAtxQQWiQzh0sjsfnsjG.jpg,2026-03-06 19:50:00-03,[35],5.902,0.5486,2017-02-24,12,,1234,[],/vqqkMVn89S712pyk66DDNeJ9sT3.jpg
435841,Lluvia De Acero (2017),"{""latino"":{""url"":""https://ok.ru/videoembed/10281392671359?autoplay=1"",""quality"":""HD""}}",/keDM2BwLZnGsOTZP2LMBidSmiWD.jpg,2026-03-16 15:43:00-03,"[28,53]",7.063,2.9355,2017-12-14,15,,612,"[""missile"",""spy"",""coup d'etat"",""us army"",""based on comic"",""nuclear"",""missile threat"",""east asia"",""dmz"",""inter-korean summit"",""inter-korean relations"",""based on webcomic or webtoon""]",/3eEtOooEzdpIA9hf0V4b5DFqyjd.jpg
437036,El autor (2017),"{""castellano"":{""url"":""https://ok.ru/videoembed/11546758810227?autoplay=1"",""quality"":""HD""}}",/2GOG0cLhVVnRVyOd3j7AEEpTsh.jpg,2026-02-07 19:48:00-03,[18],6.221,3.1013,2017-11-17,12,,591,"[""writing workshop"",""aspiring writer"",""seville, spain""]",/aWWJ8YrqVTLQIwkplhdT5Gj8alo.jpg
440472,Amigos por siempre (2017),"{""latino"":{""url"":""https://ok.ru/videoembed/3181915146793?autoplay=1"",""quality"":""HD""},""castellano"":{""url"":""https://ok.ru/videoembed/7987120966273?autoplay=1"",""quality"":""HD""}}",/wztE6En13DkVbkcccv6p1Q0w57j.jpg,2026-01-20 12:36:46.434715-03,"[35,18]",7.136,4.6087,2019-01-10,PG-13,,365,"[""based on true story"",""remake"",""class differences"",""caregiver"",""man in wheelchair"",""interracial friendship"",""social differences"",""rich man"",""quadriplegia"",""male nurse"",""handicapped"",""disabled person"",""feel good""]",/ct2I74zKDrK1Ts2jJa9WixJrigg.jpg
441614,Amar (2017),"{""castellano"":{""url"":""https://ok.ru/videoembed/3723143809625?autoplay=1"",""quality"":""HD""}}",/rHtmGFvnslyVuPm8cDOubSE3t7o.jpg,2026-01-20 12:36:46.662574-03,[10749],5.1,0.1758,2017-04-21,16,"Sex, Coarse Language",1356,"[""romance"",""love""]",
444404,Una especie de familia (2017),"{""latino"":{""url"":""https://ok.ru/videoembed/12080419375742?autoplay=1"",""quality"":""HD""}}",/4e3W1dT2n3h7JGEfxSoH5YZWn7T.jpg,2026-03-05 23:03:00-03,"[18,80,53]",6.4,0.7266,2017-09-14,PG,,1167,[],/4QkgaMibL5iK667uAgfsKQ4apUR.jpg
444539,La Librería (2017),"{""castellano"":{""url"":""https://ok.ru/videoembed/11456996575912?autoplay=1"",""quality"":""HD""}}",/4KUWhdtFclOc1FxLqI1RaK9shtc.jpg,2026-02-12 09:59:00-03,[18],6.491,3.7791,2017-11-10,12,,481,"[""small town"",""bookshop"",""based on novel or book"",""shopkeeper"",""1950s"",""suffolk, england""]",
447365,Guardians of the Galaxy Vol. 3,"{""latino"":{""url"":""https://streaam-660fef271516.herokuapp.com/watch/67ae66ae265c9891b0b20e54"",""quality"":""CAM"",""downloadUrl"":""https://streaam-660fef271516.herokuapp.com/download/67ae66ae265c9891b0b20e54""},""castellano"":{""url"":""https://streaam-660fef271516.herokuapp.com/watch/67ae6746265c9891b0b20e55"",""quality"":""CAM"",""downloadUrl"":""https://streaam-660fef271516.herokuapp.com/download/67ae6746265c9891b0b20e55""},""subtitulado"":{""url"":""https://streaam-660fef271516.herokuapp.com/watch/67ae6767265c9891b0b20e57"",""quality"":""CAM"",""downloadUrl"":""https://streaam-660fef271516.herokuapp.com/download/67ae6767265c9891b0b20e57""}}",/6GkKzdNosVAL7UGgwTtCHSxLQ67.jpg,2026-01-20 12:36:45.887344-03,"[878,12,28]",7.927,16.278,2023-05-03,PG-13,"Violence, Threat, Injury",92,"[""hero"",""superhero"",""mad scientist"",""based on comic"",""sequel"",""superhero team"",""space opera"",""raccoon"",""aftercreditsstinger"",""duringcreditsstinger"",""marvel cinematic universe (mcu)"",""cosmic"",""outer space"",""chosen family"",""sentimental"",""amused"",""empathetic"",""enthusiastic"",""excited""]",/5YZbUmjbMa3ClvSW1Wj3D6XGolb.jpg
447952,Shi mian (2017),"{""subtitulado"":{""url"":""https://ok.ru/videoembed/11192255384227?autoplay=1"",""quality"":""HD""}}",/rauhYmxejSqTG9ho7H0jiLgOvxm.jpg,2026-01-26 17:34:00-03,"[27,9648]",5.708,0.9312,2017-05-26,III,,1084,"[""black magic"",""insomnia""]",
448268,Il grido della terra (1949),"{""subtitulado"":{""url"":""https://ok.ru/videoembed/12944032139989?autoplay=1"",""quality"":""HD""}}",/5N6ZDGr3wTecscU5HZLFghIR1Dq.jpg,2026-04-01 23:09:00-03,"[10752,18]",5.2,0.3412,1949-08-30,,,1299,[],
449443,El robo perfecto (2018),"{""latino"":{""url"":""https://ok.ru/videoembed/7719567690372?autoplay=1"",""quality"":""HD""}}",/cCatppK0mMR7DBfnFJC7vF8kdut.jpg,2026-01-20 12:36:46.193763-03,"[80,53,28]",6.851,6.0113,2018-01-18,R,,239,"[""police brutality"",""detective"",""fbi"",""assault rifle"",""deputy sheriff"",""investigation"",""strip club"",""donut"",""heist"",""shootout"",""los angeles, california"",""divorce"",""bank robbery"",""hostage situation"",""death"",""ex-marine"",""security"",""armored truck"",""ex military"",""aggressive"",""domineering"",""donut shop"",""bar"",""intense""]",/gQEfeFzEDhvz1YB3JXU2yUZspmH.jpg
450314,Condorito: La película (2017),"{""latino"":{""url"":""https://ok.ru/videoembed/2218396551922?autoplay=1"",""quality"":""HD""}}",/A7yTRWLgJdvOFQPhwSJF1s4BwbQ.jpg,2026-04-09 01:09:00-03,"[12,16,35]",6.9,0.6173,2017-10-12,Κ,,1213,"[""based on comic"",""football (soccer)"",""alien invasion""]",/jArxCEu8uJDqfx9gAtombn9XdxC.jpg
451530,TURA! (2024),"{""subtitulado"":{""url"":""https://ok.ru/videoembed/11742500686422?autoplay=1"",""quality"":""HD""}}",/7EhOVPgkAxcUWKMek5stWN3oOJx.jpg,2026-02-01 12:43:00-03,[99],0,0.5274,2024-11-09,,,1241,"[""tura satana""]",/pMoD1uI44yfSMYGMHd3EokDp4XJ.jpg
453278,The Rider (2018),"{""latino"":{""url"":""https://ok.ru/videoembed/11299918842536?autoplay=1"",""quality"":""HD""}}",/l9XMwJA3ptTGtziUGcJBXBDuREz.jpg,2026-02-07 15:04:00-03,"[18,37]",7.293,1.2265,2018-03-28,R,,981,"[""rodeo"",""horseback riding"",""horse"",""riding accident"",""head injury"",""sioux"",""cowboy"",""native american reservation"",""lasso"",""hook for a hand"",""south dakota"",""woman director"",""disabled person""]",/oaAyNmnqbB8Ad3O2t9iymZ2gEJa.jpg
454527,Benedetta (2021),"{""castellano"":{""url"":""https://ok.ru/videoembed/12811176381052?autoplay=1"",""quality"":""HD""}}",/iS5C4Bm49AdIUzTAOo6n77x4bv5.jpg,2026-03-18 21:52:00-03,"[36,18,10749]",6.605,5.2641,2021-07-09,,,281,"[""suicide"",""based on novel or book"",""nun"",""italy"",""based on true story"",""trial"",""lesbian relationship"",""torture"",""mother superior"",""lgbt"",""convent (nunnery)"",""plague"",""nunsploitation"",""17th century"",""flagellation"",""peep hole"",""lesbian nun"",""visions"",""provocative""]",/b2L7jOgo5cHiRIvljD2GCqZiYO2.jpg
458423,Mamma mia! Una y otra vez (2018),"{""latino"":{""url"":""https://ok.ru/videoembed/4147753388759?autoplay=1"",""quality"":""HD""},""subtitulado"":{""url"":""https://ok.ru/videoembed/6898799282849?autoplay=1"",""quality"":""HD""}}",/ian2GqgxsKjhup9P9a6lqIYOmlQ.jpg,2026-01-20 12:36:46.662574-03,"[35,10749]",7.084,2.8414,2018-07-18,PG-13,,627,"[""greece"",""musical"",""sequel"",""greek island"",""aftercreditsstinger"",""estranged mother"",""long lost love"",""jukebox musical"",""estranged grandparent"",""abba"",""celebratory"",""joyful"",""vibrant""]",/gtv2H1u9eGffjxVqNfJBZuFCKxR.jpg
462883,El Pájaro Loco: La Película (2017),"{""latino"":{""url"":""https://ok.ru/videoembed/2337145031232?autoplay=1"",""quality"":""HD""}}",/pIAJdRmLGt6kOu8qu6c6NmKk8wl.jpg,2026-04-09 19:58:00-03,"[35,10751,16]",6.581,2.425,2017-10-05,A,,699,"[""woodpecker""]",/xG1rDofqghJBN9N0Pbko1q1WOxY.jpg
464502,Infiel (2018),"{""latino"":{""url"":""https://ok.ru/videoembed/11328243894846?autoplay=1"",""quality"":""HD""}}",/7WUpWRFvvN6l0LUIJbFNZw4jWvB.jpg,2026-04-06 18:00:00-03,"[18,53]",6.739,2.4767,2018-03-30,R,,689,"[""first time"",""court"",""obsession"",""harassment"",""marriage"",""manipulation"",""revenge"",""inheritance"",""class differences"",""rage"",""anger"",""therapy"",""death of mother"",""resentment"",""torment"",""hospitalization"",""hostile"",""out of control"",""mentally unstable"",""lies"",""black cinema"",""semi-narrative"",""woman scorned"",""sisters"",""crazy"",""taken advantage of"",""uncontrollable anger""]",/h9USMzm43BZyUXc45OZAPlPBUjZ.jpg
464768,JUNK HEAD (2022),"{""subtitulado"":{""url"":""https://ok.ru/videoembed/9961502608110?autoplay=1"",""quality"":""HD""}}",/gcOzyLxsVrGq6AL7seCI1U3m1CM.jpg,2026-03-09 20:51:00-03,"[16,878,28,12]",6.6,0.6157,2022-02-18,15,,1216,"[""monster"",""virtual reality"",""post-apocalyptic future"",""mad scientist"",""distant future"",""stop motion"",""cloning"",""drone"",""robot"",""struggle for survival"",""labyrinth"",""survival horror"",""genetic engineering"",""fictional language"",""mankind forced underground"",""grotesque"",""genetic mutation"",""underground city"",""based on short film"",""body horror"",""provocative"",""admiring"",""adoring"",""amused"",""apologetic"",""appreciative"",""audacious"",""awestruck"",""enchant"",""black comedy"",""dystopian future""]",/c3sfYdDKVpM9dyPeKgm980e3GRf.jpg
467467,A Moment in the Reeds (2018),"{""subtitulado"":{""url"":""https://ok.ru/videoembed/10801882991314?autoplay=1"",""quality"":""HD""}}",/zqRTsyY7Hzse7vW5n7zSZWurhgx.jpg,2026-03-13 13:33:00-03,"[10749,18]",6.1,0.6616,2018-06-29,K-16,sexual content,1192,"[""immigration"",""romance"",""interracial romance"",""lgbt"",""finland"",""gay muslim"",""summer romance"",""syrian refugee"",""lake house"",""gay romance"",""gay theme""]",/gfmnus8JsIA8uuP5rfa27pvPXyP.jpg
467905,Jugada maestra (2026),"{""latino"":{""url"":""https://ok.ru/videoembed/13477065067104?autoplay=1"",""quality"":""HD""},""subtitulado"":{""url"":""https://ok.ru/videoembed/12866469825139?autoplay=1"",""quality"":""HD""}}",/kI6OIy47E7hr9OOESV1DUDuBkqT.jpg,2026-03-29 23:37:00-03,"[35,53]",6.958,24.0327,2026-02-19,B-15,"Violence, Coarse Language",56,"[""remake"",""inheritance"",""killing spree"",""heir"",""disowned"",""revenge thriller"",""family fortune"",""black comedy""]",/bkUa5ZDqjQPx6rkxs0hM87vaWVa.jpg
467938,Revenge (2018),"{""latino"":{""url"":""https://ok.ru/videoembed/1748866697729?autoplay=1"",""quality"":""HD""},""castellano"":{""url"":""https://ok.ru/videoembed/4541335210654?autoplay=1"",""quality"":""HD""},""subtitulado"":{""url"":""https://ok.ru/videoembed/4021122960039?autoplay=1"",""quality"":""HD""}}",/iMyeUUmgxetaf4NnLd54unrZa6N.jpg,2026-01-20 12:36:46.434715-03,"[28,27,53]",6.507,3.6178,2018-02-07,R,,505,"[""rape"",""drowning"",""nightmare"",""gore"",""car crash"",""hallucinogenic drug"",""revenge"",""vigilante"",""man hunt"",""bullet wound"",""exploding head"",""desert"",""hunting"",""eye gouging"",""isolated house"",""cauterizing a wound"",""peyote"",""rape and revenge"",""headshot"",""aggressive"",""hunters"",""stabbed in the back"",""powerful""]",/31HKH7MpovHT4bTvMpnwbWl1d1G.jpg
470229,Verano del 84 (2018),"{""latino"":{""url"":""https://ok.ru/videoembed/13201665821226?autoplay=1"",""quality"":""HD""}}",/3KhJAhrHbjFd5t3S1Z5sOIxYyt9.jpg,2026-04-08 21:11:00-03,"[18,27,9648]",6.914,2.397,2018-08-10,16,,707,"[""friendship"",""camera"",""cop"",""suburbia"",""paperboy"",""basement"",""murder"",""serial killer"",""teenage crush"",""walkie talkie"",""group of friends"",""news report"",""1980s"",""retro horror""]",/iEYDBciiuW68Q5bLCzkVBgKnfi7.jpg
470610,Un amor sin fin (2020),"{""latino"":{""url"":""https://ok.ru/videoembed/10951844497982?autoplay=1"",""quality"":""HD""}}",/1ZViaX2oRnI0uM3Gf87Z7eCZ3hE.jpg,2026-01-21 14:28:00-03,"[10749,18,14]",6.7,2.8831,2020-04-09,MA15+,,623,"[""love"",""ghost""]",
470897,Extraño pero cierto (2019),"{""subtitulado"":{""url"":""https://ok.ru/videoembed/12663411378901?autoplay=1"",""quality"":""HD""}}",/sIblDdTaZ2yr8AYuvuZXdfSENXr.jpg,2026-03-28 01:34:00-03,[53],6,1.601,2019-10-17,PG-13,,876,[],/d0RcB8qzsNWu9XWtDO51rgIoyq5.jpg
471515,Aventuras en la Escuela Pública (2018),"{""latino"":{""url"":""https://ok.ru/videoembed/10905353390719?autoplay=1"",""quality"":""HD""}}",/m7prbaNnkmPlW3u87Yf8QYeJeNf.jpg,2026-01-24 11:45:00-03,[35],6.269,0.3879,2018-09-06,NR,,1280,[],/cncgtWj0PdJhtxFsYtldV3Ubtzm.jpg
471998,Caniba (2017),"{""subtitulado"":{""url"":""https://ok.ru/videoembed/11527381191254?autoplay=1"",""quality"":""HD""}}",/b3qYrT9Z9BbPWXMIZPPWqFKdQhe.jpg,2026-02-01 05:36:00-03,[99],5.6,0.9617,2017-09-01,R15+,,1072,"[""cannibal""]",/9IIIaN8yAaiOlV5qrElk7h1GfqJ.jpg
490694,El monstruo de las nieves (2017),"{""latino"":{""url"":""https://ok.ru/videoembed/2218397403890?autoplay=1"",""quality"":""HD""}}",/w5Oja9XvSYCWJjxUHA7vUzz7clN.jpg,2026-04-09 01:05:00-03,"[16,10751,12]",5.6,0.9781,2017-10-05,L,,1066,"[""nepal"",""himalaya mountain range"",""yeti"",""1950s""]",/aPb1xCG2leRKwaEyeBaSD6RNdQV.jpg
493551,Operación Final (2018),"{""latino"":{""url"":""https://ok.ru/videoembed/12950585543411?autoplay=1"",""quality"":""HD""}}",/twldftvbnHxHWDzV4Xmz0OSOZnR.jpg,2026-03-28 11:45:00-03,"[18,36,53]",6.683,2.9062,2018-08-29,PG-13,,618,"[""israel"",""mossad"",""nazi"",""world war ii"",""biography"",""based on true story"",""argentina"",""nazi hunter"",""adolf eichmann's trial"",""spy thriller"",""nazi trials"",""post-war years""]",/9WRt9quV6ZGJ05tfRQeGWyjK3Bm.jpg
493922,El legado del diablo (2018),"{""latino"":{""url"":""https://ok.ru/videoembed/12116010732210?autoplay=1"",""quality"":""HD""}}",/6chE8jSfzggAudaHmKodzBz8Sl.jpg,2026-02-22 13:55:00-03,"[27,9648,53]",7.292,10.9682,2018-06-07,B-15,,138,"[""daughter"",""funeral"",""parent child relationship"",""loss of loved one"",""ritual"",""supernatural"",""affectation"",""possession"",""dysfunctional family"",""sleeplessness"",""murder"",""family drama"",""fear"",""demon"",""attic"",""evil"",""ritual murder"",""demonic possession"",""satanic ritual"",""dollhouse"",""séance"",""grieving"",""psychological disorders"",""matriarch"",""miniatures"",""traumatized woman"",""coven"",""didactic"",""sinister"",""depressing"",""cheerful""]",
499088,La abeja Maya: Los juegos de la miel (2018),"{""latino"":{""url"":""https://ok.ru/videoembed/1850343492250?autoplay=1"",""quality"":""HD""}}",/ctC40TabH9GwqBXpEgBeJXs9Dzl.jpg,2026-04-09 19:29:00-03,"[35,10751,16,12]",6.7,1.3675,2018-02-02,G,,943,"[""friendship"",""anthropomorphism"",""european"",""3d animation"",""cartoon bee"",""australian""]",/e8IIrS4NksVOebS9YEQmzm7eJe0.jpg
502292,Nuestro último verano (2019),"{""latino"":{""url"":""https://ok.ru/videoembed/2198341225202?autoplay=1"",""quality"":""HD""},""castellano"":{""url"":""https://ok.ru/videoembed/2196559694441?autoplay=1"",""quality"":""HD""}}",/uUG5xY39bX8zMS3GBqHTwSlKPaN.jpg,2026-01-20 12:36:46.434715-03,"[10749,35]",6.006,1.7698,2019-05-03,PG-13,,835,"[""chicago, illinois"",""romcom"",""teen movie"",""summer"",""graduate""]",/aWas3hZ8DKvfKxLe3dQVpB758eA.jpg
503125,Pequeños Monstruos (2019),"{""castellano"":{""url"":""https://ok.ru/videoembed/12972349983274?autoplay=1"",""quality"":""HD""}}",/vN5wqEsnvBkkh1zFYGmn5zg6Wh4.jpg,2026-04-08 21:14:00-03,"[27,35]",6.5,1.8066,2019-08-29,R,,829,"[""halloween"",""kindergarten"",""zombie"",""zombie apocalypse""]",/q9sYdqlB7zkp2KUD4MvSJgoY7xl.jpg
504503,Isla del renacimiento (2024),"{""latino"":{""url"":""https://ok.ru/videoembed/11199828593330?autoplay=1"",""quality"":""HD""}}",/cbLa6LDqgE9vKSATDUGVovDEogx.jpg,2026-01-24 11:49:00-03,"[28,53]",5,0.2953,2024-06-20,18+,,1320,[],/wluLnG6pH63XdFKJZdlPfSIhDxj.jpg
511817,Wendell y Wild (2022),"{""latino"":{""url"":""https://ok.ru/videoembed/10099872893678?autoplay=1"",""quality"":""HD""}}",/eJ4LZ0xlTtScdwU70pxgFKB4CJa.jpg,2026-03-09 20:55:00-03,"[16,35,14,12]",6.65,3.1924,2022-10-21,B,Fear,579,"[""based on novel or book"",""stop motion"",""demon"",""underworld""]",/apBUC70udhxoLzXo7DqclQ6gcXo.jpg
512200,Jumanji 2: Siguiente nivel (2019),"{""latino"":{""url"":""https://streaam-660fef271516.herokuapp.com/watch/67aff2498404be64a6cdedf0"",""quality"":""HD""},""castellano"":{""url"":""https://streaam-660fef271516.herokuapp.com/watch/67aeb203265c9891b0b20ea6"",""quality"":""HD""},""subtitulado"":{""url"":""https://streaam-660fef271516.herokuapp.com/watch/67aeb12e265c9891b0b20ea0"",""quality"":""HD""}}",/gvR0l5NQ62DJe0Ppxb2sroHlwaa.jpg,2026-01-20 12:36:46.434715-03,"[12,35,14]",6.878,10.0134,2019-12-04,PG-13,,154,"[""magic"",""animal attack"",""body-swap"",""adventurer"",""superhuman strength"",""duringcreditsstinger"",""kids"",""action hero"",""trapped in a game""]",
516486,Greyhound (2020),"{""latino"":{""url"":""https://streaam-660fef271516.herokuapp.com/watch/678bdd73ab32781603c6c287"",""quality"":""HD""}}",/SS4UfZR1AESjtSSIs3o5Gndypx.jpg,2026-01-20 12:36:45.887344-03,"[10752,28,18]",7.413,4.7642,2020-07-09,PG-13,,339,"[""submarine"",""allies"",""atlantic ocean"",""world war ii"",""based on true story"",""biting"",""convoy"",""battleship"",""naval warfare"",""naval battleship"",""tense"",""barco"",""segunda guerra mundial"",""navio"",""submarino""]",
517024,"Break, pánico en las alturas (2019)","{""latino"":{""url"":""https://ok.ru/videoembed/2519628253828?autoplay=1"",""quality"":""HD""}}",/y9VEVAsqNocNkTYAVNmug6bfpvA.jpg,2026-01-21 22:10:00-03,[53],5.311,1.0563,2019-02-14,B-15,,1033,"[""new year's eve"",""cold"",""winter"",""mountain"",""survival"",""cold weather"",""cable car""]",/sEXO8VGcVrXbXYXOtKlFqsBhnba.jpg
517800,Capitán Sharky (2018),"{""latino"":{""url"":""https://ok.ru/videoembed/1509817584259?autoplay=1"",""quality"":""HD""}}",/bSjPFdR6ekzqIvQ1cVfZKVtHkQ6.jpg,2026-04-09 23:57:00-03,"[16,10751]",5.6,0.6144,2018-08-30,0,,1217,[],/fTkqUX24QQdtyFc9qXSqb6YiMSo.jpg
523777,Robot 7723 (2018),"{""latino"":{""url"":""https://ok.ru/videoembed/1859603139226?autoplay=1"",""quality"":""HD""}}",/c26UIxsdBP1QVWLVrRF1PXm3Hl0.jpg,2026-04-09 19:27:00-03,"[16,28,12,35,10751,878]",6.984,1.5666,2018-09-07,PG,,890,"[""friendship"",""protection"",""bully"",""memory"",""female protagonist"",""robot"",""buddy comedy"",""3d animation"",""based on webcomic or webtoon"",""based on manhua""]",/iohOuTT3OAuvzkiNPFSL7fUWhD6.jpg
524348,Reporte Clasificado (2019),"{""subtitulado"":{""url"":""https://ok.ru/videoembed/12820143475413?autoplay=1"",""quality"":""HD""}}",/8HCILVTkEqmOY0TZ1MycbwcXwyj.jpg,2026-03-28 01:32:00-03,[18],7,2.1734,2019-09-12,R,,753,"[""central intelligence agency (cia)"",""washington dc, usa"",""senate"",""investigation"",""biography"",""based on true story"",""torture"",""9/11"",""waterboarding"",""al qaeda"",""political thriller"",""post 9/11"",""non linear""]",/fnTrZiCRXCk3I6mnYvJwiMZf6pF.jpg
526811,Pura pasión (2021),"{""latino"":{""url"":""https://ok.ru/videoembed/12505178311346?autoplay=1"",""quality"":""HD""}}",/76NwvWc0sFqLpbxVRn3d56I31Uc.jpg,2026-03-11 17:12:00-03,"[10749,18]",5.72,3.0199,2021-01-14,MA15+,,601,"[""based on novel or book"",""literature professor"",""love affair"",""single mother""]",/5IETLw4XVLeN8tdWGh11TmJvyUn.jpg
530382,El lado siniestro de la Luna (2019),"{""castellano"":{""url"":""https://ok.ru/videoembed/11225057528449?autoplay=1"",""quality"":""HD""}}",/8FMI52AxfANYLQr06gLA2Uic2kB.jpg,2026-02-07 19:22:00-03,"[878,53]",6.177,2.7146,2019-09-27,R,,644,"[""philadelphia, pennsylvania"",""detective"",""time travel"",""living in car"",""serial killer"",""hospital"",""grave digger"",""polaroid camera"",""angry"",""father daughter relationship"",""grandfather granddaughter relationship""]",/eZKJ6Ez3DhVamz1CG1zwUpdwaAS.jpg
530385,Midsommar (2019),"{""latino"":{""url"":""https://streaam-660fef271516.herokuapp.com/watch/67ae62ff265c9891b0b20e3a"",""quality"":""HD""}}",/a4Uwb4vnep76r1HRNduFgT9MRez.jpg,2026-01-20 12:36:46.434715-03,"[27,18,9648]",7.152,13.4269,2019-07-03,R,,104,"[""loss of loved one"",""ritual"",""paranoia"",""sweden"",""cult"",""hallucinogenic drug"",""magic mushroom"",""anthropology"",""human sacrifice"",""paganism"",""death of family"",""blunt"",""boyfriend girlfriend relationship"",""grieving"",""midsummer"",""cultural conflict"",""bad trip"",""folk horror"",""psychological disorders"",""toxic relationship"",""midnight sun"",""isolated community"",""summer festival"",""traumatized woman"",""violence"",""foreboding""]",/pYgj8e2Y6RufnSyOA6OnzmxFXxZ.jpg
534271,The Cleaning Lady (2018),"{""subtitulado"":{""url"":""https://ok.ru/videoembed/11613757377110?autoplay=1"",""quality"":""HD""}}",/v5hLkrvU9TmljxnOvJnX7xonJKY.jpg,2026-02-01 15:19:00-03,"[27,53]",5.438,0.926,2018-08-24,R,,1087,"[""infidelity"",""cleaning lady"",""obsession"",""childhood trauma"",""love affair"",""disfigured face"",""burn victim"",""scarred face"",""twisted love""]",
535167,La Tierra errante (2019),"{""latino"":{""url"":""https://ok.ru/videoembed/7328708954693?autoplay=1"",""quality"":""HD""}}",/yzqpJcJT79CLTNdZVU7HHee6L3a.jpg,2026-03-28 00:39:00-03,"[878,28,18]",6.642,6.0978,2019-02-05,PG-13,"Violence, Inappropriate Language",230,"[""jupiter"",""based on novel or book"",""space station"",""mankind forced underground"",""underground city"",""father son relationship"",""brother sister relationship"",""grandfather grandson relationship"",""frozen earth"",""dying sun"",""giant engine"",""global government"",""approving""]",/wIrqeoJHYtZmneqIufPtcOHMjOg.jpg
537915,After (2019),"{""latino"":{""url"":""https://streaam-660fef271516.herokuapp.com/watch/67ba9de533e89a382d0db67e"",""quality"":""HD""}}",/5kZxlS9vLExy3hZA5GfNFg8oJgZ.jpg,2026-01-20 12:36:46.434715-03,"[10749,18]",7.111,12.8108,2019-04-11,PG-13,,113,"[""based on novel or book"",""love"",""teenage crush"",""teenage romance"",""bad boy"",""depressing"",""cliché""]",/997ToEZvF2Obp9zNZbY5ELVnmrW.jpg
539972,Kraven: El Cazador (2024),"{""subtitulado"":{""url"":""https://streaam-660fef271516.herokuapp.com/watch/678bdd14ab32781603c6c284"",""quality"":""HD""}}",/gz5w7GbX3phXLjmoJNqAlAO2Vrq.jpg,2026-01-20 12:36:45.887344-03,"[28,12,53]",6.437,17.2916,2024-12-11,R,,86,"[""hunter"",""superhero"",""villain"",""based on comic"",""supervillain"",""antihero"",""intense"",""admiring"",""ominous""]",
542224,Gretel & Hansel: Un oscuro cuento de hadas (2020),"{""subtitulado"":{""url"":""https://ok.ru/videoembed/11520336661078?autoplay=1"",""quality"":""HD""}}",/610jwdk1neoBpdo0GP76uNgZqWq.jpg,2026-02-03 17:52:00-03,"[27,14,9648]",6.006,1.7266,2020-01-30,PG-13,,851,"[""witch"",""fairy tale"",""woods"",""tale"",""witchcraft"",""dark fantasy"",""based on fairy tale"",""folk horror"",""re-imagining"",""brother sister relationship"",""supernatural power""]",/en1XAePgWqNSXb82luUMmo5u3cF.jpg
547565,La casa oscura (2021),"{""subtitulado"":{""url"":""https://ok.ru/videoembed/5117483879037?autoplay=1"",""quality"":""HD""}}",/8TNIjsYcfyhd8QyU5za0IOZSyew.jpg,2026-03-13 17:56:00-03,"[27,9648]",6.573,2.7465,2021-07-15,B,,639,"[""depression"",""nightmare"",""widow"",""forest"",""grieving widower"",""grief"",""new york state"",""book store"",""occult"",""doppelgänger"",""schoolteacher"",""lake house"",""suicide of husband""]",/qbQ219gsHpdx33WSfdCgG9I2Xg5.jpg
548066,Nivel 16 (2018),"{""latino"":{""url"":""https://ok.ru/videoembed/12042625813114?autoplay=1"",""quality"":""HD""}}",/84rkbWhH6kybGxVu3X4hftKjnul.jpg,2026-03-23 19:50:00-03,"[878,53]",6.7,2.684,2018-02-20,R,,650,"[""truth"",""orphanage"",""dystopia"",""imprisonment"",""girls' boarding school"",""betrayal"",""woman director"",""dark secret"",""mysterious"",""girls' school""]",/u4huTFYxr1hgrtmRq1Jj7wDicgi.jpg
550776,Secuestrada: La verdad de Lisa Mcvey (2018),"{""latino"":{""url"":""https://ok.ru/videoembed/8612521773663?autoplay=1"",""quality"":""HD""},""subtitulado"":{""url"":""https://ok.ru/videoembed/9126051056254?autoplay=1"",""quality"":""HD""}}",/ndLQXjvF5yvW51rreLDTr85o1gv.jpg,2026-02-10 15:00:00-03,"[18,10770,80]",8.03,3.3904,2018-09-30,PG-13,,545,"[""suicide"",""sexual abuse"",""kidnapping"",""detective"",""based on true story"",""serial killer"",""murderer"",""held captive"",""sole survivor"",""police force"",""sexual assault"",""donut shop"",""abduction"",""re-creation"",""teenager"",""survivor""]",/gPW90IPq6Go8hlT0n7Es3cFl7ly.jpg
553604,Un ladrón honesto (2020),"{""castellano"":{""url"":""https://ok.ru/videoembed/10720795691649?autoplay=1"",""quality"":""HD""}}",/9Kee2stO6c2JLgH2Q2ek67H7QTB.jpg,2026-02-02 08:29:00-03,"[53,28,80]",6.477,3.2227,2020-09-03,PG-13,,574,"[""bomb"",""bank robber"",""criminal past"",""divorce"",""fbi agent""]",/2M2JxEv3HSpjnZWjY9NOdGgfUd.jpg
569094,Spider-Man: Across the Spider-Verse,"{""latino"":{""url"":""https://streaam-660fef271516.herokuapp.com/watch/67ae6548265c9891b0b20e50"",""quality"":""HD"",""downloadUrl"":""https://streaam-660fef271516.herokuapp.com/download/67ae6548265c9891b0b20e50""},""castellano"":{""url"":""https://streaam-660fef271516.herokuapp.com/watch/67ae6573265c9891b0b20e51"",""quality"":""HD"",""downloadUrl"":""https://streaam-660fef271516.herokuapp.com/download/67ae6573265c9891b0b20e51""},""subtitulado"":{""url"":""https://streaam-660fef271516.herokuapp.com/watch/67ae6587265c9891b0b20e52"",""quality"":""HD"",""downloadUrl"":""https://streaam-660fef271516.herokuapp.com/download/67ae6587265c9891b0b20e52""}}",/37WcNMgNOMxdhT87MFl7tq7FM1.jpg,2026-01-20 12:36:45.887344-03,"[16,28,12,878]",8.334,27.0796,2023-05-31,PG,Violence,45,"[""new york city"",""hero"",""double life"",""sacrifice"",""secret identity"",""superhero"",""villain"",""portal"",""based on comic"",""sequel"",""romance"",""alter ego"",""alternate dimension"",""parenting"",""family"",""alternate version"",""super power"",""brooklyn, new york city"",""superhero team"",""spider bite"",""super villain"",""cliffhanger"",""masked superhero"",""teenage romance"",""young heroes"",""teen superhero"",""teen social issues"",""chelsea"",""alternate universe"",""superhero teamup"",""female superhero"",""slow burn romance"",""interdimensional travel"",""ambiguous"",""cliché"",""enthusiastic"",""excited"",""vibrant"",""black superhero""]",/9xfDWXAUbFXQK585JvByT5pEAhe.jpg
569485,Skin (2019),"{""castellano"":{""url"":""https://ok.ru/videoembed/12264619248252?autoplay=1"",""quality"":""HD""},""subtitulado"":{""url"":""https://ok.ru/videoembed/12264968489596?autoplay=1"",""quality"":""HD""}}",/3fuif2SyRehNE68JYlC0uBWROVO.jpg,2026-03-01 21:32:00-03,[18],6.6,1.5597,2019-02-08,R,,893,"[""tattoo"",""supermarket"",""gun"",""aggression"",""based on true story"",""revenge"",""american culture"",""racism"",""hillbilly"",""racist comment"",""racial slur"",""hate crime"",""tattooing"",""grocery store"",""joyride"",""white supremacists"",""father son relationship"",""african american"",""short film"",""shooting""]",
571648,Golpe de Suerte (2020),"{""latino"":{""url"":""https://ok.ru/videoembed/11488835603073?autoplay=1"",""quality"":""HD""}}",/mlXH7vDmBifbjQgVBYb97UCseWd.jpg,2026-02-11 00:17:00-03,"[9648,53,80,18]",7.091,1.5143,2020-02-19,12,,902,"[""based on novel or book"",""money"",""bag of money"",""loan shark""]",
574376,Quien a hierro mata (2019),"{""castellano"":{""url"":""https://ok.ru/videoembed/11584373262963?autoplay=1"",""quality"":""HD""}}",/6DORnWkVXQHI7ZUefV6c4Ox2B1m.jpg,2026-02-02 08:27:00-03,"[18,53,80]",6.668,1.2907,2019-08-30,NR,,964,"[""galicia, spain"",""mafia""]",/bd6NQDFpUoqNWWJ8eBBip3SR2kP.jpg
575604,El teléfono (2020),"{""latino"":{""url"":""https://ok.ru/videoembed/11369533278732?autoplay=1"",""quality"":""HD""}}",/oz8hvZHg7tIdGwh0ErPRhobJKPR.jpg,2026-02-11 15:36:00-03,"[53,9648,878]",7.503,3.7693,2020-11-23,NR,"Fear, Violence",483,"[""psychopath"",""borderline personality disorder"",""remake"",""serial killer"",""changing the past or future"",""time paradox"",""anti-social behaviour"",""thecall"",""phone calls""]",/iDw6J49rf7Xlu9QZBWpvmrMqSzI.jpg
575813,Better Days (2019),"{""castellano"":{""url"":""https://ok.ru/videoembed/11799985326755?autoplay=1"",""quality"":""HD""}}",/bjhoWPRihKSQNbqxvQgcEkOVN3j.jpg,2026-01-25 08:14:00-03,"[18,80,10749]",8.113,2.715,2019-10-25,NR,,643,"[""affectation"",""bullying"",""thoughtful"",""bully victim"",""tense"",""depressing"",""distressing"",""tragic""]",
576762,Siempre Tú (2019),"{""latino"":{""url"":""https://ok.ru/videoembed/12541517236914?autoplay=1"",""quality"":""HD""}}",/qwIudRUSkx74MPdrcyT48fu5QWY.jpg,2026-03-12 21:14:00-03,"[35,10749,10402]",5.475,0.6088,2019-02-14,,,1218,[],/5NdXNfyCojyuqpclbdAhGu4xQfh.jpg
579697,All the Colors of Giallo (2019),"{""subtitulado"":{""url"":""https://ok.ru/videoembed/13281042303651?autoplay=1"",""quality"":""HD""}}",/1xsjQBr88qDzPKS6k5RnNjnYLhx.jpg,2026-03-25 17:48:00-03,[99],6.9,0.4406,2019-01-29,NR,,1271,"[""interview"",""director"",""filmmaking""]",/r9sv49la74euJZOsFamYNWHTiGS.jpg
580632,Embarazo alien (2019),"{""latino"":{""url"":""https://ok.ru/videoembed/14425262787196?autoplay=1"",""quality"":""HD""}}",/ycoY3b72h5TLcVCLfvVS0DPIUrz.jpg,2026-04-25 19:19:00-03,"[878,27,35]",6.521,2.0411,2019-03-12,MA 15+,,770,[],/iFaqCE6XK7bpduXNBGSs1jOvVW5.jpg
582303,The Last Champion (2020),"{""subtitulado"":{""url"":""https://ok.ru/videoembed/14082599291487?autoplay=1"",""quality"":""HD""}}",/2vlbyZM1b9LaMdokPO4mLu1xe4N.jpg,2026-04-22 21:55:00-03,[18],6.5,0.7406,2020-12-08,PG-13,,1159,"[""small town"",""forgiveness"",""wrestling"",""scandal""]",/2Jtt69py0V6OtMeMXT8Z9lAiOw3.jpg
589029,Tutte le mie notti (2019),"{""subtitulado"":{""url"":""https://ok.ru/videoembed/11761558031011?autoplay=1"",""quality"":""HD""}}",/hz5dbBHL2TFulsbFWxvliTD0TQR.jpg,2026-01-27 19:37:00-03,"[18,53]",5.1,0.3767,2019-03-28,10,,1283,[],/sRz4gauFPC7IAB854TSI6Crunrq.jpg
590401,De De Pyaar De (2019),"{""subtitulado"":{""url"":""https://ok.ru/videoembed/10753780419199?autoplay=1"",""quality"":""HD""}}",/lKxbegRPahPDeOYeaDHhsNJDZU8.jpg,2026-01-25 13:28:00-03,"[10749,35]",6,0.5865,2019-05-17,12A,,1223,[],/cREnFE1ib97ARR2K5uMg1C0Y7jY.jpg
593677,Noventa minutos (1949),"{""latino"":{""url"":""https://ok.ru/videoembed/9311351081533?autoplay=1"",""quality"":""HD""}}",/maWhUIGXlesbTvX5KQI2XC11gsi.jpg,2026-03-21 23:39:00-03,"[18,53,10752]",3.5,1.1654,1949-10-13,,,998,"[""london, england"",""world war ii"",""struggle for survival"",""air raid"",""london blitz""]",/kDloabx2TNSpNiIAhOFbuGgsQiD.jpg
595172,El progreso del peregrino (2019),"{""latino"":{""url"":""https://ok.ru/videoembed/6762325674670?autoplay=1"",""quality"":""HD""}}",/iKztLIN1z45O8KxQtLqjRK8vXLX.jpg,2026-04-09 00:49:00-03,"[16,12]",7.6,2.4036,2019-04-18,PG,,703,[],/l2Ao3NXfrXtWzlBZ5DnP2l2szJj.jpg
597856,Critters 5,"{""latino"":{""url"":""https://ok.ru/videoembed/4873048099526?autoplay=1"",""quality"":""HD""},""castellano"":{""url"":""https://ok.ru/videoembed/4013135104526?autoplay=1"",""quality"":""HD""},""subtitulado"":{""url"":""https://ok.ru/videoembed/7227851803281?autoplay=1"",""quality"":""HD""}}",/nQEMFZHU9pLuhu49piOUkqIeKlo.jpg,2026-01-20 12:36:45.887344-03,"[35,27,878]",6.072,0.9884,2020-11-06,R,,1060,"[""college"",""babysitter"",""sequel"",""alien"",""creature"",""alien invasion"",""critters""]",/32HqRM2XTccuEpYuERTSLnbAeBZ.jpg
603957,Pichuco (2014),"{""latino"":{""url"":""https://ok.ru/videoembed/11490821868158?autoplay=1"",""quality"":""HD""}}",/2384clrU8Cwhg5vI7rwZoH3GpGY.jpg,2026-02-11 20:28:00-03,"[99,10402]",6.3,0.4623,2014-04-06,,,1264,"[""musician"",""tango"",""argentinean tango""]",/tATomX0f9D5LWdPa6yXVjGa66ym.jpg
604079,La larga marcha (2025),"{""latino"":{""url"":""https://ok.ru/videoembed/11076368009793?autoplay=1"",""quality"":""HD""},""subtitulado"":{""url"":""https://ok.ru/videoembed/11076368140865?autoplay=1"",""quality"":""HD""}}",/izA5U09supDy8J2Z4339Po6PIHU.jpg,2026-01-23 11:48:00-03,"[878,53,27]",6.945,17.9994,2025-09-10,R,"Violence, Inappropriate Language",83,"[""suicide"",""based on novel or book"",""competition"",""dystopia"",""male friendship"",""bullying"",""coming of age"",""survival"",""psychological thriller"",""teenage boy"",""survival horror"",""psychological horror"",""dystopian sci-fi""]",/2dlt9I2ga6hweywz9zsFUz1PVii.jpg
604685,El robo perfecto 2 (2025),"{""latino"":{""url"":""https://ok.ru/videoembed/8973260819097?autoplay=1"",""quality"":""HD""}}",/cD5WrzWVjA5Q5rHNLoZ1DsZIOLR.jpg,2026-01-20 12:36:46.193763-03,"[28,80,53]",6.59,4.6394,2025-01-08,R,Violence,357,"[""diamond"",""ex-cop"",""heist"",""vengeance"",""crime"",""ridiculous""]",
606906,Steel Rain 2: Summit (2020),"{""latino"":{""url"":""https://ok.ru/videoembed/12745318861436?autoplay=1"",""quality"":""480P""}}",/xTFsalgDxuH8vu5SWmJY7HoygVZ.jpg,2026-03-16 16:34:00-03,"[28,53,10752]",7,2.3948,2020-07-29,,,709,"[""usa president"",""submarine"",""politics"",""coup d'etat"",""summit"",""korean navy"",""nuclear submarine"",""inter-korean summit"",""korea president"",""inter-korean relations"",""based on webcomic or webtoon""]",
609441,"Con Amor, Alaska (2019)","{""latino"":{""url"":""https://ok.ru/videoembed/11328852396722?autoplay=1"",""quality"":""HD""}}",/nzKvlGBqN1bZrvbCHYLDgl2ij8d.jpg,2026-01-23 06:52:00-03,"[10770,35,10749]",6.553,0.9973,2019-06-27,,,1054,"[""winter"",""love""]",/cBMXtrIGC6dglxaaNRM20mYcqY.jpg
611620,Orden de matar (1965),"{""latino"":{""url"":""https://ok.ru/videoembed/6634417293826?autoplay=1"",""quality"":""HD""}}",/4e4SlgVfwGQ0ewPSIK7cF9eAw3N.jpg,2026-03-13 17:02:00-03,[53],5,0.152,1965-09-23,,,1361,[],/16ySZ7npz6ZT29MpIwJDvkFdKkZ.jpg
611751,Miss (2020),"{""castellano"":{""url"":""https://ok.ru/videoembed/9468607466045?autoplay=1"",""quality"":""HD""}}",/f3jdGSkNjXm0vdDXPVrwlVHaVAn.jpg,2026-04-03 22:26:00-03,"[35,18]",7.2,1.048,2020-10-21,M,,1035,"[""beauty contest"",""beauty queen contest"",""travestite"",""travesti"",""transgender""]",/o9BxMhL2ZlLTgmEeQ829PZc1jKT.jpg
613504,After 2 (2020),"{""latino"":{""url"":""https://streaam-660fef271516.herokuapp.com/watch/67ba9ded33e89a382d0db67f"",""quality"":""HD""}}",/8nPw22C41EUWXREWmY9iIivMXxm.jpg,2026-01-20 12:36:46.434715-03,"[10749,18]",7.158,4.1304,2020-09-02,R,,436,"[""based on novel or book"",""love"",""teenage crush""]",/6hgItrYQEG33y0I7yP2SRl2ei4w.jpg
615453,Ne Zha (2019),"{""subtitulado"":{""url"":""https://ok.ru/videoembed/1641530198601?autoplay=1"",""quality"":""HD""}}",/8TpbaMAjrYm2iFB3LCTcVInwhdS.jpg,2026-01-20 12:36:46.434715-03,"[16,14,12]",7.893,10.428,2019-07-26,NR,,146,"[""magic"",""dragon"",""demon"",""based on myths, legends or folklore"",""3d animation"",""nezha"",""donghua""]",/k1pJslKr4aDayw9kWwWnlC3MIP3.jpg
619366,Bruja (2019),"{""latino"":{""url"":""https://ok.ru/videoembed/12105665743486?autoplay=1"",""quality"":""HD""}}",/zYrNIF1Qe2xPcmcjZyzsCVRqMiS.jpg,2026-03-06 22:19:00-03,"[80,18,14,9648,53]",7.587,0.7799,2019-09-12,PM16,,1146,"[""witch"",""black magic"",""illegal prostitution""]",
619954,Dos colegas y la gran bestia (2020),"{""castellano"":{""url"":""https://ok.ru/videoembed/3125354105348?autoplay=1"",""quality"":""1080P""}}",/aypphFxAHt5n1WPXoP3t57cFeeE.jpg,2026-04-10 00:14:00-03,"[10751,12,16]",5.7,0.4172,2020-09-25,A,,1276,[],/3Ylixsn7UYajpPBnStk3GhEvPbN.jpg
623464,Zombie Tidal Wave (2019),"{""castellano"":{""url"":""https://ok.ru/videoembed/11560326269603?autoplay=1"",""quality"":""HD""}}",/bdlWPVFMsBchv07HxF2khcdCEwZ.jpg,2026-01-21 09:22:00-03,"[28,12,878,27,53]",4.5,0.9885,2019-08-17,R15+,,1059,[],/3PlHbkANRZRcIYPi5sPLvb4oGAM.jpg
625221,Siervos de la Guerra (2019),"{""latino"":{""url"":""https://ok.ru/videoembed/9786777471584?autoplay=1"",""quality"":""HD""}}",/gxSLT3ZuZwwlhEGxZDR76nOD8ib.jpg,2026-03-30 23:29:00-03,"[53,28]",6.4,0.6847,2019-08-22,16,,1183,"[""corruption"",""secret intelligence service"",""dna""]",/o1V5CHGYxcwaSdHxvwBC2BOnkch.jpg
626129,La presentadora: Visiones diabólicas (2022),"{""latino"":{""url"":""https://ok.ru/videoembed/12348298955391?autoplay=1"",""quality"":""HD""}}",/4xtXo2ImWBybIWlUVKdxUl5SPUl.jpg,2026-03-13 23:23:00-03,"[53,9648,27]",6,5.0068,2022-04-20,14,,305,"[""hallucination"",""hypnosis"",""murder"",""motherhood"",""investigative journalism"",""tv news anchor""]",/92KMjcUcPwHqC3Gf9Dnpgs3vEey.jpg
628847,Trap House (2025),"{""latino"":{""url"":""https://ok.ru/videoembed/10624176228926?autoplay=1"",""quality"":""HD""}}",/p9zbrDpAKyj3jeemkyAoBmlo3KG.jpg,2026-02-04 15:42:00-03,"[28,80,53]",6.635,13.6402,2025-11-14,R,,103,[],/oIJjO1CvEdTMFNkWfHaV0RB584G.jpg
628878,Misión Panamá (2022),"{""castellano"":{""url"":""https://ok.ru/videoembed/11323458718337?autoplay=1"",""quality"":""HD""}}",/dMAB7LkYdtFHlQwQxGK8gEfj1Ek.jpg,2026-02-02 20:06:00-03,"[53,28]",5.183,2.1045,2022-03-17,R,,760,"[""revolution"",""invasion"",""panama"",""war""]",
628917,Encurtido en el tiempo (2020),"{""castellano"":{""url"":""https://streaam-660fef271516.herokuapp.com/watch/678bdd97ab32781603c6c288"",""quality"":""HD""},""subtitulado"":{""url"":""https://streaam-660fef271516.herokuapp.com/watch/678bddc5ab32781603c6c289"",""quality"":""HD""}}",/rLkHI9VKlzvS8kVIlW0bt9evX2I.jpg,2026-01-20 12:36:45.887344-03,"[35,18]",5.724,4.179,2020-08-06,PG-13,,424,"[""immigrant"",""deportation"",""time travel"",""jewish american"",""brooklyn, new york city"",""duringcreditsstinger"",""jewish culture"",""jewish family"",""yiddish language"",""pickle""]",/3H1yUIL1KxIuIMRwNMSL9cvifby.jpg
630709,Si yo fuera rico (2019),"{""castellano"":{""url"":""https://ok.ru/videoembed/12042626206330?autoplay=1"",""quality"":""HD""}}",/x48pAd8p6vU6UVDYLhhfHiKjRUY.jpg,2026-03-23 19:54:00-03,[35],5.85,1.0053,2019-11-15,R,,1050,[],/9BCp3MC4Eqg6O1kwVVKTJ3u2aGG.jpg
637693,Spirit: El Indomable (2021),"{""latino"":{""url"":""https://ok.ru/videoembed/4068368126359?autoplay=1"",""quality"":""HD""}}",/bSkqrecf1g2d0h9z0oJlgxXVHwt.jpg,2026-04-09 19:25:00-03,"[16,12,10751,37]",7.3,3.6158,2021-05-20,PG,,506,"[""horse"",""mustang"",""female protagonist"",""animals"",""wild horse"",""reboot"",""3d animation""]",/fZkhO3JhRajayNejQUaIiBegayM.jpg
653904,Spirit Cabalgando Libre: Una Navidad con Spirit (2019),"{""latino"":{""url"":""https://ok.ru/videoembed/2662324767305?autoplay=1"",""quality"":""1080P""}}",/lLPex9m7NqSl67I2na2qZEMgja0.jpg,2026-04-10 18:47:00-03,"[16,10751,12,10770]",6.8,0.9188,2019-12-06,PG,,1089,"[""horse"",""computer animation""]",/jjHTYi2KJ3dojfxIMmwcQz1BXnt.jpg
654076,Storm (2022),"{""latino"":{""url"":""https://ok.ru/videoembed/11329918470834?autoplay=1"",""quality"":""HD""}}",/3Wycxfq5Tn0J4Nz3jZ4YziayBtX.jpg,2026-01-24 11:27:00-03,[18],5.654,4.0128,2022-09-30,12,,451,"[""drowning"",""family tragedy"",""woman director"",""mother daughter relationship"",""child drowning""]",/cXM5wZLr2A0w7CdWQNNUaThgj3l.jpg
660205,La tierra de los hijos (2021),"{""castellano"":{""url"":""https://ok.ru/videoembed/3284133284548?autoplay=1"",""quality"":""HD""}}",/oqsSklaIzG8SEhgKZsMumsF8pvL.jpg,2026-03-28 00:00:00-03,[878],6.1,1.5971,2021-07-01,16+,,881,"[""post-apocalyptic future"",""based on graphic novel""]",/vBNFWfc4jd3V613zJWd3gL9m73B.jpg
663451,Delphi: una aventura submarina (2020),"{""latino"":{""url"":""https://ok.ru/videoembed/7766278015511?autoplay=1"",""quality"":""1080P""}}",/ngu7BkIewxtknFb2jsIA1wxZ0oD.jpg,2026-04-10 18:49:00-03,"[16,10751,14]",6.5,0.9987,2020-10-01,U,,1053,[],/nwvsWuHB2ZHSQ3stTV7p4thkQOn.jpg
664576,La metamorfosis de los pájaros (2021),"{""subtitulado"":{""url"":""https://ok.ru/videoembed/10925709068968?autoplay=1"",""quality"":""HD""}}",/rDwMHFW0aeeHy2WzUpSDmROGFOA.jpg,2026-01-21 22:14:00-03,"[99,18]",6.393,0.4318,2021-07-30,U,,1273,[],/d8GnSzK7hE4mmcv3A2UxQrYxYkF.jpg
664819,云南虫谷之献王传说 (2020),"{""latino"":{""url"":""https://ok.ru/videoembed/11008247532159?autoplay=1"",""quality"":""HD""}}",/wSrWS0WjQXzBmpU181l16zB7Jc9.jpg,2026-01-24 17:30:00-03,"[28,12,9648]",0,0.4709,2020-01-17,15,,1257,[],
665465,Responsabilidad empresarial (2020),"{""latino"":{""url"":""https://ok.ru/videoembed/12279504833150?autoplay=1"",""quality"":""HD""}}",/hpDjP81fUIXEFmFLzDOlXu0v9ty.jpg,2026-03-10 18:57:00-03,[99],6,0.1146,2020-02-21,,,1364,"[""central intelligence agency (cia)"",""usa president"",""central and south america"",""dictator"",""bolivia"",""dictatorship"",""pogrom"",""paraguay"",""uruguay"",""chile"",""argentina"",""massacre"",""south america"",""military dictatorship"",""xenophobia"",""military coup"",""latin american history"",""latin american revolution""]",/aXEL5PsDhXdM9WXdv3jER6e1SA2.jpg
666277,Vidas pasadas (2023),"{""latino"":{""url"":""https://streaam-660fef271516.herokuapp.com/watch/67ae6130265c9891b0b20e2f"",""quality"":""HD""},""castellano"":{""url"":""https://streaam-660fef271516.herokuapp.com/watch/67ae61a6265c9891b0b20e32"",""quality"":""HD""},""subtitulado"":{""url"":""https://streaam-660fef271516.herokuapp.com/watch/67ae61bf265c9891b0b20e33"",""quality"":""HD""}}",/jWrJrLMD7SZoxc65KSYej6QOw12.jpg,2026-01-20 12:36:46.193763-03,"[18,10749]",7.718,6.2669,2023-06-02,7,Coarse Language,223,"[""new york city"",""immigrant"",""friendship"",""nostalgia"",""woman between two men"",""interracial marriage"",""fate"",""playwright"",""married woman"",""childhood friends"",""semi autobiographical"",""woman director"",""korean american"",""childhood sweethearts"",""memories"",""dreary"",""korean"",""asian american"",""independent film"",""seoul, south korea""]",/7HR38hMBl23lf38MAN63y4pKsHz.jpg
666433,Power of Love (2023),"{""latino"":{""url"":""https://ok.ru/videoembed/11938898643620?autoplay=1"",""quality"":""HD""}}",/dZp66OqCM24I9XwW6l4g8Acys15.jpg,2026-03-05 23:07:00-03,"[53,18]",5,5.3177,2023-10-20,16,"Sexualized Violence, Sexuality",276,[],/7Ex2Rh8mEj5NBIPEeyKBhgY3GW7.jpg
667538,Transformers: El despertar de las Bestias,"{""latino"":{""url"":""https://streaam-660fef271516.herokuapp.com/watch/67ae67c3265c9891b0b20e59"",""quality"":""HD""}}",/peIB7KBBrqW0JsCLQBt9ChEtZ7m.jpg,2026-01-20 12:36:45.887344-03,"[878,12,28]",7.189,12.9436,2023-06-06,PG-13,"Violence, Threat",112,"[""peru"",""alien"",""end of the world"",""based on toy"",""robot"",""duringcreditsstinger"",""1990s"",""brother brother relationship"",""admiring""]",/2vFuG6bWGyQUzYS9d69E5l85nIz.jpg
671266,"Ni tuyo, ni mía (2021)","{""latino"":{""url"":""https://ok.ru/videoembed/11845551000186?autoplay=1"",""quality"":""HD""}}",/4jMEgn23HxojTZHT4vArcfsIpDD.jpg,2026-03-23 18:40:00-03,[18],8.6,0.5645,2021-08-19,C,,1229,[],/udb5jZpEsjHmXDQClpKuGLXHfGg.jpg
672647,El mapa de los instantes perfectos (2021),"{""latino"":{""url"":""https://ok.ru/videoembed/11145018280572?autoplay=1"",""quality"":""HD""}}",/5UVwrFmxLrgRkIFFs0X5nZFs7HS.jpg,2026-01-20 12:36:46.662574-03,"[14,10749]",7.1,1.5973,2021-02-12,PG-13,,880,"[""small town"",""love"",""cancer"",""time loop"",""based on short story"",""loss of mother"",""love story"",""teenager"",""aimless youth""]",
672741,Hasta la muerte (2021),"{""latino"":{""url"":""https://ok.ru/videoembed/3989934443148?autoplay=1"",""quality"":""HD""},""castellano"":{""url"":""https://ok.ru/videoembed/7212804672047?autoplay=1"",""quality"":""HD""},""subtitulado"":{""url"":""https://ok.ru/videoembed/6384859482808?autoplay=1"",""quality"":""HD""}}",/9azVNvLVswNn1dj43YbJ5sZiykd.jpg,2026-03-13 12:41:00-03,"[27,53]",6.674,4.6932,2021-07-02,R,,351,"[""infidelity"",""suicide"",""husband wife relationship"",""winter"",""cheat on husband"",""survival"",""murder"",""lawyer"",""trapped"",""handcuffed"",""wedding anniversary"",""hired killer"",""isolated"",""lake house"",""malicious""]",/rInMNJipAil3iIcBltPiGRkNAG7.jpg
675009,Firma Aquí (2024),"{""latino"":{""url"":""https://ok.ru/videoembed/7522282769036?autoplay=1"",""quality"":""HD""}}",/1lhywhUE7Cii0zCDR6R2EaHxRdW.jpg,2026-02-14 00:16:00-03,"[878,35,10749]",7.5,0.3309,2024-05-09,B,,1306,[],/dEVrGUhTnvk5FMH4SAucEzTSblj.jpg
677403,Mi mesera (1973),"{""latino"":{""url"":""https://ok.ru/videoembed/12100743203450?autoplay=1"",""quality"":""HD""}}",/5IuPgHvGciwOinRtzFQ9pipDDtl.jpg,2026-03-23 20:04:00-03,[],5,0.3791,1973-01-01,,,1282,[],
680023,Voces secretas (2021),"{""latino"":{""url"":""https://ok.ru/videoembed/8729488263806?autoplay=1"",""quality"":""HD""}}",/cFdKwGtA2SzRSORGRnwhg5pJAd0.jpg,2026-03-10 18:23:00-03,"[80,18,9648]",6.2,0.2752,2021-04-15,,,1328,"[""voces secretas""]",/o2quPMuh3yCavzYcAAj9una4ePV.jpg
681434,Consejos de un asesino serial retirado (2025),"{""latino"":{""url"":""https://ok.ru/videoembed/12904767031903?autoplay=1"",""quality"":""HD""},""subtitulado"":{""url"":""https://ok.ru/videoembed/12330252962517?autoplay=1"",""quality"":""HD""}}",/fZgUmTyDiDLeKOlUKXnOs1GKe3b.jpg,2026-03-28 01:26:00-03,"[80,35]",6.8,5.1152,2025-04-04,14,"Legal Drugs, Inappropriate Language, Violence",293,"[""new york city"",""serial killer"",""dramedy""]",/zP5kUq7z2f9OLki1z1wwGLngtKu.jpg
682254,¡Scooby-Doo! La Leyenda de Scoobydur (2021),"{""latino"":{""url"":""https://streaam-660fef271516.herokuapp.com/watch/67aff8978404be64a6cdedf3"",""quality"":""HD""}}",/miESEXyqDJV4TolIWc5ZdF30uRU.jpg,2026-01-20 12:36:46.434715-03,"[16,35,10751,9648,12,14]",7.64,1.0953,2021-02-24,NR,,1019,"[""friendship"",""friends""]",/wofwzHaXg61PpMEv52JMmqnfECA.jpg
682507,Chica salvaje (2022),"{""subtitulado"":{""url"":""https://streaam-660fef271516.herokuapp.com/watch/67ae604f265c9891b0b20e21"",""quality"":""HD""}}",/fmKCI3tweszvv1S7MoK0OCWsvht.jpg,2026-01-20 12:36:46.193763-03,"[18,9648,10749]",7.527,4.4671,2022-07-14,PG-13,,384,"[""based on novel or book"",""artist"",""bullying"",""alcoholism"",""coming of age"",""survival"",""domestic abuse"",""first love"",""marsh"",""boyfriend girlfriend relationship"",""social outcast"",""jury trial"",""naturalist"",""murder mystery"",""murder trial"",""1960s"",""alcohol problems"",""courtroom drama"",""abusive boyfriend"",""abandoned child"",""southern culture"",""audacious""]",/7Y3LdmsZukXhmwxtO0UF95BFBTt.jpg
683856,Eso que llaman amor (2015),"{""latino"":{""url"":""https://ok.ru/videoembed/11578094258814?autoplay=1"",""quality"":""HD""}}",/84Fbt8qdYrzzkvl9b9W4nLlNcrl.jpg,2026-02-26 13:46:00-03,[18],1,0.0503,2015-09-24,,,1371,[],/wS7mTsL51BDoimlVmjRIhuTSfmd.jpg
687163,Proyecto Fin del Mundo (2026),"{""latino"":{""url"":""https://ok.ru/videoembed/12719151057523?autoplay=1"",""quality"":""HDCAM""}}",/5OrMnHwTlvndWr5vIWvyZhi4LfU.jpg,2026-03-26 22:25:00-03,"[878,12]",8.171,195.9863,2026-03-15,B,"Threat, Stressful Scenes",5,"[""based on novel or book"",""space travel"",""space mission"",""alien"",""space"",""science teacher"",""save the planet""]",/8Tfys3mDZVp4tNoH2ktm06a0Tau.jpg
696393,Alerta Extinción (2026),"{""latino"":{""url"":""https://ok.ru/videoembed/13524144622195?autoplay=1"",""quality"":""HD""},""subtitulado"":{""url"":""https://ok.ru/videoembed/13524168673907?autoplay=1"",""quality"":""HD""}}",/1KJDFsRxQWtbjIJoS4DCeCoEDQA.jpg,2026-04-21 21:47:00-03,"[27,878,35]",6.767,19.1943,2026-01-22,B-15,"Illegal Drugs, Inappropriate Language, Violence",72,"[""australia"",""based on novel or book"",""mutation"",""vomit"",""deer"",""outbreak"",""survival"",""nuclear bomb"",""epidemic"",""fungus"",""underground facility"",""storage compound"",""hilarious"",""sci-fi horror"",""harsh"",""comedy horror""]",/puqQGxK9HYITUKhCdREg3XOLlZd.jpg
698687,Transformers One,"{""latino"":{""url"":""https://streaam-660fef271516.herokuapp.com/watch/67ae6798265c9891b0b20e58"",""quality"":""HD""}}",/1jzVCZxBmgvpGILuEU8icfX77Io.jpg,2026-01-20 12:36:45.887344-03,"[16,878,12,10751]",7.998,11.1113,2024-09-11,PG,Violence,133,"[""based on toy"",""giant robot"",""aftercreditsstinger"",""duringcreditsstinger"",""buddy movie"",""brothers-in-arms relationship"",""origin story"",""alien robot""]",/cMfokHWle5lfCreoV08cbmkKv6G.jpg
700391,65: Al borde de la extinción (2023),"{""latino"":{""url"":""https://ok.ru/videoembed/12332613569119?autoplay=1"",""quality"":""HD""}}",/dhqu9rInT9IOa2w0TU22YMEgGus.jpg,2026-03-11 00:17:00-03,"[28,12,878]",5.952,5.1702,2023-03-02,B,,288,"[""monster"",""asteroid"",""cave"",""giant monster"",""prehistory"",""dinosaur"",""quicksand"",""crash landing"",""alien race"",""sick child"",""shipwrecked"",""man vs nature"",""father daughter relationship"",""alien spaceship""]",/eSVu1FvGPy86TDo4hQbpuHx55DJ.jpg
702699,Porrista asesina (2020),"{""latino"":{""url"":""https://ok.ru/videoembed/11714513406559?autoplay=1"",""quality"":""HD""}}",/2uP7ShuiANpepMcbDHfFcp6SUJq.jpg,2026-02-20 10:33:00-03,"[53,9648,10770]",6.5,4.0945,2020-06-01,,,441,[],/k5IZZtJnGSRD8hr3UY9q8QTGanM.jpg
710258,Dos forajidos (2025),"{""latino"":{""url"":""https://ok.ru/videoembed/11076377250369?autoplay=1"",""quality"":""HD""}}",/gXal8mHwlUwtaEfLwADC9rtvv1k.jpg,2026-01-27 17:28:00-03,"[37,28,18]",6.8,3.689,2025-05-01,16,"Violence, Injury",495,"[""bounty hunter"",""death sentence"",""accidental death"",""grandson"",""western"",""lone outlaw"",""admiring""]",
712121,Sweat (2021),"{""subtitulado"":{""url"":""https://ok.ru/videoembed/11678953900630?autoplay=1"",""quality"":""HD""}}",/jBZ2qZhJ9gUsNHpaXxWXo3bjD9.jpg,2026-02-01 15:06:00-03,"[18,53]",6.3,4.9078,2021-03-12,16,,313,"[""truth"",""shopping mall"",""stalker"",""loneliness"",""male masturbation"",""generation gap"",""fitness model"",""selfie"",""intimacy"",""warsaw, poland"",""vulnerability"",""mother daughter relationship"",""polish"",""social media influencer"",""followers"",""instagram""]",/qMwhUTSPYNags3VzVY0Zke5MBc3.jpg
713364,El payaso del maizal (2025),"{""latino"":{""url"":""https://ok.ru/videoembed/10156138826419?autoplay=1"",""quality"":""HD""},""castellano"":{""url"":""https://ok.ru/videoembed/10097495575286?autoplay=1"",""quality"":""HD""},""subtitulado"":{""url"":""https://ok.ru/videoembed/10062372342397?autoplay=1"",""quality"":""HD""}}",/2HngtO2zVYK99Quxh8AtLv3esYd.jpg,2026-02-26 19:10:00-03,"[27,9648,53]",6.1,4.4832,2025-05-02,,,382,"[""small town"",""based on novel or book"",""beheading"",""dark comedy"",""rifle"",""slasher"",""weight lifting"",""severed hand"",""killer clown"",""evil clown"",""cornfield"",""independent film"",""father and daughter"",""gay kiss"",""teenager"",""baffled"",""gay character""]",/zrIE7qg61W2KEwDRCW83VtkhSeo.jpg
714195,Un respiro en la oscuridad (2021),"{""latino"":{""url"":""https://ok.ru/videoembed/11174391777854?autoplay=1"",""quality"":""HD""}}",/kaql19bJ3D2uNnHPxVuzHGMUjM2.jpg,2026-04-06 18:08:00-03,[18],6.5,1.5352,2021-10-29,R,,897,"[""postpartum depression""]",/bm3LmvAfQhi5kArsr15TKhehZeI.jpg
715123,Libros de sangre (2020),"{""latino"":{""url"":""https://ok.ru/videoembed/11640492067452?autoplay=1"",""quality"":""HD""},""castellano"":{""url"":""https://ok.ru/videoembed/7264016534063?autoplay=1"",""quality"":""HD""},""subtitulado"":{""url"":""https://ok.ru/videoembed/8253569305174?autoplay=1"",""quality"":""HD""}}",/vPZLR0duRDS27mOVFGoTYkH4MYx.jpg,2026-02-09 00:20:00-03,"[27,878]",6.296,1.9203,2020-10-07,,,800,"[""horror anthology""]",/oLA6GlYvfUAAzITiXo56NEKjVQE.jpg
718821,Twisters (2024),"{""castellano"":{""url"":""https://ok.ru/videoembed/11295505582707?autoplay=1"",""quality"":""HD""}}",/50xgtaDR0xJkLSVghdTGUeMoPHP.jpg,2026-01-26 17:37:00-03,"[28,53]",6.787,6.7213,2024-07-10,PG-13,"Frightening Scenes, Not Recommended For Young Children",207,"[""dying and death"",""rodeo"",""climate"",""twister"",""natural disaster"",""oklahoma"",""storm chaser"",""meteorologist"",""duringcreditsstinger"",""disaster movie"",""weather chasers"",""social media influencer"",""youtuber"",""extreme weather"",""hilarious"",""exhilarated"",""science experiment""]",/58D6ZAvOKxlHjyX9S8qNKSBE9Y.jpg
718867,Isla Larva: La película (2020),"{""latino"":{""url"":""https://ok.ru/videoembed/2200010230514?autoplay=1"",""quality"":""HD""}}",/uHdxICUIRGoJjK67aOp3ykvL8ZW.jpg,2026-04-09 18:04:00-03,"[16,10751]",7.1,1.2004,2020-07-23,L,,988,"[""island"",""lava"",""wild animal"",""larvae""]",/53aUwtolUZxgzMr2KbDpOnD8jo3.jpg
724495,La Mujer Rey (2022),"{""latino"":{""url"":""https://ok.ru/videoembed/12825197480574?autoplay=1"",""quality"":""HD""}}",/jny1jvCkgpzc3C0axQsX9ADYcAl.jpg,2026-03-29 11:25:00-03,"[28,18,36,10752]",7.6,6.4253,2022-09-16,C,,216,"[""africa"",""arranged marriage"",""warrior woman"",""based on true story"",""slave trade"",""duringcreditsstinger"",""woman director"",""military unit"",""aggressive"",""19th century"",""mother daughter reunion"",""freed slave"",""female warrior"",""west africa"",""weapons training"",""factual"",""reminiscent"",""admiring"",""celebratory"",""commanding"",""exhilarated""]",/v4YV4ne1nwNni35iz4WmpZRZpCD.jpg
726274,Irati (2023),"{""castellano"":{""url"":""https://ok.ru/videoembed/11660944804438?autoplay=1"",""quality"":""HD""}}",/cjY3rzWO3MgK4MQq54e1BOqQ83Q.jpg,2026-02-07 19:27:00-03,"[18,12,14]",6.539,0.5662,2023-02-24,16,,1228,"[""paganism"",""based on graphic novel"",""pyrenees mountain ridge"",""based on myths, legends or folklore"",""basque"",""religious persecution"",""basque mythology""]",/2UsNQV74s3lvw8XdI13KTxExZ2K.jpg
726888,Corazones rotos (2022),"{""latino"":{""url"":""https://ok.ru/videoembed/12306306763329?autoplay=1"",""quality"":""HD""}}",/bMxbzIoSDJ1KC2kSEsAcltIAyIb.jpg,2026-02-27 16:05:00-03,"[18,53]",3.8,0.2996,2022-11-04,12,,1318,"[""rapper"",""lgbt"",""french hip-hop""]",
729713,Home (2025),"{""latino"":{""url"":""https://ok.ru/videoembed/11969698597503?autoplay=1"",""quality"":""HD""}}",/2830dGe0I5KNBf2VT9h4iKHZQIS.jpg,2026-02-26 12:37:00-03,"[27,53]",5.75,1.8958,2025-02-07,16,,804,"[""entity"",""incident"",""abandoned woman""]",/ywYdIlSTozjJcrlERewfotGjXyq.jpg
730154,Your Eyes Tell (2020),"{""latino"":{""url"":""https://ok.ru/videoembed/11813551082162?autoplay=1"",""quality"":""HD""}}",/bVKjeiKL6499wWwSHYbahIUnHIJ.jpg,2026-02-09 13:52:00-03,"[10749,18]",8.532,3.4208,2020-10-23,16,,540,"[""remake"",""destiny"",""blindness"",""love story""]",/v5CEt88iDsuoMaW1Q5Msu9UZdEt.jpg
736526,Trol (2022),"{""latino"":{""url"":""https://ok.ru/videoembed/11910508513970?autoplay=1"",""quality"":""HD""}}",/ntwVUjOOA2kpTkgng4OotBMhyUP.jpg,2026-02-26 12:50:00-03,"[14,28,12]",6.568,4.8658,2022-11-30,B,,320,"[""mountain"",""mythical creature"",""creature"",""oslo, norway"",""monster movie"",""norwegian folklore""]",/ml2Nl1JzWV0WlniVuF5YLrYt1ot.jpg
737778,El duodécimo día de Navidad (2020),"{""castellano"":{""url"":""https://ok.ru/videoembed/8532195150397?autoplay=1"",""quality"":""HD""}}",/e5B1YpVK0gNmhW8KE6jdl0uX79R.jpg,2026-04-03 22:28:00-03,"[10770,10749]",7.1,0.5734,2020-11-01,G,,1225,"[""christmas""]",/oKqFPM54ZalHtom1xwpmAPLjXGD.jpg
739323,The swimmer (2021),"{""subtitulado"":{""url"":""https://ok.ru/videoembed/6473128938183?autoplay=1"",""quality"":""HD""}}",/idAUscRqeiejlopP5DB6Pa7CN0b.jpg,2026-01-20 12:36:46.434715-03,[18],5.4,1.4689,2021-08-30,15,,908,"[""olympic games"",""forbidden love"",""swimming pool"",""swimmer"",""lgbt athlete"",""lgbt"",""swimming club"",""gay theme"",""complicated"",""earnest""]",
740441,Identidad desbloqueada (2023),"{""latino"":{""url"":""https://ok.ru/videoembed/6034881383139?autoplay=1"",""quality"":""HD""},""subtitulado"":{""url"":""https://ok.ru/videoembed/4993627589252?autoplay=1"",""quality"":""HD""}}",/j2o6sK6yUOcQQUC9qJ37CaaXwhu.jpg,2026-01-20 12:36:46.434715-03,[53],7.327,2.2303,2023-02-17,16,"Violence, Legal Drugs, Inappropriate Language",741,"[""based on novel or book"",""stalker"",""remake"",""serial killer"",""hacking"",""cell phone"",""phone"",""smart phone"",""father daughter relationship"",""lost""]",/mLnbZF4B2ZUYkrbGZL5RGkfe0n4.jpg
740999,Mentiras mortales (2020),"{""latino"":{""url"":""https://ok.ru/videoembed/11329035635378?autoplay=1"",""quality"":""HD""}}",/vjBO6exNvnpPi9DufCRLlPrV5zV.jpg,2026-01-23 09:59:00-03,"[53,10770]",5.8,0.3681,2020-11-21,,,1289,[],
741083,La Maldicion de Medea (2022),"{""latino"":{""url"":""https://ok.ru/videoembed/9389913999996?autoplay=1"",""quality"":""HD""}}",/wM1qQzv5UGyFOZh4IzK0jn7pYyV.jpg,2026-02-14 00:08:00-03,[27],2,0.2705,2022-12-01,18+,,1331,[],/81QLoj8kfUgQKG84N4GmGl34vS5.jpg
744275,After 3 (2021),"{""latino"":{""url"":""https://streaam-660fef271516.herokuapp.com/watch/67ba9df533e89a382d0db680"",""quality"":""HD""}}",/cAvUp7ngPyuhx1nLjmCOTCBNo91.jpg,2026-01-20 12:36:46.434715-03,"[10749,18]",7.013,3.7003,2021-09-01,R,,493,"[""based on novel or book"",""family history"",""love"",""teenage crush"",""woman director"",""family tension""]",
744276,After 4 (2022),"{""latino"":{""url"":""https://streaam-660fef271516.herokuapp.com/watch/67ba9dfb33e89a382d0db681"",""quality"":""HD""}}",/vcI9BD5kMmVI45Pzj5B1ZaGpFIR.jpg,2026-01-20 12:36:46.434715-03,"[10749,18]",6.772,3.8132,2022-08-24,R,,474,"[""based on novel or book"",""love"",""teenage crush""]",/rwgmDkIEv8VjAsWx25ottJrFvpO.jpg
744653,El club del crimen de los jueves (2025),"{""subtitulado"":{""url"":""https://ok.ru/videoembed/11679167220310?autoplay=1"",""quality"":""HD""}}",/xJeCdbeaLgsEr5DkXD6T67eqZFT.jpg,2026-02-01 05:48:00-03,"[35,9648,80]",6.597,4.7751,2025-08-22,PG-13,,335,"[""murder mystery"",""septuagenarian"",""playful"",""comforting"",""forceful"",""joyful""]",
746043,¡Buenos días Navidad! (2020),"{""latino"":{""url"":""https://ok.ru/videoembed/11328848661170?autoplay=1"",""quality"":""HD""}}",/nXXiiMTlLAfSapQd9x12CEXL93A.jpg,2026-01-23 10:08:00-03,"[10770,10749]",6.315,4.8302,2020-11-25,,,326,"[""holiday"",""christmas""]",/4C57cSkO7ty3lKXdBG43xGVFKYS.jpg
747548,Hero Dog: The Journey Home (2021),"{""latino"":{""url"":""https://ok.ru/videoembed/12541520448178?autoplay=1"",""quality"":""HD""}}",/ybWtSFLVakBIVeAviZ6SsQKIuSv.jpg,2026-03-12 21:34:00-03,[12],7.2,1.2146,2021-03-14,PG,,985,"[""survival"",""dog"",""guide dog"",""blind man"",""lost in the woods""]",/4nx0Aw5BupvU8nx4RZgWiXJDc1Y.jpg
753453,V/H/S/94 (2021),"{""latino"":{""url"":""https://ok.ru/videoembed/11209870346966?autoplay=1"",""quality"":""HD""}}",/mwrr9WuTKP7dlNgAGRYf1Hjq9VP.jpg,2026-02-24 10:05:00-03,"[27,53]",6.103,1.3563,2021-09-26,R,,948,"[""anthology"",""vhs"",""found footage"",""analog"",""horror anthology"",""found footage adjacent""]",/uWbP41poWgP0f7sgAQTf6UeRtwg.jpg
757725,Shadow Force: Sentencia de muerte (2025),"{""latino"":{""url"":""https://ok.ru/videoembed/12297544206913?autoplay=1"",""quality"":""HD""}}",/urlxOSR7bo1CZ0sPFfQegR4kLLF.jpg,2026-03-02 20:16:00-03,"[28,53]",6.3,4.5502,2025-05-01,B-15,"Violence, Injury",377,"[""espionage"",""spy"",""son"",""special forces"",""hunter are hunted"",""action thriller"",""bounty"",""husband and wife""]",/lBsbWXGn9maPKGhN3fozTU3BH0r.jpg
758330,"Buena suerte, Leo Grande (2022)","{""latino"":{""url"":""https://ok.ru/videoembed/11174245239358?autoplay=1"",""quality"":""HD""}}",/hRztrZ574lP610G2CQO5lJPSOGo.jpg,2026-02-07 00:19:00-03,"[10749,18]",6.955,2.9091,2022-06-16,R,,617,"[""hotel room"",""widow"",""sexual repression"",""sexual desire"",""older woman younger man relationship"",""sexual awakening"",""woman director"",""sex worker"",""sexual encounter"",""nervousness"",""self image"",""sex"",""adventure"",""retired teacher""]",/3oAmqJxMqOgmnEhoOP3swpOUwzC.jpg
760329,La Máquina: The Smashing Machine (2025),"{""latino"":{""url"":""https://ok.ru/videoembed/13261670124147?autoplay=1"",""quality"":""1080P""},""castellano"":{""url"":""https://ok.ru/videoembed/13261507791475?autoplay=1"",""quality"":""1080P""},""subtitulado"":{""url"":""https://ok.ru/videoembed/13261836782195?autoplay=1"",""quality"":""1080P""}}",/3NzQbBgaHsOp7HiHdiIKF0A5YOw.jpg,2026-04-15 21:02:00-03,"[18,36]",6.482,6.2904,2025-10-01,B-15,"Drugs, Violence, Inappropriate Language",222,"[""sports"",""drug addiction"",""biography"",""based on true story"",""mixed martial arts (mma)"",""price of fame"",""1990s"",""sports drama"",""depressed"",""self awareness"",""intense"",""biographical drama""]",/hTCr9dDf0EcBGZSUaY0YCeBjBr5.jpg
762509,Mufasa (2024),"{""latino"":{""url"":""https://streaam-660fef271516.herokuapp.com/watch/67ae68b2265c9891b0b20e5c"",""quality"":""HDCAM""}}",/dmw74cWIEKaEgl5Dv3kUTcCob6D.jpg,2026-01-20 12:36:45.887344-03,"[12,10751,16]",7.315,18.0009,2024-12-18,PG,"Threat, Stressful Scenes",82,"[""friendship"",""paradise"",""lion"",""musical"",""prequel"",""jungle"",""told in flashback"",""betrayal by friend"",""chance meeting"",""live action remake"",""found family"",""lost""]",/1w8kutrRucTd3wlYyu5QlUDMiG1.jpg
767254,Blaze (2022),"{""latino"":{""url"":""https://ok.ru/videoembed/10831098743358?autoplay=1"",""quality"":""HD""}}",/hPrsnuigEuHsFIqCs71Cu78RdMj.jpg,2026-01-21 14:31:00-03,"[18,14,80]",5.4,0.353,2022-08-25,MA15+,,1295,[],/dZhRuTPG2nabEbWnD8UDCEv5baw.jpg
769364,Terror entre Cuatro Paredes (2021),"{""latino"":{""url"":""https://ok.ru/videoembed/11329786940082?autoplay=1"",""quality"":""HD""}}",/sl0EVCDMNfYQeVoKI5zFHnqop9t.jpg,2026-01-24 18:12:00-03,"[27,9648]",5.341,0.7568,2021-09-03,NR,,1153,"[""based on novel or book"",""snake"",""bathroom"",""tornado"",""guilt"",""snake bite"",""witchcraft"",""family conflict"",""deadly snake"",""snake attack"",""snake venom""]",
772462,Don't Follow Me (2025),"{""latino"":{""url"":""https://ok.ru/videoembed/11109391207125?autoplay=1"",""quality"":""HD""}}",/gop4DwcBeb9T3JTaxwDEHdJNqSq.jpg,2026-01-21 08:06:00-03,"[27,9648]",6.4,5.1618,2025-10-30,NR,,290,"[""sacrifice"",""supernatural"",""haunted house"",""cult"",""evil spirit"",""satanic ritual"",""found footage"",""social media"",""social media influencer"",""supernatural horror"",""horror"",""influencer""]",/b9iQP6brbuGs8mhRPRV0ThiwD5I.jpg
776503,CODA: Los sonidos del silencio (2021),"{""latino"":{""url"":""https://streaam-660fef271516.herokuapp.com/watch/6795340b99e591269e409030"",""quality"":""HD""}}",/sSkEkCxsEs9LuHZzA2IZYyvd9x4.jpg,2026-01-20 12:36:46.193763-03,"[18,10402,10749]",7.898,8.5444,2021-08-13,12,"sexual content, contains drug use",168,"[""parent child relationship"",""music teacher"",""fishing"",""deaf"",""massachusetts"",""coming of age"",""remake"",""singing"",""family"",""first love"",""disability"",""based on movie"",""woman director"",""sign languages"",""school choir"",""music school"",""calm"",""american sign language (asl)"",""loving"",""teenager"",""appreciative"",""mudez"",""surdez""]",/v85FlkbMYKa5du1glm0YfYNsL2n.jpg
779005,Designed with Love (2021),"{""latino"":{""url"":""https://ok.ru/videoembed/12209684548223?autoplay=1"",""quality"":""HD""}}",/bdfP36Zkt8gJjJKXjXpzGSJJnPm.jpg,2026-03-05 22:34:00-03,"[10770,35,10751,10749]",5.5,0.4654,2021-02-18,G,,1262,[],/1FPmCLWXwMJjoqTrXvZNZvoZ9o6.jpg
784524,Magazine Dreams (2025),"{""subtitulado"":{""url"":""https://ok.ru/videoembed/11560158693953?autoplay=1"",""quality"":""HD""}}",/vSidx9NHKuQIPEQ4yI9b9zkTeh3.jpg,2026-02-04 21:44:00-03,[18],6.75,1.6448,2025-03-21,R,,868,"[""bodybuilding"",""character study""]",
785759,Resurreción de las Brujas (2023),"{""subtitulado"":{""url"":""https://ok.ru/videoembed/8327887391395?autoplay=1"",""quality"":""HD""}}",/vV2sf7gV8LyAUPmAHEJAZhbChve.jpg,2026-03-09 21:13:00-03,[27],5.967,0.6405,2023-03-02,R,,1203,[],/wUwFMnbFxuDfcRSGGT7QQIGDRrH.jpg
786392,戰龍 (2001),"{""latino"":{""url"":""https://ok.ru/videoembed/12838372837923?autoplay=1"",""quality"":""HD""}}",/mqBWFPxSTqW8sEx5GEOdhIUxEdA.jpg,2026-03-26 21:21:00-03,[28],4,0.4653,2001-01-01,,,1263,[],/tq3C1L2gfq6YVfPOzj3weHXP9Xy.jpg
787298,Amor al cuadrado (2021),"{""latino"":{""url"":""https://ok.ru/videoembed/11905140066911?autoplay=1"",""quality"":""HD""}}",/x1eeiiSYdna006YRQ6CXQPbKc3D.jpg,2026-03-06 20:59:00-03,"[10749,35]",6.1,0.8725,2021-02-11,NR,,1112,[],/b8PXIL7VVKhnYOmJaC3OjGV5d2t.jpg
788734,Enferma de mí (2022),"{""castellano"":{""url"":""https://ok.ru/videoembed/5988595272253?autoplay=1"",""quality"":""HD""},""subtitulado"":{""url"":""https://streaam-660fef271516.herokuapp.com/watch/678bfdaaab32781603c6c2cd"",""quality"":""HD""}}",/48H5e9rHLbxXp0atCPRiXTsTW3i.jpg,2026-01-20 12:36:46.193763-03,"[18,53]",7.2,0.8905,2022-09-30,NR,,1106,"[""drug abuse"",""narcissism"",""dark comedy"",""social satire"",""female protagonist"",""disease"",""social media"",""oslo, norway"",""toxic relationship"",""body horror"",""new persona"",""unlikeable protagonist""]",
788929,El Cordero (2021),"{""subtitulado"":{""url"":""https://stek57-bb2b53411dc1.herokuapp.com/watch/67bcbbe721e854f0ce8bfa91"",""quality"":""HD""}}",/dQ9TOgcTpVuhEwXEyS2OOaPZndG.jpg,2026-01-20 12:36:46.434715-03,"[18,14,27]",6.422,2.1493,2021-08-12,16,"Violence, Sexuality",757,"[""musician"",""brother"",""mountain"",""melancholy"",""iceland"",""grief"",""lamb"",""parenthood"",""birth"",""couple"",""mental illness"",""mysterious"",""grim"",""thoughtful"",""somber"",""sheep farm"",""reflective"",""remote location"",""complex"",""dreary"",""introspective"",""serene"",""folk tale"",""absurd"",""ambiguous"",""ambivalent"",""complicated"",""distressing"",""ominous""]",/96uOMED23ZLBtb0HQQ5Urr3qMRp.jpg
788933,Un amor en Escocia (2022),"{""subtitulado"":{""url"":""https://ok.ru/videoembed/12427400186611?autoplay=1"",""quality"":""HD""}}",/oSBmgqG1NVSCQlQX4n92XNG0Jrc.jpg,2026-03-06 17:12:00-03,"[18,10749]",6.73,0.9035,2022-03-23,,,1096,[],/kDFu99ou1ZGreBQtVIv5E6XGGEs.jpg
795980,Como Por Casualidad (2021),"{""latino"":{""url"":""https://ok.ru/videoembed/11956075825786?autoplay=1"",""quality"":""HD""}}",/dwvJj5qcdS75YttCHpAuxGxapmA.jpg,2026-03-23 19:57:00-03,"[10770,35,10749]",6.5,1.4534,2021-04-10,G,,912,[],/uBVE7KJ7ivEmYil3R32fB4PGVPB.jpg
799882,El engaño (2026),"{""latino"":{""url"":""https://ok.ru/videoembed/11924715801228?autoplay=1"",""quality"":""HD""}}",/1yHz6ljm9Bpkjz5igOyNvx5vlGq.jpg,2026-03-12 00:12:00-03,"[28,53]",6.259,6.923,2026-02-17,+16,,198,"[""pirate"",""sister-in-law"",""caribbean sea"",""aggressive"",""19th century"",""female pirate"",""old grudge"",""caribbean"",""running from the past"",""quartermaster"",""second in command""]",/rbFqLPKj6D2JyRh5mOfA7jqX0Qk.jpg
801937,"Noche de Paz, Noche de Muerte (2025)","{""latino"":{""url"":""https://ok.ru/videoembed/11793251044046?autoplay=1"",""quality"":""HD""}}",/xCdSd7NnRdnL8DGLVhI95WhUNoi.jpg,2026-02-05 14:09:00-03,"[27,53]",6.152,5.8419,2025-12-11,NR,"Violence, Injury",245,"[""holiday"",""trauma"",""romance"",""remake"",""slasher"",""axe murder"",""death of parent"",""dead parents"",""detached"",""christmas"",""festive"",""love story"",""inner voice"",""vindictive"",""horror"",""holiday horror"",""santa"",""chainsaw kill"",""shotgun murder""]",/kv8kCuvfhSQ50YxjowqpVn1QqhJ.jpg
804370,Arco (2025),"{""latino"":{""url"":""https://ok.ru/videoembed/13278740417139?autoplay=1"",""quality"":""1080P""},""subtitulado"":{""url"":""https://ok.ru/videoembed/13278867884659?autoplay=1"",""quality"":""1080P""}}",/n5rNrXxwnRfIzrfTyhd0kBtnydK.jpg,2026-04-15 21:07:00-03,"[16,12,14,10751,878]",7.5,6.3246,2025-10-22,ATP,Fear,218,"[""time travel"",""family relationships"",""conspiracy theory"",""absent parent"",""environmental issues"",""near future"",""2070s"",""independent film"",""lighthearted"",""rainbow"",""science fantasy"",""male female friendship"",""cheerful"",""comforting"",""21st century""]",/reQELo8rDiLIOoYIA7M6q7KGRW0.jpg
809338,The Baker's Son (2021),"{""castellano"":{""url"":""https://ok.ru/videoembed/10916435528321?autoplay=1"",""quality"":""HD""}}",/wrtQw23W4lzVh2ltcFbJYD3J8CF.jpg,2026-02-07 15:07:00-03,"[10770,10749]",6.3,0.7939,2021-06-12,G,,1137,"[""baking"",""baker"",""bread making"",""hallmark""]",/AomVQ9WbrdN1vudNp2z0eLAqnsw.jpg
811072,Dos (2021),"{""castellano"":{""url"":""https://ok.ru/videoembed/12016608742003?autoplay=1"",""quality"":""HD""}}",/ravFy4cINKYExtnVxVLl0tMAeSn.jpg,2026-02-23 20:15:00-03,"[53,27]",5.4,2.0939,2021-07-23,16,,762,"[""body horror"",""abdominal""]",/Aqp47Dbz8f1wnVU1qKvFFXQFROr.jpg
812491,"Yo nena, yo princesa (2021)","{""latino"":{""url"":""https://ok.ru/videoembed/8729490295422?autoplay=1"",""quality"":""HD""}}",/kuQkWhEDqRZvs3LTWKfzOHg1baM.jpg,2026-03-13 23:20:00-03,[18],6.826,0.1859,2021-10-28,,,1354,[],/scbZq4KZE1wsVXNkJkkMp3AFMsz.jpg
814889,No te sueltes (2024),"{""latino"":{""url"":""https://streaam-660fef271516.herokuapp.com/watch/6789df9b7c6e7f592e365e6e"",""quality"":""HD""}}",/giOoI3tmCjQREvUgqcXTVD9EBfL.jpg,2026-01-20 12:36:45.887344-03,[27],6.109,2.3287,2024-09-18,16,,726,"[""shapeshifting"",""supernatural"",""woods"",""disturbed"",""supernatural horror"",""psychological horror""]",/fquVJ2v5NAW96sRfFAw4vXR5zla.jpg
818750,Entre 2 mundos (2022),"{""latino"":{""url"":""https://ok.ru/videoembed/7906713340548?autoplay=1"",""quality"":""HD""}}",/4LPgEgDdipSYSU4ABafINfyGWow.jpg,2026-01-20 12:36:45.887344-03,"[10749,878,18]",7.33,1.9505,2022-02-11,PG-13,,793,"[""afterlife"",""communicating with the dead""]",
820525,After 5 (2023),"{""latino"":{""url"":""https://streaam-660fef271516.herokuapp.com/watch/67ba9e4633e89a382d0db682"",""quality"":""HD""}}",/jO3VGQi5sHIj2BGS963g1F74yCq.jpg,2026-01-20 12:36:46.434715-03,"[10749,18]",6.887,4.4209,2023-09-13,R,Sexual Content,392,"[""alcohol"",""forgiveness"",""lisbon, portugal"",""trauma"",""writer's block"",""sequel"",""love"",""author"",""wedding"",""anger"",""social media"",""troubled past"",""dysfunctional relationship"",""breaking up with boyfriend"",""based on young adult novel"",""fanfic"",""grief & loss""]",/fH7kYS9qEOkhFQZc0Dcoa9MFjje.jpg
822119,Capitán América 4: Un Nuevo Mundo (2025),"{""latino"":{""url"":""https://streaam-660fef271516.herokuapp.com/watch/67afeb1c8404be64a6cdedec"",""quality"":""CAM""},""subtitulado"":{""url"":""https://streaam-660fef271516.herokuapp.com/watch/67ae6a29265c9891b0b20e60"",""quality"":""CAM""}}",/vUNj55xlF0pSU5FU3yDHC6L5wVX.jpg,2026-01-20 12:36:46.434715-03,"[28,53,878]",5.988,17.1241,2025-02-12,PG-13,"Violence, Injury",87,"[""hero"",""usa president"",""the white house"",""superhero"",""based on comic"",""revenge"",""superhuman"",""summit"",""aftercreditsstinger"",""marvel cinematic universe (mcu)"",""sidekick"",""assassination attempt"",""political thriller"",""treaty"",""international relations""]",/8eifdha9GQeZAkexgtD45546XKx.jpg
823219,Flow (2024),"{""latino"":{""url"":""https://streaam-660fef271516.herokuapp.com/watch/67ae6963265c9891b0b20e5f"",""quality"":""HD""}}",/337MqZW7xii2evUDVeaWXAtopff.jpg,2026-01-20 12:36:46.193763-03,"[16,12,14,10751]",8.098,17.4068,2024-08-29,Ai,"Threat, Stressful Scenes",85,"[""ocean"",""cat"",""boat"",""dystopia"",""dog"",""ruins"",""flood"",""lemur"",""kids"",""bird"",""3d animation"",""no dialogue"",""teamwork"",""fantasy"",""capybara"",""adventure"",""admiring"",""complicated"",""barco"",""gato"",""labrador""]",/4XPNNt0zfZKBqxxVWaQALd57UHl.jpg
840464,Greenland 2 (2026),"{""latino"":{""url"":""https://ok.ru/videoembed/11202452785726?autoplay=1"",""quality"":""HD""}}",/3yrX2kZ1zXZ1JJeexMobX77VVim.jpg,2026-01-30 22:10:00-03,"[12,53,878]",6.48,126.7004,2026-01-07,PG-13,"Violence, Fear, Coarse Language",10,"[""natural disaster"",""shelter"",""survival"",""disaster"",""frantic""]",/wns4x1GyxCudgOZRyhXKjXVJf3T.jpg
842675,La Tierra errante II (2023),"{""castellano"":{""url"":""https://ok.ru/videoembed/7328706333253?autoplay=1"",""quality"":""HD""},""subtitulado"":{""url"":""https://ok.ru/videoembed/7153948756541?autoplay=1"",""quality"":""HD""}}",/hr7SKKj6QpfS32dF0HCmVi6R7J4.jpg,2026-03-28 00:57:00-03,"[878,28,12]",7.287,5.707,2023-01-22,12,"Inappropriate Language, Sensitive Themes, Violence",251,"[""space travel"",""space station"",""earth in peril"",""global threat"",""giant engine"",""global government"",""admiring""]",/94cS0mzODEoNIXFT7nhPcI8V4IJ.jpg
842924,La vida de Chuck (2025),"{""castellano"":{""url"":""https://ok.ru/videoembed/11789092653731?autoplay=1"",""quality"":""HD""}}",/6AlCVmiM7k6HsJIKWaIiJ75wcLe.jpg,2026-01-26 16:47:00-03,"[14,18]",7.289,5.4899,2025-06-05,R,"Legal Drugs, Inappropriate Language, Sensitive Themes",262,"[""slice of life"",""cancer"",""death"",""based on short story"",""reverse chronology"",""inspirational"",""life"",""reconsidering of life"",""moments of life""]",
842931,Sacramento (2025),"{""latino"":{""url"":""https://ok.ru/videoembed/11560425359937?autoplay=1"",""quality"":""HD""},""castellano"":{""url"":""https://ok.ru/videoembed/11560425228865?autoplay=1"",""quality"":""HD""},""subtitulado"":{""url"":""https://ok.ru/videoembed/11560425163329?autoplay=1"",""quality"":""HD""}}",/9tAHcIb9hys2rO6eDcKatjVOLR8.jpg,2026-02-03 16:12:00-03,"[35,18]",6.125,3.4961,2025-04-11,R,,523,"[""road trip"",""los angeles, california"",""former best friend"",""buddy comedy"",""independent film"",""sacramento, california""]",
845781,Operación: Traje Rojo,"{""latino"":{""url"":""https://streaam-660fef271516.herokuapp.com/watch/67ae6838265c9891b0b20e5a"",""quality"":""HD""}}",/dpskAcm71w5v8zQ8RmPmJiP31Om.jpg,2026-01-20 12:36:45.887344-03,"[28,35,14]",7.004,11.1197,2024-10-31,PG-13,"Violence, Threat",132,"[""rescue"",""bounty hunter"",""holiday"",""kidnapping"",""santa claus"",""rescue mission"",""polar bear"",""rescue team"",""christmas"",""action comedy"",""christmas eve"",""absurd"",""defence team""]",/rOmUuQEZfPXglwFs5ELLLUDKodL.jpg
848334,¡Caigan las rosas blancas! (2025),"{""latino"":{""url"":""https://ok.ru/videoembed/12212405930622?autoplay=1"",""quality"":""HD""}}",/zIcuo0WWOgkSdexmRvEUv6pI6Bs.jpg,2026-03-10 18:59:00-03,[35],6.5,0.6932,2025-05-15,18,"Sexual Content, Drugs, Nudity",1179,[],/1tt3efjvIUczGHTFrZEa74JgDnd.jpg
848886,Hellbender (2021),"{""subtitulado"":{""url"":""https://ok.ru/videoembed/11560158562881?autoplay=1"",""quality"":""HD""}}",/rDw9qBKd7xCkhan5IHqlZIrhZK3.jpg,2026-02-03 16:20:00-03,[27],5.55,4.239,2021-09-28,NR,,413,"[""mountain"",""black magic"",""forest"",""anti-social"",""witchcraft"",""missing person"",""folk horror"",""mother daughter relationship"",""music"",""secret""]",/rJcswoyg0pw9oRJarbGC0sIazR1.jpg
849369,La Anfitriona (2021),"{""subtitulado"":{""url"":""https://ok.ru/videoembed/12688708012757?autoplay=1"",""quality"":""HD""}}",/mUSeGrl01BZviSlGMmKavoWCbnP.jpg,2026-03-28 11:38:00-03,"[27,53]",5.8,1.8694,2021-08-14,16,,808,[],/kYS5oHeMjmgwHZQ1voxMbsqXpqd.jpg
852252,Herencia diabólica (2022),"{""castellano"":{""url"":""https://ok.ru/videoembed/11589384145571?autoplay=1"",""quality"":""HD""}}",/bNJQPztU7rJXPltVZUogCxRyWoH.jpg,2026-01-26 18:05:00-03,[27],5.206,4.9047,2022-10-14,NR,,314,"[""dreams"",""cabin"",""demon""]",/dAcWx9pcEVxDwC90VPxgzXJC7AO.jpg
856289,La creación de los dioses: el reino de las tormentas (2023),"{""castellano"":{""url"":""https://ok.ru/videoembed/6873192467163?autoplay=1"",""quality"":""HD""}}",/p1p3KHxTeKYvZG3KTJYDYSVygJs.jpg,2026-04-07 16:19:00-03,"[28,14,10752]",7.1,6.0269,2023-07-15,16,"Self-harm, Injury",238,"[""monster"",""based on novel or book"",""mythological beast"",""high fantasy"",""physical immortality"",""chinese mythology""]",/ef9dYKxDe2isgNhoJsGrt9yjXPz.jpg
857279,Shaky Shivers (2023),"{""subtitulado"":{""url"":""https://ok.ru/videoembed/11309637765795?autoplay=1"",""quality"":""HD""}}",/cZ92KhByoK5MckAQMpWQuKfSLcz.jpg,2026-01-27 19:59:00-03,"[27,35]",5.875,3.5009,2023-09-21,NR,,522,"[""bigfoot"",""zombie"",""werewolf"",""retro horror"",""independent film""]",
858024,Hamnet (2025),"{""latino"":{""url"":""https://ok.ru/videoembed/11369925053057?autoplay=1"",""quality"":""HD""}}",/hVo0g5M8z1kuhzxQ51eCbF81wUh.jpg,2026-02-05 18:41:00-03,"[18,10749,36]",7.7,35.4404,2025-11-26,PG-13,"Violence, Threat, Stressful Scenes",35,"[""based on novel or book"",""grief"",""historical fiction"",""death in family"",""woman director"",""16th century"",""period film""]",/a9IQXoYCpsjqTOKXRTw1osLd5il.jpg
862739,La virgen de la tosquera (2026),"{""latino"":{""url"":""https://ok.ru/videoembed/13477065001568?autoplay=1"",""quality"":""HD""}}",/nLw8adzoWXzF13aHgPVgnfn2rKD.jpg,2026-03-29 23:43:00-03,"[27,18,53]",5.571,6.8631,2026-01-15,C,,201,"[""coming of age"",""summer"",""woman director"",""supernatural horror""]",/SJqQWNxO4Inzf2GFKFVDaodD6m.jpg
865404,Érase una vez en Euskadi (2021),"{""castellano"":{""url"":""https://ok.ru/videoembed/11136385288765?autoplay=1"",""quality"":""HD""}}",/fvC5Cg99rgJpz7uAMAZf1Y6e4NP.jpg,2026-02-10 12:02:00-03,[18],6.2,0.5168,2021-10-29,12,,1245,"[""male friendship"",""basque country, spain"",""summer vacation"",""1980s""]",/o2lfwx4hZxjULZtFviFRjbJFTCp.jpg
865585,La hija de todas las rabias (2022),"{""latino"":{""url"":""https://ok.ru/videoembed/11660592351884?autoplay=1"",""quality"":""HD""}}",/9vmXjdvOYZzbJDNrvc5ePfsMb9b.jpg,2026-03-05 12:33:00-03,[18],5.929,0.2217,2022-06-02,12,"Violence, Coarse Language",1345,[],/oiPIUzofGcWRCtiNhAWIaonzhnA.jpg
869597,La reunión (2024),"{""latino"":{""url"":""https://ok.ru/videoembed/12284668742209?autoplay=1"",""quality"":""HD""},""castellano"":{""url"":""https://ok.ru/videoembed/12284668676673?autoplay=1"",""quality"":""HD""},""subtitulado"":{""url"":""https://ok.ru/videoembed/12284668480065?autoplay=1"",""quality"":""HD""}}",/wMilX321pkvvV9tf7PdyL8eYjhd.jpg,2026-02-27 10:18:00-03,"[35,9648]",6,3.7433,2024-06-28,R,,485,"[""murder"",""whodunit"",""high school reunion"",""snowbound"",""reencontro"",""turma""]",/mv1rsts0XkqqHEtbKSAevsNWiOL.jpg
870360,El día que la Tierra explotó: Una película de Looney Tunes (2024),"{""latino"":{""url"":""https://ok.ru/videoembed/12306313382465?autoplay=1"",""quality"":""HD""},""castellano"":{""url"":""https://ok.ru/videoembed/12306313448001?autoplay=1"",""quality"":""HD""},""subtitulado"":{""url"":""https://ok.ru/videoembed/12306313710145?autoplay=1"",""quality"":""HD""}}",/thBHkIs4xLlNM3EEIM62vMvuSMj.jpg,2026-02-27 16:09:00-03,"[10751,35,12,16,878]",7.587,5.3286,2024-08-01,A,Fear,275,"[""chewing gum"",""zombie"",""alien invasion"",""buddy comedy"",""duringcreditsstinger"",""chaotic"",""playful"",""based on tv series"",""hilarious"",""cliché"",""looney tunes""]",/5U3VLeWr2H4Nd3G7IkHItFimsIz.jpg
875828,Peaky Blinders: El hombre inmortal (2026),"{""latino"":{""url"":""https://ok.ru/videoembed/12870667668030?autoplay=1"",""quality"":""HD""},""castellano"":{""url"":""https://ok.ru/videoembed/12511892802288?autoplay=1"",""quality"":""HD""},""subtitulado"":{""url"":""https://ok.ru/videoembed/12643711978099?autoplay=1"",""quality"":""HD""}}",/l9S8MLUyi2diTc2Gf3KDAOQTuVx.jpg,2026-03-24 23:31:00-03,"[80,18]",7.443,38.3892,2026-03-05,C,,32,"[""england"",""gangster"",""world war ii"",""period drama"",""1940s"",""based on tv series""]",/1fkuBPid72KGS6WmtkEXMftZtkE.jpg
879097,Rabbids: La invasión – Misión a Marte (2021),"{""latino"":{""url"":""https://ok.ru/videoembed/3268707355241?autoplay=1"",""quality"":""HD""}}",/2nQoUa3eY9YTqbcrPzdQVncDNfn.jpg,2026-04-09 19:21:00-03,"[16,35]",6.9,1.1567,2021-09-29,A,,1002,"[""mission"",""white rabbit"",""space mission"",""invasion"",""space"",""rabbit"",""curiosity"",""cartoon rabbit"",""special"",""curious"",""space adventure"",""planet invasion"",""rabbids"",""animation"",""animated serial""]",/dXVXHeH0da4Lq63nsD3ABYNSEPu.jpg
879913,Entre Plumas y Picos (2021),"{""latino"":{""url"":""https://ok.ru/videoembed/12393608710834?autoplay=1"",""quality"":""HD""}}",/hm0bfYQeiXReNm5duUQLOTC17i3.jpg,2026-03-06 19:32:00-03,"[16,12,10751]",6.9,0.408,2021-10-01,ATP,Violence,1278,[],/w11pZ9JdFlgXz360st0L57Yolcm.jpg
886897,Culpa (2022),"{""castellano"":{""url"":""https://ok.ru/videoembed/11527273581142?autoplay=1"",""quality"":""HD""}}",/A9SjAE5ckR041qavTFYSxvRaTtZ.jpg,2026-02-03 16:28:00-03,[18],4.4,3.0473,2022-05-06,,,599,[],/vhHt5mAdNpZNJ0BwWJGMPbme1t1.jpg
888479,Juego del amor: Se terminó el tiempo 2 (2022),"{""latino"":{""url"":""https://ok.ru/videoembed/13712382364275?autoplay=1"",""quality"":""1080P""},""castellano"":{""url"":""https://ok.ru/videoembed/13712132344435?autoplay=1"",""quality"":""1080P""},""subtitulado"":{""url"":""https://ok.ru/videoembed/13712640510579?autoplay=1"",""quality"":""1080P""}}",/yKM4TTEiYeVQs9qAti57z6YpOlx.jpg,2026-04-24 22:53:00-03,"[10749,18]",6.1,3.2597,2022-10-14,16,,565,[],/2RmFdep76gJKPQFcbPgfkcobdQL.jpg
888816,Love in Bloom (2022),"{""latino"":{""url"":""https://ok.ru/videoembed/12320422824575?autoplay=1"",""quality"":""HD""}}",/4GFyu4xOJGd1nV1lx4UfYNKV7WE.jpg,2026-03-28 01:05:00-03,"[10770,10749,35]",6.9,1.4702,2022-04-14,G,,907,[],/5Art2g6VZg2NqhtoKBmHDQeNam8.jpg
889675,La generación cápsula (2023),"{""latino"":{""url"":""https://ok.ru/videoembed/6800577071681?autoplay=1"",""quality"":""HD""},""castellano"":{""url"":""https://ok.ru/videoembed/6914891516481?autoplay=1"",""quality"":""HD""},""subtitulado"":{""url"":""https://ok.ru/videoembed/6800577137217?autoplay=1"",""quality"":""HD""}}",/cSPslo4NSYKFRaymnCNvqSxXZZn.jpg,2026-01-20 12:36:46.662574-03,"[878,35,10749]",5.973,1.6284,2023-08-11,PG-13,,873,"[""future"",""marriage crisis"",""child labour"",""natural birth"",""working woman"",""synthetic human"",""child birth"",""planned parenthood"",""work-life balance""]",
891584,La historia del sonido (2025),"{""latino"":{""url"":""https://ok.ru/videoembed/13294428424819?autoplay=1"",""quality"":""HD""},""subtitulado"":{""url"":""https://ok.ru/videoembed/13294696598131?autoplay=1"",""quality"":""HD""}}",/A1pG6yduCMGggHbLNtoxpmSGQDl.jpg,2026-04-15 21:16:00-03,"[18,10749,10402]",6.3,6.312,2025-09-12,B-15,"Sex, Coarse Language, Drugs and/or alcohol abuse",220,"[""world war i"",""boston, massachusetts"",""conservatory"",""folk music"",""road trip"",""maine"",""male homosexuality"",""period drama"",""new england"",""based on short story"",""oxford, england"",""lgbt"",""1920s"",""1980s"",""1910s"",""gay romance"",""countryman"",""gay theme"",""festival chéries chéris""]",/e13Io18jl6p5UiS5Cxhug9ptTPU.jpg
895749,Punto rojo (2021),"{""castellano"":{""url"":""https://ok.ru/videoembed/11008576588403?autoplay=1"",""quality"":""HD""}}",/vUyZczbumN7JAeEIGu26ZbECxA7.jpg,2026-01-23 09:39:00-03,"[35,80]",5.6,0.0544,2021-11-23,,,1370,[],
895957,La casa entre los cactus (2022),"{""castellano"":{""url"":""https://ok.ru/videoembed/12184206248616?autoplay=1"",""quality"":""HD""}}",/AglITURpBSaYDWmJHUxLZA0APGT.jpg,2026-03-11 17:37:00-03,[18],6.5,5.2349,2022-09-16,12,,285,[],/dMb7y5yphsgV2RJbiT6g9ofVJT9.jpg
906221,Magic Mike: El último baile (2023),"{""latino"":{""url"":""https://ok.ru/videoembed/11784639679100?autoplay=1"",""quality"":""HD""}}",/gqTvHgB45ozxcHtn5ENn3RU0ycO.jpg,2026-02-13 19:57:00-03,"[35,18,10749]",6.429,3.4812,2023-02-09,,,527,"[""london, england"",""sequel"",""dancehall girl"",""male stripper"",""dancefilm"",""abusive relationship""]",/wVxlmhk4OS2eCr0wTQcM4zJ20ml.jpg
912032,Mar.IA (2023),"{""latino"":{""url"":""https://ok.ru/videoembed/12808924498547?autoplay=1"",""quality"":""HD""}}",/hFDCZtNImFouWbA8NgyE7sTCbn6.jpg,2026-03-29 22:56:00-03,"[27,878]",5.36,4.812,2023-11-20,16,,329,"[""argentina""]",/jheQytrDFQGlXtnwWyHPXbP3swS.jpg
912649,Venom 3: The Last Dance,"{""latino"":{""url"":""https://gi7hi5gfmafp.hgagecdn.com/hls2/01/02606/vn8r95qdcgkd_h/index-v1-a1.m3u8?t=_ciwOS_EQS__eORcZUAtpIG-07vXzME2K-589BfhBWo&s=1731387830&e=129600&f=13031577&srv=LoPv6hj4e5Ic&i=0.4&sp=500&p1=LoPv6hj4e5Ic&p2=LoPv6hj4e5Ic&asn=263196"",""quality"":""HDCAM"",""downloadUrl"":""https://download.example.com/venom3-latino.mp4""},""castellano"":{""url"":""https://upstream.to/embed-xxx3.html"",""quality"":""HD"",""downloadUrl"":""https://download.example.com/venom3-castellano.mp4""},""subtitulado"":{""url"":""https://upstream.to/embed-xxx4.html"",""quality"":""CAM"",""downloadUrl"":""https://download.example.com/venom3-subtitulado.mp4""}}",/toZiAd0n0NKhiuHTiGk7kBMmhtG.jpg,2026-01-20 12:36:45.887344-03,"[28,878,12]",6.665,26.5193,2024-10-22,PG-13,"Violence, Threat, Injury",47,"[""hero"",""superhero"",""anti hero"",""villain"",""alien life-form"",""based on comic"",""sequel"",""aftercreditsstinger"",""woman director""]",/3V4kLQg0kSqPLctI5ziYWabAZYF.jpg
914215,Humano (2024),"{""latino"":{""url"":""https://ok.ru/videoembed/11328951487154?autoplay=1"",""quality"":""HD""},""subtitulado"":{""url"":""https://ok.ru/videoembed/11076370303553?autoplay=1"",""quality"":""HD""}}",/ffUU2c3qLtggje1kqwG1o45uFdM.jpg,2026-01-23 10:30:00-03,"[27,878,53]",5.439,3.4781,2024-04-26,R,"Violence, Coarse Language, Mature Theme",529,"[""dystopia"",""dark comedy"",""suicide of father"",""inheritance"",""family drama"",""cat and mouse"",""tongue in cheek"",""family conflict"",""euthanasia"",""satirical"",""near future"",""suspenseful"",""environmental collapse"",""eutanásia""]",/mwI1OarF7BVWwn5O1Ng73UhyctP.jpg
915982,Hypochondriac (2022),"{""latino"":{""url"":""https://ok.ru/videoembed/11076371221057?autoplay=1"",""quality"":""HD""},""castellano"":{""url"":""https://ok.ru/videoembed/11076371024449?autoplay=1"",""quality"":""HD""},""subtitulado"":{""url"":""https://ok.ru/videoembed/11076371155521?autoplay=1"",""quality"":""HD""}}",/xpJZIC9A1qLE1Flr1OEznoi1YN8.jpg,2026-01-26 12:30:00-03,"[27,18]",4.8,3.373,2022-03-14,16,,548,"[""lgbt"",""gay theme""]",
926606,The Home (2025),"{""latino"":{""url"":""https://ok.ru/videoembed/10831051360830?autoplay=1"",""quality"":""HD""}}",/qyGY1k5GqAORsVhfZA3gFKirZWD.jpg,2026-01-21 14:32:00-03,"[9648,27,53]",6.747,3.7225,2025-07-24,R,"Violence, Self-harm, Injury",491,"[""suicide"",""murder"",""caretaker"",""foster child"",""retirement home"",""elderly"",""human experiment""]",/Lu57GTE24Ja5O61jieY2aIBk8d.jpg
928118,La Contadora De Películas (2023),"{""castellano"":{""url"":""https://ok.ru/videoembed/11457117293224?autoplay=1"",""quality"":""HD""}}",/bgTBWQY4ZG2gBP1WJ3iBDITZmMl.jpg,2026-02-12 10:06:00-03,"[18,36]",6.4,0.5268,2023-10-27,12,"Violence, Coarse Language",1242,[],/wxTm7Fppm0XnpzuAmCtT0XvLpuE.jpg
928713,La novelista y su película (2022),"{""subtitulado"":{""url"":""https://ok.ru/videoembed/10992214739624?autoplay=1"",""quality"":""HD""}}",/wcRHn0KeqoZhUFMIr3TKzgeQz6T.jpg,2026-01-23 06:43:00-03,[18],6.6,1.1081,2022-04-21,NR,,1015,"[""novelist""]",/pAxhLwCuA5HuuMtnHu9SebB26M2.jpg
929204,Wallace y Gromit: La venganza se sirve con plumas (2024),"{""latino"":{""url"":""https://ok.ru/videoembed/8693281393214?autoplay=1"",""quality"":""HD""},""castellano"":{""url"":""https://ok.ru/videoembed/8781940919003?autoplay=1"",""quality"":""HD""}}",/e4YIxQEoz2lwZA3WLtFzAogxl44.jpg,2026-01-20 12:36:46.434715-03,"[10751,35,12,16]",7.483,3.7936,2024-12-18,PG,,478,"[""inventor"",""human animal relationship"",""penguin"",""anthropomorphism"",""revenge"",""stop motion"",""robot"",""dog"",""animals"",""jewelry heist"",""gnome"",""animal human friendship"",""goofy""]",/XNVdWNgiAHu8y4BsJv5ndUHXxN.jpg
929590,Civil War (2024),"{""subtitulado"":{""url"":""https://streaam-660fef271516.herokuapp.com/watch/678bdd3eab32781603c6c285"",""quality"":""HD""}}",/q0oN2KVQ2W94YNwDGmqaYNmiOnR.jpg,2026-01-20 12:36:45.887344-03,"[10752,28,18]",6.8,10.9144,2024-04-10,18,"Criminal Acts, Sexual Content, Inappropriate Language, Nudity, Sensitive Themes, Violence",139,"[""sniper"",""new york city"",""race against time"",""washington dc, usa"",""the white house"",""civil war"",""post-traumatic stress disorder (ptsd)"",""war crimes"",""photographer"",""militia"",""journalism"",""dystopia"",""war photographer"",""road trip"",""president"",""female protagonist"",""soldier"",""fictional war"",""photojournalism"",""xenophobia"",""secession"",""assassination of president"",""secessionists"",""suicide bombing"",""usa politics"",""war trauma"",""mass grave"",""war journalism"",""charlottesville"",""near future"",""violence"",""distressing"",""pretentious""]",/en3GU5uGkKaYmSyetHV4csHHiH3.jpg
931461,El soñador americano (2022),"{""latino"":{""url"":""https://ok.ru/videoembed/10709598276161?autoplay=1"",""quality"":""HD""},""subtitulado"":{""url"":""https://ok.ru/videoembed/10709598341697?autoplay=1"",""quality"":""HD""}}",/mDAeOt2iQd3JnCC3MWKwbiEsxyQ.jpg,2026-01-24 11:55:00-03,[35],5.712,0.963,2022-11-04,12,,1071,[],/aqOKuH8zLYxM9uDLb9makn7x6LI.jpg
932738,Ghoster (2023),"{""latino"":{""url"":""https://ok.ru/videoembed/11813551213234?autoplay=1"",""quality"":""HD""}}",/goWpBO2DQDRrgjHOGl9fLMShGgE.jpg,2026-02-09 19:30:00-03,"[10751,12,14,18]",5.143,3.5572,2023-01-12,PG,,507,"[""haunted house"",""inheritance"",""ghost"",""ghost child""]",/n71ugz5LeBHKosGM681LlGfYAGA.jpg
933260,La Sustancia (2024),"{""latino"":{""url"":""https://ok.ru/videoembed/7968556190439?autoplay=1"",""quality"":""HD""},""castellano"":{""url"":""https://streaam-660fef271516.herokuapp.com/watch/67ae2ca0210f115a8fb1e506"",""quality"":""HD""},""subtitulado"":{""url"":""https://streaam-660fef271516.herokuapp.com/watch/67ae5f47265c9891b0b20e20"",""quality"":""HD""}}",/w1PiIqM89r4AM7CiMEP4VLCEFUn.jpg,2026-01-20 12:36:46.193763-03,"[27,878,53]",7.14,20.4246,2024-09-07,R,"Extreme Violence, Sexual Content, Legal Drugs",65,"[""new year's eve"",""capitalism"",""birthday"",""black market"",""identity"",""beauty"",""satire"",""aging"",""celebrity"",""female protagonist"",""los angeles, california"",""has been"",""aerobics"",""disfigurement"",""woman in jeopardy"",""woman director"",""substance"",""grim"",""beauty standards"",""insecure woman"",""self image"",""drug"",""body horror"",""female rage"",""youth"",""actress"",""ambiguous"",""farcical"",""sardonic"",""réveillon""]",/8ODNt5olCeIqBYTP3GgXEQYTfeX.jpg
933490,Hot Milk (2025),"{""subtitulado"":{""url"":""https://ok.ru/videoembed/12693234322041?autoplay=1"",""quality"":""HD""}}",/yzafpWiaHvOf2aravW5xdhY6vpj.jpg,2026-04-03 23:13:00-03,[18],5.8,2.8104,2025-05-28,B-15,"Sexual Content, Legal Drugs, Sensitive Themes",632,"[""spain"",""based on novel or book"",""coming of age"",""travel"",""illness"",""lgbt"",""literary adaptation"",""woman director"",""mother daughter relationship""]",/hBi7KXBAo258ai6tOFPU526CWWE.jpg
939243,Sonic 3,"{""latino"":{""url"":""https://streaam-660fef271516.herokuapp.com/watch/67ae690a265c9891b0b20e5d"",""quality"":""HD""}}",/3aDWCRXLYOCuxjrjiPfLd79tcI6.jpg,2026-01-20 12:36:45.887344-03,"[28,878,35,10751]",7.631,22.3478,2024-12-19,PG,Violence,59,"[""moon"",""sequel"",""based on video game"",""psychotic"",""dual role"",""aftercreditsstinger"",""duringcreditsstinger"",""hedgehog"",""live action and animation"",""complex"",""grandfather grandson relationship"",""animal human friendship"",""anthropomorphic animal""]",/zOpe0eHsq0A2NvNyBbtT6sj53qV.jpg
940143,La informante (2023),"{""latino"":{""url"":""https://ok.ru/videoembed/12298524035649?autoplay=1"",""quality"":""HD""},""castellano"":{""url"":""https://ok.ru/videoembed/12298523839041?autoplay=1"",""quality"":""HD""},""subtitulado"":{""url"":""https://ok.ru/videoembed/12298528033345?autoplay=1"",""quality"":""HD""}}",/8ZmChYDhjKQijG2lEZgRibZoglJ.jpg,2026-03-02 20:10:00-03,[53],6.319,0.7812,2023-12-08,R,,1145,"[""drug trafficking"",""infiltrate"",""confidant""]",/qmpLDmSdFXMgiRJ7Il3ibJH8n5o.jpg
943221,Mal de ojo (2022),"{""latino"":{""url"":""https://ok.ru/videoembed/7245468469886?autoplay=1"",""quality"":""HD""}}",/lVRoLtpn4zq97YjTrCGsb5BlrW.jpg,2026-01-20 12:36:46.434715-03,[27],6.701,0.9133,2022-09-22,C,,1091,[],
947271,Murder Motel (2023),"{""latino"":{""url"":""https://ok.ru/videoembed/11329295747762?autoplay=1"",""quality"":""HD""}}",/y2Cp4IgQl6rtvU0p0bPcPRnZerm.jpg,2026-01-26 17:02:00-03,"[80,53,10749]",6.3,0.3197,2023-09-22,,,1309,[],/b1jZN94IqftSi7miCikwhcETjNV.jpg
949046,Love and the Radio Star (2022),"{""latino"":{""url"":""https://ok.ru/videoembed/12210632133247?autoplay=1"",""quality"":""HD""}}",/pRztG97Y2103gtAxM4IwZtO7Z2m.jpg,2026-03-05 21:59:00-03,"[10770,35,10749,10751]",6,0.5217,2022-10-19,G,,1244,[],/hwyMmKZPUqqRGBfu6m0intHYt2m.jpg
949423,Pearl (2022),"{""latino"":{""url"":""https://streaam-660fef271516.herokuapp.com/watch/6791d1bff99ae7868beb46fb"",""quality"":""HD""},""castellano"":{""url"":""https://streaam-660fef271516.herokuapp.com/watch/6791d1e1f99ae7868beb46ff"",""quality"":""HD""},""subtitulado"":{""url"":""https://streaam-660fef271516.herokuapp.com/watch/6791d1caf99ae7868beb46fc"",""quality"":""HD""}}",/z5uIG81pXyHKg7cUFIu84Wjn4NS.jpg,2026-01-20 12:36:46.193763-03,"[27,53]",7.2,6.7473,2022-09-16,R,"Drugs, Sexual Content, Extreme Violence",206,"[""farm"",""pornography"",""dance performance"",""confession"",""texas"",""alligator"",""barn"",""prequel"",""murder"",""serial killer"",""slasher"",""corpse"",""murderer"",""violent death"",""lust"",""religious fundamentalism"",""audition"",""mental illness"",""projectionist"",""nostalgic"",""isolated farmhouse"",""pandemic"",""1910s"",""mother daughter relationship"",""origin story"",""playful"",""aspiring actress"",""pastiche"",""whimsical"",""empathetic"",""sympathetic"",""tragic"",""vibrant"",""assassino em série"",""crocodilo""]",/8rmx3Wh6fQdSL2nzTmdFn9thcK8.jpg
955897,La chica perdida (2025),"{""latino"":{""url"":""https://ok.ru/videoembed/12306323212865?autoplay=1"",""quality"":""HD""},""subtitulado"":{""url"":""https://ok.ru/videoembed/12306323016257?autoplay=1"",""quality"":""HD""}}",/zGuDCinwsoeiyMVVKges85pR1ps.jpg,2026-02-27 16:25:00-03,"[27,53,9648]",7.053,0.9518,2025-03-07,15,,1078,[],/7SnBO0GdQ5cNvq8eW6xv5aTmcGB.jpg
956921,Días futuros (2024),"{""latino"":{""url"":""https://ok.ru/videoembed/12306956749377?autoplay=1"",""quality"":""HD""},""subtitulado"":{""url"":""https://ok.ru/videoembed/12306956421697?autoplay=1"",""quality"":""HD""}}",/nhGXIm53YLKXpl3Gi1tcNOrJzZp.jpg,2026-03-01 12:05:00-03,"[10749,878,18]",5.3,0.4791,2024-10-29,,,1255,[],/fRDxuT8wgEoD7z89O6e6tnpLC7I.jpg
957119,Sidelined,"{""subtitulado"":{""url"":""https://downloader.f2lp.workers.dev/watch/534755?hash=AgADNQ"",""quality"":""HD""}}",/sIWv5HtDlUFvacsuA1fRNWZ5GFH.jpg,2026-01-20 12:36:45.887344-03,"[35,10749]",6.237,10.1312,2025-02-06,NR,"Sexual Content, Legal Drugs, Inappropriate Language",150,"[""high school"",""based on novel or book"",""american football player"",""based on web novel""]",
958006,El arte de matar (2023),"{""latino"":{""url"":""https://ok.ru/videoembed/6785772882683?autoplay=1"",""quality"":""HD""}}",/nthgaqVD1vXHfNUfr6qCn6StXbx.jpg,2026-03-09 20:23:00-03,"[35,80]",5.885,1.8325,2023-09-14,R,"Violence, Drugs and/or alcohol abuse, Coarse Language",818,"[""hitman"",""dark comedy"",""money"",""modern art"",""crime""]",/bylJq7JEA87YqHMObZUnaP292T2.jpg
959429,Una aventura en Marruecos (2024),"{""latino"":{""url"":""https://ok.ru/videoembed/8219080460840?autoplay=1"",""quality"":""HD""}}",/pN9Vw5A3Eu868XqidnKcTdUW1Kq.jpg,2026-03-28 00:24:00-03,"[10749,18]",6.1,2.5201,2024-10-10,B-15,,680,"[""morocco"",""writer's block"",""writer"",""older woman younger man relationship""]",/zkvN3WeNvQQNxPmfcYFyijpANJ4.jpg
960292,Por puro placer (2023),"{""latino"":{""url"":""https://ok.ru/videoembed/12536700734014?autoplay=1"",""quality"":""HD""}}",/jaTjgD1G6thvYw7OTCnx5xYFYYz.jpg,2026-04-03 23:26:00-03,"[10749,18]",6.419,7.2741,2023-04-05,16,,186,"[""prostitute"",""paris, france"",""free love"",""freedom"",""bisexuality"",""striptease"",""female friendship"",""strip club"",""sexual freedom"",""money"",""lesbian relationship"",""prostitution"",""free will"",""desire"",""sexual desire"",""impossible love"",""sex worker"",""broken heart"",""wealth desire"",""female stripping"",""easy money"",""woman body"",""sex work"",""strip show"",""love story"",""erotism"",""friendship between women"",""lesbian"",""sex"",""bisexual woman"",""lesbian affair"",""women"",""cheating girlfriend"",""free woman"",""cheating woman""]",/4F2sgLPJX3cwFqVvoEVKkMGo3a6.jpg
964980,Air: La historia detrás del logo (2023),"{""latino"":{""url"":""https://stek57-bb2b53411dc1.herokuapp.com/watch/67c523f707884f0f91e567e4"",""quality"":""HD""}}",/4ypRUscxdPXjF2o3BzsKsCUrkpK.jpg,2026-01-20 12:36:46.434715-03,"[18,36]",7.293,4.043,2023-04-05,R,,446,"[""sports"",""based on true story"",""basketball"",""shoe"",""national basketball association (nba)"",""duringcreditsstinger"",""1980s""]",/aT3sRVqgpkyCo23fp9myVfKPWbA.jpg
967941,Wicked Parte II (2025),"{""latino"":{""url"":""https://ok.ru/videoembed/10869982038692?autoplay=1"",""quality"":""HD""},""castellano"":{""url"":""https://ok.ru/videoembed/10751373150732?autoplay=1"",""quality"":""HD""}}",/xBfI3jboJ8zGXpoerp8Xk9ku9JN.jpg,2026-02-09 12:05:00-03,"[14,12,10749]",6.681,13.9339,2025-11-19,PG,"Sensitive Themes, Violence",101,"[""witch"",""based on novel or book"",""musical"",""female friendship"",""based on play or musical"",""sequel"",""con artist"",""prequel"",""corrupt politician"",""governess"",""fantasy world"",""witch hunt"",""wizard"",""political corruption"",""illegitimate child"",""power struggle"",""woman in wheelchair"",""farm girl"",""munchkins"",""ambiguous"",""friends to rivals"",""interquel"",""forgiveness and reconciliation""]",/cGbPBHKSFO7hSIjxkb3KOaGdOep.jpg
968100,千年女優 -軌跡- (2001),"{""subtitulado"":{""url"":""https://ok.ru/videoembed/8535839083134?autoplay=1"",""quality"":""HD""}}",/rQfutJfJL3SgcThccDdaK8JVp81.jpg,2026-03-19 17:17:00-03,[99],8.5,1.216,2001-01-01,,,984,[],/rotos6RU7DII22CxlKvasRmj5Eb.jpg
970450,El despertar de la bestia (2024),"{""latino"":{""url"":""https://ok.ru/videoembed/9389914393212?autoplay=1"",""quality"":""HD""}}",/pcM3SWJSwM6DSaUTAxNac9xVGCP.jpg,2026-02-14 00:11:00-03,"[28,27,53,878]",5.9,4.6551,2024-12-04,B-15,,355,"[""moonlight"",""werewolf"",""mysterious"",""intense""]",/cA88pwGnHa64BBcU3R1oCcJH9Qc.jpg
970947,Los sudarios (2025),"{""castellano"":{""url"":""https://ok.ru/videoembed/11201190038081?autoplay=1"",""quality"":""HD""}}",/9Y5clHO1bk5Fmkpff7ZYmkzKJaN.jpg,2026-01-27 10:41:00-03,"[878,53,27]",5.82,1.9148,2025-04-03,R,"Violence / Horror, Sexuality, Negative examples",801,"[""artificial intelligence (a.i.)"",""widow"",""cemetery"",""toronto, canada"",""vandalism"",""grief"",""conspiracy"",""death"",""sister-in-law"",""graveyard"",""entrepreneur"",""paranoid"",""death of wife"",""burial"",""blind woman"",""body horror""]",/wMgT2Q0WcNLYrS46q9WCHImBCEc.jpg
974576,Cónclave (2024),"{""latino"":{""url"":""https://ok.ru/videoembed/9253220190761?autoplay=1"",""quality"":""HD""},""castellano"":{""url"":""https://ok.ru/videoembed/9883438156335?autoplay=1"",""quality"":""HD""},""subtitulado"":{""url"":""https://ok.ru/videoembed/9575905692200?autoplay=1"",""quality"":""HD""}}",/jkOgeASTlWwyKLBNblHVwWmAKhD.jpg,2026-01-20 12:36:46.193763-03,"[18,53]",7.189,11.0818,2024-10-25,12,Stressful Scenes,135,"[""vatican (holy see)"",""pope"",""religion"",""election"",""roman catholic church"",""catholicism"",""cardinal"",""philosophical"",""papal conclave"",""introspective"",""provocative"",""conspiracy thriller"",""critical"",""catholic monarchs"",""intense"",""comforting""]",/eZzNdjNDvaSoyywy9ICg2UmFwul.jpg
975511,El regreso de Ulises (2024),"{""castellano"":{""url"":""https://ok.ru/videoembed/11179972299427?autoplay=1"",""quality"":""HD""}}",/2Nt5pRD2IOt8hbWfV4C3O6ZkEGU.jpg,2026-01-27 17:29:00-03,"[36,18,12]",6.496,3.3445,2024-11-28,R,"Sexual Content, Inappropriate Language, Violence",554,"[""greek mythology"",""based on song, poem or rhyme"",""ancient greece"",""odyssey""]",
975615,Crónicas de guerra (2025),"{""latino"":{""url"":""https://ok.ru/videoembed/12052557269569?autoplay=1"",""quality"":""HD""},""castellano"":{""url"":""https://ok.ru/videoembed/12052557335105?autoplay=1"",""quality"":""HD""},""subtitulado"":{""url"":""https://ok.ru/videoembed/12052557072961?autoplay=1"",""quality"":""HD""}}",/fszN3PSB40FYsFzkHvNZrXLes0M.jpg,2026-02-20 14:37:00-03,"[18,53]",6.696,1.5644,2025-05-02,,,891,[],
976830,Oscuridad total (2023),"{""latino"":{""url"":""https://ok.ru/videoembed/11199833311922?autoplay=1"",""quality"":""HD""}}",/lt3Adgt3msKnZNPSLZe1UVtTrYr.jpg,2026-01-23 06:51:00-03,"[12,27,18]",5.783,4.3728,2023-11-15,,,397,"[""bewildered""]",/yIhVPYJiTif4LAOcRRkpPD1F2Lz.jpg
976912,Graphic Desires,"{""latino"":{""url"":""https://ok.ru/videoembed/10856670235198?autoplay=1"",""quality"":""HD""}}",/fLHXk8eN7Rh2snjjB5KhEE9tqgo.jpg,2026-01-20 21:54:41.977105-03,"[53,80]",7,4.1028,2023-08-31,18,,438,"[""infidelity"",""cheating"",""killing"",""murder"",""erotic thriller"",""murdered"",""dating app""]",/rHnANzYUmV3WZw3n0yWOLiR3pen.jpg
977246,Brujería (2024),"{""latino"":{""url"":""https://ok.ru/videoembed/11489684621910?autoplay=1"",""quality"":""HD""}}",/99wdStgFDTnrPbgpBt29lI87vai.jpg,2026-02-03 17:59:00-03,"[27,9648,12,14]",6.25,2.6688,2024-06-14,C,,655,[],/ro9Vo81Q8lwCj3T15Qd4vpDPnru.jpg
977262,Una función inesperada (2024),"{""castellano"":{""url"":""https://ok.ru/videoembed/11201191545409?autoplay=1"",""quality"":""HD""}}",/7lKgGBXutUpySOd7phZ45zrj191.jpg,2026-01-26 16:52:00-03,"[35,18]",6.948,2.9107,2024-05-30,12,"Stressful Scenes, Language",616,"[""autism"",""road trip"",""parenting"",""divorced parents""]",/iTtwta5u2IjyPtFcEGyGhyfMeAL.jpg
978415,Los agitadores (2023),"{""latino"":{""url"":""https://ok.ru/videoembed/6773865646816?autoplay=1"",""quality"":""HD""}}",/gorgHfLByaZ2nfVpU8pnvU3T2f.jpg,2026-01-20 12:36:46.434715-03,"[35,18]",7.8,1.3405,2023-06-01,MA 15+,"Sex, Coarse Language, Drugs and/or alcohol abuse",953,"[""lgbt"",""flirting"",""eros"",""gay theme"",""homosexuality"",""bro""]",/b3Rh4OEVnQgA5vSw5IvvviD3FeE.jpg
981347,Horror En El Lago Ness (2023),"{""latino"":{""url"":""https://ok.ru/videoembed/12298557524545?autoplay=1"",""quality"":""HD""},""castellano"":{""url"":""https://ok.ru/videoembed/12298557327937?autoplay=1"",""quality"":""HD""},""subtitulado"":{""url"":""https://ok.ru/videoembed/12298557459009?autoplay=1"",""quality"":""HD""}}",/fFdG5U2PzhRrHRpbbORQrcAMn8D.jpg,2026-03-02 21:08:00-03,"[27,878]",5.407,0.7557,2023-11-07,18A,,1154,"[""loch ness monster""]",/tg1cQrXw7G5kbapdAoqc0oHtYdN.jpg
982843,El gran diluvio (2025),"{""latino"":{""url"":""https://ok.ru/videoembed/10422989163070?autoplay=1"",""quality"":""HD""}}",/qIzSyT2AmDxkcQ0zOAeTbtZR9EQ.jpg,2026-01-26 15:17:00-03,"[878,12,18]",6.017,11.5724,2025-09-18,R,"Violence, Inappropriate Language",126,"[""climate change"",""natural disaster"",""global warming"",""transhumanism"",""flood"",""meditative"",""vexed"",""thoughtful"",""philosophical"",""reflective"",""complex"",""loving"",""introspective"",""wistful"",""provocative"",""dramatic"",""admiring"",""adoring"",""compassionate"",""defiant"",""dignified"",""empathetic"",""hopeful"",""powerful"",""sincere"",""sympathetic"",""urgent""]",/218MafWtM9XpPRuNdh0uhrNezi5.jpg
982940,Pálido (2023),"{""latino"":{""url"":""https://ok.ru/videoembed/12648976288371?autoplay=1"",""quality"":""HD""}}",/weurvfmsfMIIQUegn6J4TJPFlRo.jpg,2026-03-21 12:46:00-03,"[28,53,80]",5.921,2.2638,2023-11-24,R,,737,"[""killing"",""crime boss"",""murder"",""vigilante"",""crime syndicate"",""murder of family"",""vengeance"",""murdered"",""revenge thriller"",""vigilante justice"",""organ trafficking"",""attorney"",""abducted daughter"",""kill"",""swear""]",/y3A08SqEHqIvelH304qz4GUTLnx.jpg
985602,La boda de mi madre (2025),"{""latino"":{""url"":""https://ok.ru/videoembed/9968680700512?autoplay=1"",""quality"":""HD""}}",/dNRGnUmBJwxa8VitUPbz99KdPnO.jpg,2026-03-30 23:19:00-03,"[35,18]",7.058,3.8581,2025-08-08,14,"Sexuality, Language",471,"[""wedding"",""return home""]",/jEX09yj69kQrZSKoKfnHKtPNQWt.jpg
986097,HIM: El elegido (2025),"{""latino"":{""url"":""https://ok.ru/videoembed/12057763842625?autoplay=1"",""quality"":""HD""},""castellano"":{""url"":""https://ok.ru/videoembed/11756794939937?autoplay=1"",""quality"":""HD""},""subtitulado"":{""url"":""https://ok.ru/videoembed/12057764170305?autoplay=1"",""quality"":""HD""}}",/hFVa74eIxVf0xiBNhmMJtAW2n9e.jpg,2026-02-20 14:04:00-03,"[27,9648]",5.786,6.6219,2025-09-18,,,209,"[""ritual"",""cult"",""training"",""religion"",""injury"",""quarterback"",""athletics"",""satanic"",""blood"",""horror"",""sport"",""football"",""combine""]",/jzzpCJWkVZZwAxzzLmtYN0MBWFd.jpg
991708,El Conde (2023),"{""latino"":{""url"":""https://ok.ru/videoembed/11373789186700?autoplay=1"",""quality"":""HD""}}",/209InDUy9xoXWHpwumHOWG04P9e.jpg,2026-02-24 17:28:00-03,"[14,35,27]",6.149,1.3838,2023-09-07,B-15,"Violence, Nudity, Sexual Content",935,"[""vampire"",""seclusion"",""satire"",""black and white""]",/f0oDdvbzZ1qjfggotV1aniJmd6b.jpg
993708,Un juego de tres (2025),"{""castellano"":{""url"":""https://ok.ru/videoembed/11174216337982?autoplay=1"",""quality"":""HD""}}",/4Ptyvpmnk9RcxxdK610VtXpHf1w.jpg,2026-02-05 14:43:00-03,"[35,10749,18]",6.1,5.269,2025-09-04,R,"Sexual Content, Legal Drugs, Violence",279,"[""pregnancy"",""babysitter"",""arkansas"",""wedding"",""gay marriage"",""threesome""]",/vXYRqIySwaa56quJGRKxXfSaTh0.jpg
993733,Furia sin límites,"{""latino"":{""url"":""https://gamovideo.com/embed-o9ls2u5x66mh-640x360.html"",""quality"":""HD""}}",/jjL3zIPfMs2Ll7pIJFNroprYJrF.jpg,2026-01-20 12:36:45.887344-03,"[80,18,28,53]",6.7,0.5229,2022-08-26,16,,1243,"[""right and justice"",""detective"",""criminal"",""vigilantism"",""mob justice""]",/6UbxF7Niaat0hSC6xF1WXvDHqoX.jpg
995746,Rosalie (2024),"{""subtitulado"":{""url"":""https://ok.ru/videoembed/13368474143347?autoplay=1"",""quality"":""HD""}}",/gAaNdxUZzT3XXTmmn5eC5QHc9nh.jpg,2026-04-16 00:05:00-03,"[18,10749]",6.6,0.9293,2024-04-10,16,"Self-harm, Discrimination, Sexuality",1085,"[""based on true story"",""historical drama"",""19th century"",""bearded lady""]",/nEvqsqcZ7NZIFtkxKXJvD2cLwaT.jpg
998757,Ամերիկացի (2022),"{""latino"":{""url"":""https://ok.ru/videoembed/10570811902529?autoplay=1"",""quality"":""HD""}}",/jNwdDHesROckKeeZII6QD658srL.jpg,2026-01-22 13:26:00-03,"[18,35]",7.2,0.2451,2022-07-21,14,"Violence, Fear, Coarse Language",1338,"[""hope"",""prison cell"",""painting"",""armenia"",""communist party"",""1950s"",""cultural identity"",""armenian diaspora"",""josef stalin"",""soviet""]",
999136,Do Not Enter (2026),"{""subtitulado"":{""url"":""https://ok.ru/videoembed/13567167761059?autoplay=1"",""quality"":""HD""}}",/mNxebIggQk0mSZ0qF8MjCMTHYL4.jpg,2026-03-23 20:15:00-03,[27],5.82,29.3435,2026-03-19,R,,40,"[""hotel"",""new jersey"",""based on novel or book"",""supernatural creature"",""million in cash"",""urban exploration"",""abandoned building"",""urban explorers"",""supernatural horror"",""abandoned hotel""]",/8zyQbsmMlXfLkcctjNz5YZZwpkw.jpg
999243,Verano infernal (2025),"{""latino"":{""url"":""https://ok.ru/videoembed/10909705112157?autoplay=1"",""quality"":""HD""}}",/wmSCSKUI15Q2pApB5f3oEl0EQuE.jpg,2026-02-13 23:50:00-03,"[27,35,9648]",5.603,2.857,2025-04-03,R,,626,"[""summer camp"",""woods"",""serial killer"",""camp"",""slasher"",""whodunit"",""summer"",""series of murders"",""campfire"",""camp counselor"",""frantic""]",/517uHmTS9Z9nUWBe0gcFaoehNk6.jpg
1005331,Equipaje de mano (2024),"{""latino"":{""url"":""https://ok.ru/videoembed/9146202851929?autoplay=1"",""quality"":""HD""},""castellano"":{""url"":""https://ok.ru/videoembed/8576932055711?autoplay=1"",""quality"":""HD""},""subtitulado"":{""url"":""https://ok.ru/videoembed/8837086251585?autoplay=1"",""quality"":""HD""}}",/xQzQIrVbwft9nICAt6S6BWkthF5.jpg,2026-01-20 12:36:46.193763-03,"[53,28]",6.893,4.4003,2024-12-05,PG-13,"Violence, Fear, Coarse Language",394,"[""underdog"",""race against time"",""blackmail"",""flight"",""los angeles, california"",""christmas eve"",""suspenseful"",""exciting"",""los angeles airport (lax)""]",/rhc8Mtuo3Kh8CndnlmTNMF8o9pU.jpg
1005985,El corazón de mi niña (2025),"{""latino"":{""url"":""https://ok.ru/videoembed/11295936809537?autoplay=1"",""quality"":""HD""}}",/oj2y8UYScRemDQTHmq9Kfwe3EpQ.jpg,2026-02-11 04:24:01.571084-03,"[28,18,80]",6,0.8434,2025-04-11,15,,1118,[],/o0n8l6Itc3vjf9svwHGzC3uuQhZ.jpg
1007435,La muerte de un comediante (2025),"{""latino"":{""url"":""https://ok.ru/videoembed/13185322846883?autoplay=1"",""quality"":""HD""}}",/9q1u7TKfH4W5ByZvvcHiAX6nlNX.jpg,2026-03-13 11:13:00-03,[18],6.5,5.132,2025-11-20,+13,,291,[],/iqhQpCrBLMGxZNdpoFi5BafFMQr.jpg
1010711,Destined at Christmas (2022),"{""latino"":{""url"":""https://ok.ru/videoembed/11328856001202?autoplay=1"",""quality"":""HD""}}",/tFkFZCtrSZg30DgqCvXSqM8Wqtb.jpg,2026-01-25 10:55:00-03,"[10770,35,10749]",7.56,0.3739,2022-10-22,G,,1285,"[""christmas""]",
1010755,Los Extraños: Capítulo 3 (2026),"{""latino"":{""url"":""https://ok.ru/videoembed/13382958254707?autoplay=1"",""quality"":""1080P""},""subtitulado"":{""url"":""https://ok.ru/videoembed/13385528642211?autoplay=1"",""quality"":""1080P""}}",/yPHwX78mcwJw3I6YOJ9qh2wQBFr.jpg,2026-04-16 00:25:00-03,"[27,53]",5.392,115.0707,2026-02-05,C,,12,"[""sequel"",""slasher"",""reboot"",""masked killer"",""stalkers"",""serial killers"",""dirty sheriff""]",/fPfDB0IHOqvmKIzFP9CA51OOS1N.jpg
1013482,Borderline (2025),"{""latino"":{""url"":""https://ok.ru/videoembed/13524205767283?autoplay=1"",""quality"":""HD""},""subtitulado"":{""url"":""https://ok.ru/videoembed/13524241549939?autoplay=1"",""quality"":""HD""}}",/tjZYPTBLWLpRHMvyRoFhkEow2kM.jpg,2026-04-21 21:43:00-03,"[35,27,53]",5.728,4.5906,2025-03-14,R,,371,"[""pop star"",""obsession"",""bodyguard"",""dark comedy"",""hallucination"",""stalker"",""sociopath"",""los angeles, california"",""home invasion"",""obsessed fan"",""mental illness"",""escaped mental patient"",""fake wedding"",""1990s"",""delusional"",""romantic"",""cliché"",""comedy horror""]",/adQ1Nz0KbbZYdtC4YFktMTsbR6Q.jpg
1017794,Anaconda: El despertar (2022),"{""latino"":{""url"":""https://ok.ru/videoembed/7345823025870?autoplay=1"",""quality"":""HD""}}",/c1agDaiqalendKz8q2fLg7AELxS.jpg,2026-01-20 12:36:46.434715-03,"[28,12,14,53,27]",6.9,1.9659,2022-08-27,18,,790,"[""snake"",""giant monster"",""giant snake"",""killer snake"",""kaiju""]",
1018228,El vuelo de los ladrones (2023),"{""latino"":{""url"":""https://ok.ru/videoembed/13624791468659?autoplay=1"",""quality"":""1080P""},""subtitulado"":{""url"":""https://ok.ru/videoembed/13624827710067?autoplay=1"",""quality"":""1080P""}}",/jiubtxbczcRWQYKatdW9vIfBeVz.jpg,2026-04-21 22:04:00-03,"[80,53]",6.868,1.6007,2023-03-24,16,,877,"[""heist"",""airplane hijacking""]",/vBmmJYv5asJpdJZsyPPc4MMpfBe.jpg
1018247,MK Ultra: Controlando mentes (2022),"{""latino"":{""url"":""https://ok.ru/videoembed/9365644577512?autoplay=1"",""quality"":""HD""}}",/esNVfZO2a9dUj5qtIjYrMzqDdK1.jpg,2026-02-14 00:04:00-03,[53],5.7,0.5635,2022-10-07,NR,,1231,[],
1025463,Biónicos (2024),"{""latino"":{""url"":""https://ok.ru/videoembed/7262120708673?autoplay=1"",""quality"":""HD""}}",/4nrNEM0wmWTBtepCoobvkHQqNKm.jpg,2026-03-28 00:14:00-03,"[878,28,12]",6,1.8344,2024-05-28,R,,817,"[""future"",""sports"",""robot"",""disability""]",/k9X79JC2dDTcSpxuKJ3p2Teq3oZ.jpg
1025527,Seis días: Caza al asesino (2024),"{""latino"":{""url"":""https://ok.ru/videoembed/9709696715360?autoplay=1"",""quality"":""HD""}}",/vTaGbyHe0vJXbE2t90OVQZsE3G4.jpg,2026-03-30 23:40:00-03,"[53,28]",5.9,3.2333,2024-12-11,,,569,[],/tLf5hjuO4gx62lVojPiHsIzCroh.jpg
1026999,La Academia del Sr. Kleks (2024),"{""latino"":{""url"":""https://ok.ru/videoembed/7344984033857?autoplay=1"",""quality"":""HD""}}",/3HoBhPg6T5st6K09QfZh4lGB0hz.jpg,2026-03-28 00:18:00-03,"[14,12,10751]",6,1.8247,2024-01-05,12,,820,"[""based on novel or book"",""magic"",""school"",""academy"",""fairy tale characters""]",/w2zsNG7WKBMH35QqcFYILEAdYDU.jpg
1028552,Un dulce desastre de Navidad (2022),"{""latino"":{""url"":""https://ok.ru/videoembed/11329908181682?autoplay=1"",""quality"":""HD""}}",/nm748EHM5leClqByIfmsi0uWDUU.jpg,2026-01-26 17:41:00-03,"[10770,35,18,10749]",5.557,0.3128,2022-11-27,G,,1313,"[""christmas""]",/go05UcvVRJrj1AjEsYWPJCtojdb.jpg
1028556,Sorpresa de Navidad (2022),"{""latino"":{""url"":""https://ok.ru/videoembed/11329668385458?autoplay=1"",""quality"":""HD""}}",/qQcy3s2OtbZmzg1LZrP7HkKlT48.jpg,2026-01-25 07:57:00-03,"[10770,35,18,10749]",5.964,0.7499,2022-11-26,G,,1157,"[""christmas"",""lighthearted"",""cheerful""]",
1029575,Plan en familia (2023),"{""latino"":{""url"":""https://ok.ru/videoembed/11329293585074?autoplay=1"",""quality"":""HD""}}",/7mEX07jWRYrjarW84sBeFghGMfa.jpg,2026-01-27 17:34:00-03,"[28,35,10751]",7.237,11.2872,2023-12-14,PG-13,,128,"[""road trip"",""on the run"",""gamer"",""car salesman"",""las vegas"",""duringcreditsstinger"",""hidden identity"",""family trip"",""ex army"",""family bonding"",""buffalo, new york"",""teenager"",""secrets"",""hopeful"",""optimistic"",""former assassin"",""physical therapist"",""covert assassin""]",/arNhhBd88bP3Bjoe4HT8MFE1JQA.jpg
1030542,Escort (2023),"{""latino"":{""url"":""https://ok.ru/videoembed/10856343472705?autoplay=1"",""quality"":""HD""}}",/3TWgphfxH0SinNP5MMavHU5FSq8.jpg,2026-01-29 16:06:00-03,"[80,18]",3.3,0.2393,2023-10-26,19,,1340,"[""blackmail"",""escort""]",/kWPJneTmINgmJ9lXqDpHECG7AQ6.jpg
1030588,Anzu. Gato fantasma (2024),"{""castellano"":{""url"":""https://ok.ru/videoembed/11076738878017?autoplay=1"",""quality"":""HD""}}",/sAoPr70LHhLCs0H8n95TlkfHzX5.jpg,2026-01-22 20:27:00-03,"[16,14,35,10751]",6.614,1.9933,2024-07-19,NR,,783,"[""cat"",""based on comic"",""ghost"",""anime""]",/oZMpjEvO19ILidHNmRn1QTkXgpQ.jpg
1031962,What We Hide (2025),"{""subtitulado"":{""url"":""https://ok.ru/videoembed/12663410002645?autoplay=1"",""quality"":""HD""}}",/cQDHU06FsBqNv0r3n3Il3q8jPxY.jpg,2026-03-29 11:43:00-03,"[18,53,9648]",6.2,1.6401,2025-08-08,15,,871,"[""psychological thriller"",""sister sister relationship"",""drug addict"",""swear"",""child protective services""]",/5LmO9OHaFL3Udv71qUjzUW5pcvw.jpg
1032892,En un abrir y cerrar de ojos (2026),"{""latino"":{""url"":""https://ok.ru/videoembed/12070120852095?autoplay=1"",""quality"":""HD""},""subtitulado"":{""url"":""https://ok.ru/videoembed/12086070086357?autoplay=1"",""quality"":""HD""}}",/r29MQ8wAe89iBhFdtTQb8vmtIsu.jpg,2026-03-02 20:06:00-03,"[18,878]",4.167,10.7025,2026-01-26,,,141,"[""hope"",""love"",""multiple storylines"",""connection"",""history of mankind"",""baffled""]",/uM5i623wwNfoGD97iwwQWQ7GlZL.jpg
1034402,La cuestión del amor (2023),"{""latino"":{""url"":""https://ok.ru/videoembed/12210568432255?autoplay=1"",""quality"":""HD""}}",/nLQuB6STr9f4HvWxNxo7AZtvb1m.jpg,2026-03-05 22:29:00-03,"[10770,35,18,10749]",6.667,0.316,2023-02-08,,,1311,[],/cGaP8bP0IIgQHTpegqXKWFgs9wf.jpg
1034541,Terrifier 3 (2024),"{""latino"":{""url"":""https://streaam-660fef271516.herokuapp.com/watch/6789df9b7c6e7f592e365e6e"",""quality"":""HD""}}",/iaGfB2itLC8exBvfLUoadS0Q6tP.jpg,2026-01-20 12:36:45.887344-03,"[27,53]",6.795,11.1486,2024-10-09,+18,"Violence, Sexuality, Injury",131,"[""monster"",""post-traumatic stress disorder (ptsd)"",""angel"",""shower"",""child murder"",""santa claus"",""college"",""clown"",""bartender"",""gore"",""dormitory"",""sequel"",""serial killer"",""teenage girl"",""slasher"",""chainsaw"",""massacre"",""mental illness"",""disfigured face"",""mental asylum"",""cousin relationship"",""mall santa"",""killer clown"",""terrorist bombing"",""christmas horror"",""evil clown"",""christmas spirit"",""christmas"",""murder of parents"",""orphan siblings"",""supernatural power"",""death of a child"",""supernatural horror"",""bar"",""bloody"",""independent film"",""blood"",""low budget"",""megaslasher"",""witty""]",/bHfGHipZ32Oec94FDJO4mWs3aZ5.jpg
1034716,Gente que conocemos en vacaciones (2026),"{""latino"":{""url"":""https://t.me/ligafutbolargen/521870"",""quality"":""HD""}}",/lCbXqv2NOFoV8L0dYjcSz64zlUs.jpg,2026-03-12 16:16:00-03,"[10749,35,18]",7,8.3147,2026-01-06,+13,"Sexual Content, Drugs",170,"[""friendship"",""based on novel or book"",""romcom"",""grief"",""summer vacation"",""trust"",""second chance"",""nostalgic"",""speculative"",""zealous"",""feelgood"",""heartfelt"",""absurd"",""incredulous"",""egotistical"",""depressing"",""whimsical"",""ambiguous"",""conceited"",""dubious"",""farcical"",""hum"",""pretentious"",""ridiculous"",""subjective"",""kilig""]",
1037644,Battle for Saipan (2022),"{""castellano"":{""url"":""https://ok.ru/videoembed/11248848079489?autoplay=1"",""quality"":""HD""}}",/9N3KwhzBCcqmFcqHpPCsjqfym9M.jpg,2026-02-04 22:04:00-03,"[10752,36,28]",5.5,0.6358,2022-11-25,R,,1206,[],/w26FmegnHL8BykasYNHADIEURBW.jpg
1047223,El Vurdalak (2023),"{""latino"":{""url"":""https://ok.ru/videoembed/11910507399858?autoplay=1"",""quality"":""HD""}}",/l6OhSVwmPLkt3yGzHe16m3AxPtX.jpg,2026-02-21 01:06:00-03,"[14,27,18]",6.3,0.6211,2023-10-25,15,,1212,"[""fire"",""based on novel or book"",""loss of loved one"",""vampire"",""horse"",""forest"",""dog"",""biting"",""candle"",""death of family"",""death of son"",""dead"",""18th century"",""grave digging"",""loss of son"",""blood"",""vourdalak""]",/4DZ9rYfdLvoehzGZ7wSjMfp3Uy2.jpg
1049471,Outcome (2026),"{""latino"":{""url"":""https://ok.ru/videoembed/13253370514035?autoplay=1"",""quality"":""HD""},""castellano"":{""url"":""https://ok.ru/videoembed/13293214370419?autoplay=1"",""quality"":""HD""},""subtitulado"":{""url"":""https://ok.ru/videoembed/13253447060083?autoplay=1"",""quality"":""HD""}}",/9uriReigJBf5zVBNaHj5C9kDDTe.jpg,2026-04-15 23:57:00-03,"[35,18]",5.293,46.4091,2026-04-06,C,,30,"[""dark comedy"",""extortion"",""hollywood star"",""duringcreditsstinger"",""personal demons"",""cancel culture"",""child actor past"",""fame pressure"",""blackmail video"",""public apology tour""]",/avwIERZtWiWa34qShf5biDzAVaF.jpg
1051896,Después del apocalipsis (2024),"{""latino"":{""url"":""https://ok.ru/videoembed/12809896987196?autoplay=1"",""quality"":""HD""},""castellano"":{""url"":""https://ok.ru/videoembed/8030486923908?autoplay=1"",""quality"":""HD""},""subtitulado"":{""url"":""https://ok.ru/videoembed/9752508893869?autoplay=1"",""quality"":""HD""}}",/2paAs9Azw9CXZe3jD5F3weQVwyr.jpg,2026-04-21 20:48:00-03,"[28,27,53]",6.036,12.1699,2024-04-12,R,"Violence, Fear, Coarse Language",119,"[""monster"",""post-apocalyptic future"",""survival"",""fear"",""family"",""isolated farmhouse"",""calm"",""relaxed"",""anxiety"",""science fiction""]",/9s9o9RT9Yj6nDuRJjnJm78WFoFl.jpg
1053008,El luchador definitivo (2024),"{""latino"":{""url"":""https://ok.ru/videoembed/11558062721601?autoplay=1"",""quality"":""HD""},""subtitulado"":{""url"":""https://ok.ru/videoembed/11559752239681?autoplay=1"",""quality"":""HD""}}",/vmRtkq80lG1SO4wDscDUbuuoa3n.jpg,2026-02-03 16:39:00-03,[28],5.654,2.6387,2024-10-09,16,,660,[],/znMUHotZRTcyIFWFz2bvcpSx6YP.jpg
1055317,Zoe's Having a Baby (2023),"{""latino"":{""url"":""https://ok.ru/videoembed/11329998490290?autoplay=1"",""quality"":""HD""}}",/lSVzpmS6PzR2Q958UfgIk6oWTa0.jpg,2026-01-24 11:28:00-03,"[10770,10749,35,10751]",5.7,0.2043,2023-05-10,12,,1349,[],/mE1eaub8m8HLfyDgW8YghdYdxzW.jpg
1058622,Los alienígenas han abducido a mis padres (2023),"{""castellano"":{""url"":""https://ok.ru/videoembed/11297423755841?autoplay=1"",""quality"":""HD""},""subtitulado"":{""url"":""https://ok.ru/videoembed/11296761121345?autoplay=1"",""quality"":""HD""}}",/dHzgfoSsdxD0WOJqAjGrzi2tbmt.jpg,2026-02-02 19:52:00-03,"[10751,12,878,18]",5.5,0.4793,2023-08-18,,,1254,"[""alien abduction""]",/mEUluAzH6cFRBfuJIbNdMehhd0q.jpg
1058710,Bloodline Killer (2024),"{""latino"":{""url"":""https://ok.ru/videoembed/12777004534314?autoplay=1"",""quality"":""HD""}}",/wHmzCQwBzT6m8wtZdXHOIITn82B.jpg,2026-04-08 21:16:00-03,"[27,53]",5.923,8.919,2024-04-26,MA 15+,,165,[],/ibK0sooxQwIeqS9tz4Tj0chyca9.jpg
1062215,Diabólica (2024),"{""castellano"":{""url"":""https://ok.ru/videoembed/10916442606209?autoplay=1"",""quality"":""HD""}}",/eDCyEUNFce9g7NJxlhDzV0BBMMo.jpg,2026-02-03 16:38:00-03,"[27,878,53]",5.918,2.678,2024-08-28,PG-13,Threat,652,"[""artificial intelligence (a.i.)"",""dysfunctional family"",""social media"",""smart home"",""cyberbullying"",""gaslighting"",""sci-fi horror"",""pessimistic""]",/zu4m80pS1EBqDd000xD6exSyHp4.jpg
1062722,Frankenstein (2025),"{""latino"":{""url"":""https://ok.ru/videoembed/11199825971890?autoplay=1"",""quality"":""HD""}}",/hTj8x0ElKldJyAjTYvaqxkQNxxN.jpg,2026-01-24 13:58:00-03,"[18,14,27]",7.689,23.1396,2025-10-17,16,"Legal Drugs, Nudity, Violence",58,"[""monster"",""based on novel or book"",""supernatural"",""surgeon"",""mad scientist"",""reanimation"",""burlesque"",""father son relationship"",""mother son relationship"",""frankenstein""]",/hpXBJxLD2SEf8l2CspmSeiHrBKX.jpg
1062985,Wayang Puaka (2023),"{""latino"":{""url"":""https://ok.ru/videoembed/11813550557874?autoplay=1"",""quality"":""HD""}}",/2iL60r1pjCXNeLnbV3bxOXDLpUN.jpg,2026-02-09 13:48:00-03,[27],5.4,0.3399,2023-11-02,,,1300,"[""investigation"",""haunting"",""curse"",""youtube"",""found footage"",""abandoned building""]",/oNnQYx5v3GBbpeGAr4uILPK2e9t.jpg
1066313,Setan Alas! (2026),"{""latino"":{""url"":""https://ok.ru/videoembed/11329032424114?autoplay=1"",""quality"":""HD""}}",/7j2gEvd2lWVkLlLJh2akuSY4ajV.jpg,2026-01-23 09:54:00-03,"[878,27]",0,0.7202,2026-03-05,15,,1170,"[""villa"",""haunting"",""satan"",""zombie"",""college student"",""haunted"",""supernatural horror"",""terror"",""meta""]",/6bVzP9lyoSTevfblZuIUOOye895.jpg
1068817,Sweeter Than Chocolate (2023),"{""latino"":{""url"":""https://ok.ru/videoembed/11328858950322?autoplay=1"",""quality"":""HD""}}",/6ZMYcdITcXh7kb84nCcbpd2guF5.jpg,2026-01-21 22:13:00-03,"[10770,35,10749]",5.733,0.3721,2023-02-04,G,,1286,"[""not family friendly"",""hallmark""]",
1070514,Zom 100: Cien cosas que quiero hacer antes de convertirme en zombi (2023),"{""latino"":{""url"":""https://ok.ru/videoembed/11787878599348?autoplay=1"",""quality"":""HD""}}",/o7mf6YZepJA6nbWrYUTtWb0xvSw.jpg,2026-02-11 17:16:00-03,"[35,27]",6.588,1.8113,2023-08-03,B-15,,825,"[""supernatural"",""zombie"",""based on graphic novel"",""aftercreditsstinger"",""zombie apocalypse"",""seinen"",""bucket list""]",/bD8ftQIovUjCAIA6OVVuquHtLWH.jpg
1070630,Órbita Prima (2023),"{""latino"":{""url"":""https://ok.ru/videoembed/12058586778177?autoplay=1"",""quality"":""HD""}}",/9aZCseuwLwUqnLzsKRbCdNu5Ogm.jpg,2026-02-20 13:55:00-03,"[878,18]",4.9,0.1939,2023-01-19,14,,1351,[],/ckz9ARDziUscHYP55fM17qbZc53.jpg
1071815,Punto de restauración (2023),"{""castellano"":{""url"":""https://ok.ru/videoembed/11560423197249?autoplay=1"",""quality"":""HD""},""subtitulado"":{""url"":""https://ok.ru/videoembed/11560423066177?autoplay=1"",""quality"":""HD""}}",/o5B720hAvPusVMhOAUjIWFHSFO4.jpg,2026-02-03 12:56:00-03,"[878,80,53]",6,4.6318,2023-09-09,16,,360,[],/oWuBO8jsY7Pw6cxFUudoCfBPJjo.jpg
1072699,Furioza 2 (2025),"{""latino"":{""url"":""https://ok.ru/videoembed/12306319346241?autoplay=1"",""quality"":""HD""},""castellano"":{""url"":""https://ok.ru/videoembed/12306319542849?autoplay=1"",""quality"":""HD""},""subtitulado"":{""url"":""https://ok.ru/videoembed/12306319280705?autoplay=1"",""quality"":""HD""}}",/yOLnV1lM3NuMsgYwIhz454fQRgt.jpg,2026-02-27 16:16:00-03,"[28,80,53]",6.517,8.0956,2025-10-14,C,,172,"[""crime boss"",""hooligan"",""organized crime"",""brutality"",""rage"",""hooliganism"",""fury"",""gritty"",""approving"",""ultras"",""violent""]",/2yo2k8CmgZxfBQYAZ8TnHIYzEme.jpg
1073112,Memorias de un verano (2025),"{""latino"":{""url"":""https://ok.ru/videoembed/12397721029298?autoplay=1"",""quality"":""HD""}}",/dSpq0IhMvtewMY39176q796JlFT.jpg,2026-03-09 15:43:00-03,[18],7.115,2.2235,2025-01-31,14,,745,"[""based on novel or book"",""grandparent grandchild relationship"",""coming of age"",""death of mother"",""finland""]",/kx2Vmo1rqwgzO0lF6ZDAmUom3jq.jpg
1078012,Boonie Bears. Codigo Guardian (2023),"{""latino"":{""url"":""https://ok.ru/videoembed/10905431706239?autoplay=1"",""quality"":""HD""}}",/fB8ZCeRedPC1zBlQBWhWCx8hd2o.jpg,2026-01-26 20:58:00-03,"[16,35,878,10751,12]",6.7,1.8454,2023-01-22,U,"Violence, Fear",814,"[""based on tv series""]",/arT10FrsPdxJOFBrHMrVvoDJCqR.jpg
1079244,"Bonhoeffer, El espía (2024)","{""castellano"":{""url"":""https://ok.ru/videoembed/10854880315969?autoplay=1"",""quality"":""HD""}}",/wpzmhElIGUglAaGtGQdKRsr4mCU.jpg,2026-01-26 17:35:00-03,"[36,18,10752]",6.8,4.4827,2024-11-20,PG-13,"Violence, Discrimination, Stressful Scenes",383,"[""assassin"",""spy"",""pastor"",""pacifism"",""based on true story"",""tyranny"",""historical drama"",""1940s"",""christian film"",""nazi germany"",""independent film""]",/7e9tSzepYj8ZNbVF9P7KJ3BLlxD.jpg
1079310,La receta perfecta (2024),"{""castellano"":{""url"":""https://ok.ru/videoembed/11560157055553?autoplay=1"",""quality"":""HD""}}",/8anwcpV8rQuB6l7aOw0VHfZ2fxA.jpg,2026-02-05 14:25:00-03,"[18,35]",6.9,2.1614,2024-12-11,12,"Threat, Injury, Language",755,"[""cheese"",""complicated birth"",""stock car racing"",""coming of age"",""theft"",""candid"",""brother sister relationship"",""loving"",""mischievous"",""nudity"",""sentimental"",""empathetic"",""hopeful"",""cheese making"",""bare chested male""]",/87FfUfTb7gxty2L8sAiVwO3ul5y.jpg
1079407,Mr. Pawsitively Perfect (2023),"{""latino"":{""url"":""https://ok.ru/videoembed/12210659461759?autoplay=1"",""quality"":""HD""}}",/zgGleglRckhL6tEAFOkg8ZcoODc.jpg,2026-03-05 22:11:00-03,"[10770,35,10749]",5.5,0.2534,2023-09-20,,,1336,"[""dog""]",/tl2xt0hG9P1HTA6hvl2Eu2ggLqI.jpg
1082424,Jane Austen arruinó mi vida (2025),"{""castellano"":{""url"":""https://ok.ru/videoembed/11076374104641?autoplay=1"",""quality"":""HD""}}",/yce1Q1m6sPq5FeOGgufpoNvTkYa.jpg,2026-01-26 20:55:00-03,"[35,10749,18]",6.3,2.8841,2025-01-22,12,sexual content,621,[],
1084187,Lindas y Letales (2026),"{""latino"":{""url"":""https://ok.ru/videoembed/12808823507571?autoplay=1"",""quality"":""HD""},""castellano"":{""url"":""https://ok.ru/videoembed/12808869055091?autoplay=1"",""quality"":""HD""},""subtitulado"":{""url"":""https://ok.ru/videoembed/12808823048819?autoplay=1"",""quality"":""HD""}}",/3M2OPshnVeZLSUZ13o6e9j9sRWt.jpg,2026-03-29 22:12:00-03,"[28,53,27]",6.819,58.3331,2026-03-13,+18,"Violence, Drug Consumption, Language, Sexuality",25,"[""hungary"",""dance competition"",""ballerina"",""prima ballerina"",""remote inn"",""admiring"",""fight for survival"",""dance troupe""]",/z3bzhmC0CPikWeerUkLO73YvGrC.jpg
1084199,La acompañante (2025),"{""latino"":{""url"":""https://streaam-660fef271516.herokuapp.com/watch/67ae61e7265c9891b0b20e38"",""quality"":""HDCAM""},""subtitulado"":{""url"":""https://streaam-660fef271516.herokuapp.com/watch/67ae61fd265c9891b0b20e39"",""quality"":""HDCAM""}}",/nyloao2GWttUvS7KVcEM2eSDwUn.jpg,2026-01-20 12:36:46.434715-03,"[27,878,53]",7.024,11.9601,2025-01-22,R,"Sexual Content, Legal Drugs, Extreme Violence",122,"[""android"",""artificial intelligence (a.i.)"",""cabin"",""robot"",""boyfriend girlfriend relationship"",""duringcreditsstinger"",""meditative"",""thoughtful"",""philosophical"",""robot girl"",""unassuming"",""reflective"",""weekend getaway"",""complex"",""wonder"",""human android relationship"",""toxic relationship"",""loving"",""introspective"",""abusive relationship"",""inspirational"",""malfunctioning android"",""sentient machine"",""provocative"",""dramatic"",""sci-fi horror"",""admiring"",""bold"",""compassionate"",""dignified"",""earnest"",""empathetic"",""hopeful"",""objective"",""optimistic"",""scathing"",""sincere"",""sympathetic"",""tragic"",""human vs machines"",""cybernetics"",""android horror""]",/qA6MHDGDY0LyutjLUgFJRbPXLpW.jpg
1084222,Caza sangrienta (2024),"{""latino"":{""url"":""https://ok.ru/videoembed/11199713577650?autoplay=1"",""quality"":""HD""}}",/x4hebEzPIn8WeyTEQSj2jotpYzM.jpg,2026-01-23 09:43:00-03,"[28,12,27]",6.67,4.7779,2024-12-12,15,,334,"[""world war ii"",""south pacific"",""amused"",""japanese imperialism""]",
1084736,El Conde de Montecristo (2024),"{""latino"":{""url"":""https://ok.ru/videoembed/12099397945951?autoplay=1"",""quality"":""HD""}}",/r2PGzaGA7bgcuy6PX7nx0BfDYsK.jpg,2026-03-20 10:42:00-03,"[12,28,18]",7.921,7.3887,2024-06-28,B,"Violence, Threat, Injury",181,"[""based on novel or book"",""count"",""revenge"",""wrongful conviction"",""angry"",""19th century""]",/bxT8jFcWNuWK5LmVo1oGhAm4dnZ.jpg
1085218,La venganza del justiciero (2023),"{""castellano"":{""url"":""https://ok.ru/videoembed/10888979941953?autoplay=1"",""quality"":""HD""},""subtitulado"":{""url"":""https://ok.ru/videoembed/10888979745345?autoplay=1"",""quality"":""HD""}}",/A8EPXv3SV9qiNCIttIM4ezJRmhW.jpg,2026-01-24 11:30:00-03,"[53,28]",6.4,1.3082,2023-04-13,18,,960,"[""vigilante""]",/pUaRgy7grfehKq5dWLSfk1yy02p.jpg
1086497,Lecciones de un pingüino (2025),"{""subtitulado"":{""url"":""https://ok.ru/videoembed/12726371486421?autoplay=1"",""quality"":""HD""}}",/OafU0guym31vTdkPP02fUSQynZ.jpg,2026-03-28 12:41:00-03,[18],7.1,2.0473,2025-03-27,+13,"Legal Drugs, Inappropriate Language, Violence",769,"[""1970s"",""american football coach"",""sarcasm"",""penguin"",""based on true story"",""argentina"",""based on memoir or autobiography"",""school teacher"",""dramedy"",""animal human friendship""]",/bNTUgxHYaDmLo1SfRtahcM16XMi.jpg
1087092,A Cinderella Christmas Ball (2024),"{""latino"":{""url"":""https://ok.ru/videoembed/11329791724210?autoplay=1"",""quality"":""HD""}}",/zfpzJDv6iFddjbcvho5NP5UnRz0.jpg,2026-01-27 10:29:00-03,"[10749,35]",6.103,0.7005,2024-11-29,L,,1176,"[""christmas"",""cinderella story""]",
1087388,Sting (2024),"{""subtitulado"":{""url"":""https://streaam-660fef271516.herokuapp.com/watch/67b3f61eb1b60da435cbe621"",""quality"":""HD""}}",/udHL7wQ1EQtiL5FqGMq9IWIyy9z.jpg,2026-01-20 12:36:46.434715-03,"[27,53]",6.202,4.3162,2024-04-12,16,Injury,406,"[""spider"",""giant spider"",""meteor"",""alien"",""creature"",""corpse"",""apartment building"",""exterminator"",""creature feature"",""dollhouse"",""deadly creature"",""arachnophobia"",""mutant spider"",""pet owner"",""pet monster"",""poisonous spider"",""broken window"",""spider venom"",""deadly pet"",""pet spider"",""arachnid"",""air vent"",""crawling in air vent""]",/nxWLeBDkzW9py6vBAkvQ7o68ZHM.jpg
1087571,Un amor (2023),"{""castellano"":{""url"":""https://ok.ru/videoembed/11457667140264?autoplay=1"",""quality"":""HD""}}",/KFmJrOKZ0ruCObiplWePJe4jVA.jpg,2026-02-12 10:01:00-03,"[18,10749]",6.67,1.1003,2023-11-10,16,"Violence, Coarse Language",1016,"[""based on novel or book"",""desire"",""gender roles"",""sexual desire"",""subversive"",""obssession"",""adaptation"",""passionate""]",/pnw1nmNLsyVYaH6QmEBgNsorz0A.jpg
1092073,La leyenda de Saint Joseph (2023),"{""latino"":{""url"":""https://ok.ru/videoembed/9389914262140?autoplay=1"",""quality"":""HD""}}",/ck9tMVSvGmkPuQvOezhfpYJMgs8.jpg,2026-02-14 00:07:00-03,"[27,53]",6.234,1.6783,2023-02-26,18,,864,[],
1092806,Bibi (2023),"{""latino"":{""url"":""https://ok.ru/videoembed/12477866248766?autoplay=1"",""quality"":""HD""}}",/dPtIosJaXBlBADfTqhYY2suRuhi.jpg,2026-04-03 23:28:00-03,"[27,53,18]",7.375,0.7964,2023-06-29,14,,1135,[],/oFeJDUJVtXqU2697glYGQamAOo3.jpg
1093995,Misión suicida (2024),"{""latino"":{""url"":""https://ok.ru/videoembed/7932154350331?autoplay=1"",""quality"":""HD""}}",/naYxXiVGudVNbJ3KgbG91Bg6xOQ.jpg,2026-03-09 20:21:00-03,"[28,53]",6.082,2.4378,2024-05-02,NR,,697,"[""conspiracy thriller""]",/yky6Dsxbv5ItMepk8GGu23K6Mvs.jpg
1096642,Los lazos que nos unen (2025),"{""subtitulado"":{""url"":""https://ok.ru/videoembed/10902546287165?autoplay=1"",""quality"":""HD""}}",/113xZCRj3ak30zh1xUFv6hQoPgn.jpg,2026-02-07 19:33:00-03,[18],7.148,4.799,2025-02-19,12,Stressful Scenes,332,"[""adoption"",""family's daily life"",""family relationships"",""adoptive mother"",""neighbor"",""cohabitation"",""family bonding"",""personal relationships"",""transformative journey""]",/7UABiSiMvOKXU6kxNrStIUo2IVM.jpg
1096838,El más allá (2024),"{""latino"":{""url"":""https://ok.ru/videoembed/11328854887090?autoplay=1"",""quality"":""HD""}}",/uLbFoMTwi3vDzUfNpg1Va19F7HC.jpg,2026-01-25 10:07:00-03,"[27,53]",5.457,0.7846,2024-07-25,PG-13,,1144,"[""drowning"",""rome, italy"",""teacher"",""reanimation"",""mute"",""life after death"",""animal cruelty"",""lip reading"",""serious accident"",""mother daughter relationship""]",/gJduZE3cAmLVQknEfiR5t0vT4Ie.jpg
1097549,Babygirl: Deseo Prohibido (2024),"{""latino"":{""url"":""https://ok.ru/videoembed/12816261581436?autoplay=1"",""quality"":""HD""},""castellano"":{""url"":""https://ok.ru/videoembed/12844777933436?autoplay=1"",""quality"":""HD""},""subtitulado"":{""url"":""https://ok.ru/videoembed/12844784552572?autoplay=1"",""quality"":""HD""}}",/ixaiQ2P8szjWdG9Uk8KXBfwI5Df.jpg,2026-03-19 14:55:00-03,"[10749,53]",5.694,14.2526,2024-12-25,C,Sexuality,99,"[""infidelity"",""new york city"",""husband wife relationship"",""sexual frustration"",""sexuality"",""eroticism"",""seduction"",""workplace"",""female protagonist"",""married woman"",""ceo"",""intern"",""woman director"",""submission"",""taboo sex"",""masculinity"",""female sexuality"",""innuendo"",""erotic thriller"",""workplace romance"",""unfaithful wife"",""sex"",""young man seduces old lady"",""age-gap relationship"",""kink"",""power dynamics"",""employee boss relationship""]",/s7vWRjcfRVMW8tBIxhC3UhKxRoo.jpg
1100094,Escalada de violencia (2023),"{""latino"":{""url"":""https://ok.ru/videoembed/12306958191169?autoplay=1"",""quality"":""HD""},""subtitulado"":{""url"":""https://ok.ru/videoembed/12306958453313?autoplay=1"",""quality"":""HD""}}",/rQhtEUJ225dHIqRXCYp7eDcyYsO.jpg,2026-03-02 21:00:00-03,"[28,53,80]",6.667,2.0743,2023-09-01,,,765,"[""police brutality"",""police"",""murder"",""conspiracy""]",/3zxMuBEJSUzLXJmpQHFcSkIgymZ.jpg
1100099,El tiempo que tenemos (2024),"{""latino"":{""url"":""https://streaam-660fef271516.herokuapp.com/watch/67b3fab5b1b60da435cbe62c"",""quality"":""HD""},""subtitulado"":{""url"":""https://streaam-660fef271516.herokuapp.com/watch/67b3faf1b1b60da435cbe62d"",""quality"":""HD""}}",/RiE4GRCOgSS9OgDi4nUuEvgGyK.jpg,2026-01-20 12:36:46.434715-03,"[10749,18]",7.251,4.2322,2024-10-10,R,"Sexual Content, Coarse Language",414,"[""marriage"",""father"",""family relationships"",""romance"",""love"",""parenthood"",""relationship"",""family"",""tearjerker"",""kids"",""sick mother"",""love story"",""moving"",""modern"",""sad"",""bittersweet"",""heartfelt"",""romantic"",""meaningful""]",/4t8IXJF4umwCfbdpeKLvlN3zkKp.jpg
1100800,El piloto (2025),"{""castellano"":{""url"":""https://ok.ru/videoembed/11560153909825?autoplay=1"",""quality"":""HD""},""subtitulado"":{""url"":""https://ok.ru/videoembed/11560154237505?autoplay=1"",""quality"":""HD""}}",/84i5fUkQnqGqv7HrKrpddp9c00S.jpg,2026-02-03 12:52:00-03,"[18,10749]",6,1.2255,2025-09-27,16,,982,[],/do1gRHPQJISOVEglcTToRgcBtOq.jpg
1103437,No alimentes a los niños (2025),"{""latino"":{""url"":""https://ok.ru/videoembed/10974774495806?autoplay=1"",""quality"":""HD""}}",/1sD3bzoV2wjDeeHgkocGtCkuQbb.jpg,2026-02-11 09:13:00-03,"[27,53]",6.174,5.1689,2025-07-03,,,289,"[""child abuse"",""psychopath"",""apocalypse"",""cat and mouse"",""children on the run"",""dead parents"",""child kidnapping"",""trapped in a house"",""prisoners"",""grieving mother"",""absurd"",""orphans"",""children"",""orphan girl""]",/1J5n9DDQN62pKkyTwzxr3wvZTzU.jpg
1103621,Cómo ganar millones antes de que muera la abuela (2024),"{""latino"":{""url"":""https://streaam-660fef271516.herokuapp.com/watch/6795016e841e10cfdcab0dc6"",""quality"":""HD""}}",/fgWhmlpxPEJQTZeKOAEPlgrD0lB.jpg,2026-01-20 12:36:46.193763-03,[18],8.1,4.1738,2024-04-04,7,Fear,425,"[""mother"",""father"",""family relationships"",""coming of age"",""tearjerker"",""grandmother"",""personal relationships"",""caregiver patient relationship"",""age-gap relationship"",""heartfelt"",""intimate"",""life"",""south asian family"",""sentimental"",""adoring"",""instructive"",""sympathetic""]",
1109086,War 2 (2025),"{""latino"":{""url"":""https://ok.ru/videoembed/12058588482113?autoplay=1"",""quality"":""HD""}}",/2Yc8Kl2ldPpDzLrG2M5Ddv62FXB.jpg,2026-02-20 13:50:00-03,"[28,12,53]",5.9,4.7715,2025-08-13,NR,,336,[],/pKIRUTnwY3YYU9urSdsuobdcliP.jpg
1109406,Seducción (2024),"{""castellano"":{""url"":""https://ok.ru/videoembed/11559749093953?autoplay=1"",""quality"":""HD""}}",/9EjrjIVdVE9ZhbhtU3AUfgHOVVQ.jpg,2026-02-03 16:24:00-03,"[53,27]",6.9,3.8976,2024-11-10,18,,467,[],/boprqXZexBatujVC07gZzzxjWk.jpg
1109940,Tejano por casualidad (2024),"{""latino"":{""url"":""https://ok.ru/videoembed/11329785891506?autoplay=1"",""quality"":""HD""}}",/eNGKaVVtB8DCT5mZ6cOyjFg1IPO.jpg,2026-01-26 12:24:00-03,"[35,18]",6.067,1.1166,2024-03-08,PG-13,,1009,"[""based on novel or book"",""actor""]",/2e50o5n6KaFP8utQHlclpTybtIv.jpg
1114967,Movida celestial (2025),"{""latino"":{""url"":""https://ok.ru/videoembed/11813501733554?autoplay=1"",""quality"":""HD""}}",/kDLQP1bbaFBTpOSM2fuPu3yBqxA.jpg,2026-02-09 13:38:00-03,"[35,14]",7.015,6.0874,2025-10-14,R,"Legal Drugs, Inappropriate Language, Sensitive Themes",232,"[""angel"",""thoughtful"",""contemporary fantasy""]",/q2V1q2Xxwqg3uXQKufpdCtrnAdn.jpg
1115395,Los colores del mal: Rojo (2024),"{""castellano"":{""url"":""https://ok.ru/videoembed/11618897889955?autoplay=1"",""quality"":""HD""}}",/1OQAW3dtFEnQkrwrVsioTLatMuO.jpg,2026-02-05 19:06:00-03,"[80,53,9648]",6.69,0.9153,2024-05-29,16,,1090,"[""sea"",""based on novel or book"",""police"",""judge"",""past"",""prosecutor"",""dead daughter"",""investigate"",""young dead girl""]",/cLXvsCO4KfWSLaXPnJF9GL0NKeg.jpg
1115544,Mike y Nick y Nick y Alice (2026),"{""latino"":{""url"":""https://ok.ru/videoembed/12869122722419?autoplay=1"",""quality"":""HD""},""castellano"":{""url"":""https://ok.ru/videoembed/12869247830643?autoplay=1"",""quality"":""HD""},""subtitulado"":{""url"":""https://ok.ru/videoembed/12869038967411?autoplay=1"",""quality"":""HD""}}",/k6PSvLUs84QJsWLt0Zlkoa8ih6V.jpg,2026-03-29 23:13:00-03,"[35,878,80]",6.347,55.1384,2026-03-14,+16,"Drugs, Violence, Inappropriate Language",26,"[""time travel"",""time machine"",""buddy comedy"",""multi‑timeline characters"",""unpredictable situations"",""fractured friendships""]",/uNToXatdunyvWXyXMrTI1nLvh6r.jpg
1115604,El Cazador de Niños (2023),"{""latino"":{""url"":""https://ok.ru/videoembed/12306326161985?autoplay=1"",""quality"":""HD""}}",/5p0kgtUJK2M2AFpysR2Mr0BJpjx.jpg,2026-02-27 16:22:00-03,[27],5.31,2.406,2023-04-27,B-15,,702,"[""based on novel or book"",""deaf"",""supernatural creature"",""based on fairy tale"",""based on myths, legends or folklore"",""pied piper"",""based on web series"",""urban horror"",""supernatural horror"",""horror"",""child of deaf adult"",""missing children"",""based on legends"",""based on stories""]",
1115980,No More Time (2022),"{""subtitulado"":{""url"":""https://ok.ru/videoembed/13404695235085?autoplay=1"",""quality"":""HD""}}",/3vo6zLoM9g4oiKJBdqnxNDYdYv1.jpg,2026-04-03 22:29:00-03,"[27,53]",1,0.6941,2022-09-23,16,,1178,[],/cOGoPKxRoYpc7t4lanbfhD3U5WD.jpg
1117857,En sueños (2025),"{""latino"":{""url"":""https://ok.ru/videoembed/11328941001394?autoplay=1"",""quality"":""HD""}}",/z2v3lNAA2ymrZuKof4J2vqFIBdw.jpg,2026-01-25 13:28:00-03,"[16,10751,35,12,14]",6.885,4.5697,2025-11-07,PG,,373,"[""magic"",""wish"",""family"",""dream""]",/cTuFz80FozP54Aob9TYl4mF1wKk.jpg
1119090,Soy Frankelda (2025),"{""latino"":{""url"":""https://ok.ru/videoembed/10173426829920?autoplay=1"",""quality"":""HD""}}",/rh3HNzV7o8ouH4NnCuL76OFPFBF.jpg,2026-03-30 22:58:00-03,"[16,10751,14,27]",8.3,5.9672,2025-10-23,A,,241,"[""mexico"",""musical"",""sequel"",""prequel"",""stop motion"",""writer"",""gothic horror"",""ghost"",""dark fantasy"",""19th century"",""animated horror"",""supernatural horror"",""based on tv series"",""horror musical""]",/pme7D46PxaOdNWika46q5VUS2CR.jpg
1121777,Una cita de muerte (2023),"{""castellano"":{""url"":""https://ok.ru/videoembed/12058588088897?autoplay=1"",""quality"":""HD""},""subtitulado"":{""url"":""https://ok.ru/videoembed/12058588219969?autoplay=1"",""quality"":""HD""}}",/iyGICnAkfVDfvLSjWiVH5RgWWaq.jpg,2026-02-20 13:28:00-03,"[35,80,53]",5,0.3015,2023-05-06,16,,1316,"[""absurd""]",/gmlozdEE43YASSy58mVcN1UNtKO.jpg
1122079,Vendetta (2022),"{""latino"":{""url"":""https://ok.ru/videoembed/10638787021439?autoplay=1"",""quality"":""HD""}}",/5E5zAgFTYiulCIZWJrFJFPolQmy.jpg,2026-01-25 10:01:00-03,"[53,878]",10,0.0362,2022-10-24,TP,,1372,[],
1126577,Hasta que la muerte nos separe (2023),"{""latino"":{""url"":""https://ok.ru/videoembed/9984047975090?autoplay=1"",""quality"":""HD""},""subtitulado"":{""url"":""https://ok.ru/videoembed/9286854117953?autoplay=1"",""quality"":""HD""}}",/pdo2Wyq3BvME9gHxcrH5RN147hg.jpg,2026-03-13 12:57:00-03,"[27,53,28]",5.727,4.0378,2023-08-03,NR,,448,[],
1127110,Diablo (2025),"{""latino"":{""url"":""https://ok.ru/videoembed/12377659935372?autoplay=1"",""quality"":""HD""}}",/zvyH4rm3cJJvTKh8Ibo9WHS3Nx9.jpg,2026-03-21 12:21:00-03,"[28,53,80]",7.305,6.4421,2025-06-13,R,,215,"[""affectation"",""ridiculous""]",/5AB4EfS39K7aQYtUim0CFfKBU6r.jpg
1127628,Esa cosa con alas (2025),"{""castellano"":{""url"":""https://ok.ru/videoembed/12808496745075?autoplay=1"",""quality"":""HD""},""subtitulado"":{""url"":""https://ok.ru/videoembed/12808454343283?autoplay=1"",""quality"":""HD""}}",/iLamE7RrYElb0AuzAjqNuN2Sq8X.jpg,2026-03-29 21:48:00-03,[18],6.516,4.6045,2025-10-17,R,,368,"[""based on novel or book"",""widower"",""death of mother"",""death of wife"",""father son relationship"",""loss of mother"",""loss of wife"",""coping"",""independent film"",""psychological drama"",""amused""]",/A7yTpiCFMWMZVf5kPXuga3WvfCH.jpg
1128187,The Beehive (2023),"{""latino"":{""url"":""https://ok.ru/videoembed/11174279121470?autoplay=1"",""quality"":""HD""}}",/j7LCz590SF1Af0XAR6jrBIiabJf.jpg,2026-02-04 21:47:00-03,"[878,18,27]",4.6,1.711,2023-11-24,M,,856,"[""alien invasion"",""family"",""bee""]",/bldnOCsSJuSDrLDbS0v3R65Tb4N.jpg
1128377,Contra las cuerdas (2026),"{""latino"":{""url"":""https://ok.ru/videoembed/12790424668734?autoplay=1"",""quality"":""HD""}}",/9VZSvEwnZOnxRLur9XIPentItAT.jpg,2026-04-03 23:21:00-03,"[53,80]",5.893,2.948,2026-01-23,R,,610,[],/AmTImtiEa13vujOEgTbqgzGcfyK.jpg
1129508,Escapando de Alemania (2024),"{""latino"":{""url"":""https://ok.ru/videoembed/11199825447602?autoplay=1"",""quality"":""HD""}}",/gagrb3LhpEghQUNPugocT0PdZtp.jpg,2026-01-25 21:18:00-03,"[36,18,10752]",6.396,1.7295,2024-04-11,PG,,848,"[""based on novel or book"",""faith"",""world war ii"",""based on true story"",""christian"",""church of jesus christ of latter-day saints"",""nazi germany"",""lds"",""missionaries"",""terry montague""]",/rc4gftC3BOULuhvE6BDrzpvVJS4.jpg
1129598,Presa (2024),"{""latino"":{""url"":""https://ok.ru/videoembed/7331374303813?autoplay=1"",""quality"":""HD""}}",/xtj8HicJPrwjdzGjk36pWsDXwGK.jpg,2026-03-28 00:30:00-03,"[28,53,27]",6,4.3515,2024-03-15,16,,400,"[""missionary"",""lion"",""kalahari"",""plane crash""]",/n3JeGELHa9V6k9mL81ItMxWLSS6.jpg
1130022,Ciudadanos soberanos (2025),"{""castellano"":{""url"":""https://ok.ru/videoembed/11201057589825?autoplay=1"",""quality"":""HD""}}",/3tKoiSTXBafXPbIyFF0eeb0KVoJ.jpg,2026-01-27 13:57:00-03,"[80,18,53]",6.8,2.0381,2025-07-11,16,,772,"[""police chief"",""true crime"",""police standoff"",""extremist"",""aggressive"",""sovereignty"",""manhunt"",""father son relationship"",""pathetic"",""drama"",""action"",""crime"",""antagonistic"",""tragic"",""tribeca"",""conspiracy theories"",""sovereign citizen""]",/ml9WFOTF3liDw3gfbCJ9c1c4DW9.jpg
1130402,Algo le pasa a mi yerno (2024),"{""castellano"":{""url"":""https://ok.ru/videoembed/11295932549697?autoplay=1"",""quality"":""HD""},""subtitulado"":{""url"":""https://ok.ru/videoembed/11295932680769?autoplay=1"",""quality"":""HD""}}",/7RfttEKbpxZJpTF7H1pprbnZOwf.jpg,2026-01-23 10:58:00-03,"[35,10751]",4.934,0.8722,2024-12-11,12,"Self-harm, Threat",1113,"[""therapist"",""psychologist"",""improvisation"",""wedding anniversary"",""man in wheelchair"",""marriage engagement"",""electro shock"",""anxiety disorder"",""phobic person""]",/8gULQzYQtlTKdchPCKbQAb5tBjG.jpg
1134607,The Marry Me Pact (2023),"{""latino"":{""url"":""https://ok.ru/videoembed/11328939952818?autoplay=1"",""quality"":""HD""}}",/aZUnDBTCmOY9MuJJUELYqs27LLU.jpg,2026-01-23 10:24:00-03,"[10770,35,10749]",5.9,0.3763,2023-10-15,0,,1284,[],/oI6I2hdfya3O9Ke8PuVMFo5w4aB.jpg
1138621,La niebla de la guerra (2025),"{""latino"":{""url"":""https://ok.ru/videoembed/11813551868594?autoplay=1"",""quality"":""HD""}}",/xuoQu6MkzBDwxdZyA34huEXRQpl.jpg,2026-03-30 23:26:00-03,[53],5.8,1.4658,2025-04-04,M,,910,[],
1140738,The Bastard Sons (2024),"{""latino"":{""url"":""https://ok.ru/videoembed/11560420444737?autoplay=1"",""quality"":""HD""},""subtitulado"":{""url"":""https://ok.ru/videoembed/11560420379201?autoplay=1"",""quality"":""HD""}}",/uoxpCAZ3KDtgDFrozsUicQNajiF.jpg,2026-02-03 16:37:00-03,"[80,53,18]",4,0.1567,2024-01-05,,,1360,[],/83chrDJQVUtR31j312FInqHkgpu.jpg
1142395,A Bet with the Matchmaker (2023),"{""latino"":{""url"":""https://ok.ru/videoembed/11329919847090?autoplay=1"",""quality"":""HD""}}",/mM2wpoKEWYBrJ0Z1qX6FpqaRrGP.jpg,2026-01-24 11:56:00-03,"[10770,35,10749]",6.875,0.3654,2023-09-26,0,,1290,[],
1142715,Río místico (2023),"{""latino"":{""url"":""https://ok.ru/videoembed/11329662356146?autoplay=1"",""quality"":""HD""}}",/j598ItZocpx47N6J20bCB8wTLDH.jpg,2026-01-24 11:42:00-03,"[10770,35,10749]",5.578,0.3493,2023-10-28,G,,1296,"[""aquarium"",""christmas romance""]",/tWg0atZFVFPKPuqzzely3dABPF5.jpg
1143019,Los Infalibles (2024),"{""latino"":{""url"":""https://ok.ru/videoembed/7342384024129?autoplay=1"",""quality"":""HD""}}",/nDrUZE24mSB54cuHEjslMLvfFRQ.jpg,2026-03-28 00:16:00-03,"[35,28]",6.3,0.8587,2024-06-20,B-15,,1116,[],/yHEFwHkU2NqRxBrAoGBfuhuqIL1.jpg
1143459,Butch vs. Sundance (2023),"{""castellano"":{""url"":""https://ok.ru/videoembed/11201057327681?autoplay=1"",""quality"":""HD""},""subtitulado"":{""url"":""https://ok.ru/videoembed/11201057655361?autoplay=1"",""quality"":""HD""}}",/nPqHXUOyzHtwbr1jSr0VBnhRDEq.jpg,2026-01-27 09:55:00-03,"[12,37]",1.333,2.0039,2023-06-16,NR,,781,[],
1144443,Sigue mi voz (2025),"{""latino"":{""url"":""https://ok.ru/videoembed/12541518482098?autoplay=1"",""quality"":""HD""},""castellano"":{""url"":""https://ok.ru/videoembed/10558314580575?autoplay=1"",""quality"":""HD""}}",/saNidIuqNyFSkCoW60cybQg3tL3.jpg,2026-03-12 21:24:00-03,"[10749,18]",7.291,3.1593,2025-09-12,12,,586,"[""based on novel or book""]",/vcrwsAYYYmVLX0c7iFqlV1pZRdT.jpg
1148189,Super Wings: Máxima Velocidad (2023),"{""latino"":{""url"":""https://ok.ru/videoembed/13367926065779?autoplay=1"",""quality"":""HD""}}",/tmc1Fd08uBYvH0iR5xSi5U1aQ8l.jpg,2026-04-16 00:07:00-03,"[16,28,12,35,10751,878]",6.3,1.4679,2023-07-20,A,Violence,909,"[""airplane"",""based on cartoon"",""robot"",""based on tv series"",""3d animation""]",/c6Grmf2Pmq4VbF2QUCiZ3iSptGt.jpg
1148745,Casi una novia (2024),"{""latino"":{""url"":""https://ok.ru/videoembed/12505156750002?autoplay=1"",""quality"":""HD""}}",/k4PX47Y7ZmDjPGh4WGZQVXkqZWI.jpg,2026-03-11 17:43:00-03,"[10770,10749,35,36]",0,0.3372,2024-02-11,12,,1303,"[""herczeg ferenc""]",/mKHBo5UCdVmHjlPYENsbHoarNUH.jpg
1151949,Fuera de las sombras (2024),"{""latino"":{""url"":""https://ok.ru/videoembed/8219080395304?autoplay=1"",""quality"":""HD""}}",/kpQVbQAMUgmwQDOSdOCSeBtdL6c.jpg,2026-03-28 00:27:00-03,"[28,80,53]",7.2,4.7105,2024-09-10,D,"Violence / Horror, Negative examples",347,"[""mission"",""martial arts"",""assassin"",""gangster"",""redemption"",""gore"",""revenge"",""gang"",""female protagonist"",""female assassin"",""one man army"",""complex"",""sympathetic""]",/3R96c2rQp6Jt1xQYX4LYdY6ETdS.jpg
1154154,Amor en la gran ciudad (2024),"{""latino"":{""url"":""https://ok.ru/videoembed/11603915049601?autoplay=1"",""quality"":""HD""}}",/yik0hh8UDnZeAQRBN0LjUnwRvVz.jpg,2026-02-13 23:37:00-03,"[10749,18]",8,2.5328,2024-10-01,14,"Legal Drugs, Violence, Sensitive Themes",676,"[""based on novel or book"",""homophobia"",""roommates"",""lgbt"",""gay romance"",""gay theme"",""itaewon"",""boys' love (bl)"",""gay bashing"",""religious mother""]",
1154725,Un mundo maravilloso (2025),"{""subtitulado"":{""url"":""https://ok.ru/videoembed/11044484483645?autoplay=1"",""quality"":""HD""}}",/t5YN7vsHePlcnhoT21xRfErJE9J.jpg,2026-02-11 22:03:00-03,"[35,18,878]",5.567,4.8021,2025-04-12,12,,331,"[""dystopia"",""mother daughter relationship"",""technophobia"",""near future"",""robots"",""dystopian future""]",/nLwMT1wZQvLkhvJOxemP0D4eo77.jpg
1155187,Infierno abandonado (2023),"{""latino"":{""url"":""https://ok.ru/videoembed/11408708930089?autoplay=1"",""quality"":""HD""}}",/102lK887k9Yo5gq2rtCHK1G9u34.jpg,2026-02-13 23:40:00-03,"[27,10770]",5.5,0.516,2023-07-07,,,1246,[],/oqIb1VyTKoTThnvykSQazGoHVyt.jpg
1156593,Culpa tuya (2024),"{""castellano"":{""url"":""https://streaam-660fef271516.herokuapp.com/watch/678bdd59ab32781603c6c286"",""quality"":""HD""}}",/1jvCVdlgInyItAUEvvvCakm1Yxz.jpg,2026-01-20 12:36:45.887344-03,"[18,10749]",7.119,18.0872,2024-12-26,NR,"Sexual Content, Illegal Drugs",80,"[""based on novel or book"",""suicide attempt"",""sequel"",""mental health"",""romantic drama""]",/k24eZq5I3jyz4htPkZCRpnUmBzE.jpg
1157680,Todo saldrá bien (2024),"{""castellano"":{""url"":""https://ok.ru/videoembed/12306328848961?autoplay=1"",""quality"":""HD""},""subtitulado"":{""url"":""https://ok.ru/videoembed/12306328717889?autoplay=1"",""quality"":""HD""}}",/1PEhxSctFV3BJAc8gWVXDhE7r2N.jpg,2026-02-27 16:19:00-03,[18],7.2,0.806,2024-05-01,14,,1131,"[""discrimination"",""lesbian history"",""homofobia"",""vejez""]",
1159452,Insumergible (2024),"{""subtitulado"":{""url"":""https://ok.ru/videoembed/10702226721345?autoplay=1"",""quality"":""HD""}}",/hALh1XLCUODTJVYIHIXxFJiXPSI.jpg,2026-01-26 20:54:00-03,"[18,36]",5.7,2.2645,2024-03-10,PG,,736,[],
1159518,Black Noise (2023),"{""latino"":{""url"":""https://ok.ru/videoembed/11296769575489?autoplay=1"",""quality"":""HD""},""subtitulado"":{""url"":""https://ok.ru/videoembed/11296769509953?autoplay=1"",""quality"":""HD""}}",/68HIXoHvNXLxTYv4rfBI78XHnEG.jpg,2026-01-25 21:23:00-03,"[28,878,27,53]",5.158,0.9603,2023-11-03,R,,1073,[],/dbtGinhWWKgQLQ0hjZHMFWxBJcJ.jpg
1159559,Scream 7 (2026),"{""latino"":{""url"":""https://ok.ru/videoembed/12595196988019?autoplay=1"",""quality"":""HD""},""castellano"":{""url"":""https://ok.ru/videoembed/12595061066355?autoplay=1"",""quality"":""HD""},""subtitulado"":{""url"":""https://ok.ru/videoembed/12595330091635?autoplay=1"",""quality"":""HD""}}",/jjyuk0edLiW8vOSnlfwWCCLpbh5.jpg,2026-03-20 16:31:00-03,"[27,9648,80]",5.9,96.3161,2026-02-25,B-15,"Violence, Threat, Injury",15,"[""mask"",""artificial intelligence (a.i.)"",""sequel"",""murder"",""serial killer"",""slasher"",""whodunit"",""killing spree"",""self-referential"",""reboot"",""crime spree"",""disturbed"",""murder mystery"",""masked villain"",""murder spree"",""teen horror"",""apathetic""]",/hz7TdCrpLLt2Dz7S3PS2HG9rpAO.jpg
1159939,Partisanos (2025),"{""latino"":{""url"":""https://ok.ru/videoembed/9709696846432?autoplay=1"",""quality"":""HD""}}",/a6AMhzCY0vlnO9KSbawvGg7c2y.jpg,2026-03-30 23:42:00-03,"[36,10752,53]",6.2,2.0151,2025-10-03,16,,778,"[""espionage"",""spy"",""world war ii"",""british spy"",""poland"",""war hero"",""polish"",""war""]",/uKYonNS8B67oYgjGIMKMCgYOnER.jpg
1160003,Noche de caza (2023),"{""subtitulado"":{""url"":""https://ok.ru/videoembed/12058583173697?autoplay=1"",""quality"":""HD""}}",/2Qp56VFCXiVJNNUstPc0BOqLfko.jpg,2026-02-20 13:25:00-03,"[27,9648,53]",6.049,0.9886,2023-10-12,,,1058,"[""independent film"",""stalked by a killer"",""convenience store"",""suspense thriller""]",/jEt4V0Qb3g8frTl2MOwPORZthVH.jpg
1160360,"Si pudiera, te daría una patada (2025)","{""latino"":{""url"":""https://ok.ru/videoembed/12541516188338?autoplay=1"",""quality"":""1080P""},""castellano"":{""url"":""https://ok.ru/videoembed/13624950196851?autoplay=1"",""quality"":""1080P""},""subtitulado"":{""url"":""https://ok.ru/videoembed/13628860533363?autoplay=1"",""quality"":""1080P""}}",/dpXbEKk1eMcXRgl62zWhNcZH4BN.jpg,2026-04-21 22:01:00-03,[18],6.362,5.9851,2025-10-10,B-15,"Drugs, Inappropriate Language, Violence",240,"[""hotel"",""therapist"",""long island, new york"",""female protagonist"",""sick child"",""motherhood"",""woman director"",""absent husband"",""psychological drama"",""mysterious illness"",""montauk""]",/eLVKuHGx9k8JgLk5JINQDmh9tRH.jpg
1161980,A Very English Christmas (2023),"{""latino"":{""url"":""https://ok.ru/videoembed/11910509234866?autoplay=1"",""quality"":""HD""}}",/gZVGCg9RWTev6whA430Ehwvm0h0.jpg,2026-02-13 23:34:00-03,"[10770,35,10749]",4,0.2858,2023-10-17,,,1323,"[""christmas"",""weihnachten""]",/8eLpNv3FTXosQiogcfitoE0tXAu.jpg
1167271,Mision en Taipei (2024),"{""subtitulado"":{""url"":""https://ok.ru/videoembed/12298555230785?autoplay=1"",""quality"":""HD""}}",/mA61NAAiox943vr7evQHgjE4V7d.jpg,2026-02-27 14:19:00-03,"[28,12,53]",6.3,3.4918,2024-09-19,B-15,"Violence, Threat, Injury",524,[],/zafjILdj6K91LOX4w4lCD48utxZ.jpg
1167307,David (2025),"{""latino"":{""url"":""https://ok.ru/videoembed/12116008700594?autoplay=1"",""quality"":""HD""}}",/bESlrLOrsQ9gKzaGQGHXKOyIUtX.jpg,2026-02-23 19:25:00-03,"[16,10751,18]",8.1,24.7434,2025-12-14,PG,,54,"[""bible"",""musical"",""prophet"",""david vs. goliath"",""independent film"",""bible prophecy"",""biblical epic""]",/oN4TQ1TxchynXlFiXFBL3NHLT54.jpg
1168190,Los hermanos demolición (2026),"{""latino"":{""url"":""https://ok.ru/videoembed/11202364443198?autoplay=1"",""quality"":""HD""},""castellano"":{""url"":""https://ok.ru/videoembed/11199645485697?autoplay=1"",""quality"":""HD""}}",/ttEESBvVrO8ngZr19qp6eBMVS9F.jpg,2026-01-29 16:03:00-03,"[28,35,80,9648]",6.812,48.0584,2026-01-28,,,29,"[""reunion"",""helicopter chase"",""brother brother relationship"",""defiant"",""loss of father""]",/cz4vLJrmaV1zJlRYbxqtvLzeLWB.jpg
1171145,Caminos del crimen (2026),"{""latino"":{""url"":""https://ok.ru/videoembed/12950000896608?autoplay=1"",""quality"":""HD""}}",/8L1IKxEfrFHmo2Zg0qjL9yAMnbP.jpg,2026-03-30 22:08:00-03,"[80,53]",7,136.9843,2026-02-11,B,"Violence, Injury",9,"[""robbery"",""based on novel or book"",""jewelry"",""los angeles, california"",""police detective"",""diamond heist"",""insurance"",""lapd"",""motorcycle chase"",""jewel robbery"",""ford mustang"",""assertive"",""bewildered"",""callous"",""antwerp diamonds""]",/kKF4gEiBDArhONlCcunHVgBp3bA.jpg
1174024,Una cena... y lo que surja (2024),"{""castellano"":{""url"":""https://ok.ru/videoembed/13669751327347?autoplay=1"",""quality"":""1080P""},""subtitulado"":{""url"":""https://ok.ru/videoembed/13669960387187?autoplay=1"",""quality"":""1080P""}}",/pzLl8ek03BzT3Ezj7jN9RRSWCsr.jpg,2026-04-24 22:42:00-03,"[35,18]",5.784,25.562,2024-04-03,16,,52,[],/8fxfzixsgVZNtZi5KUBW2OHU3Ar.jpg
1174481,El 47 (2024),"{""castellano"":{""url"":""https://ok.ru/videoembed/10072081631832?autoplay=1"",""quality"":""HD""}}",/gzdhZFz3gUTu5MneQZYozmbKsLf.jpg,2026-01-24 10:19:00-03,[18],7.4,1.8597,2024-09-06,7,,812,"[""immigrant"",""immigration law"",""biography"",""based on true story"",""immigrant family"",""dignified""]",/tZdhMgbN7R1zDMAZ0zSFxxnClcM.jpg
1177250,Forever Young (2024),"{""latino"":{""url"":""https://ok.ru/videoembed/12543182768883?autoplay=1"",""quality"":""HD""}}",/rsPcDBKRzaKSiVq75otIH0GlYd6.jpg,2026-03-11 17:09:00-03,"[878,18]",5.5,0.8987,2024-01-26,NR,,1100,[],
1179558,15 cámaras (2023),"{""latino"":{""url"":""https://ok.ru/videoembed/12298504440385?autoplay=1"",""quality"":""HD""},""subtitulado"":{""url"":""https://ok.ru/videoembed/12298505161281?autoplay=1"",""quality"":""HD""}}",/9gHxwZ8h5CvABeWxF52coIFLMXW.jpg,2026-03-02 20:19:00-03,"[27,53]",5.8,0.9716,2023-10-13,NR,,1070,"[""surveillance"",""found footage"",""intruder""]",/yRqfdiRAEPcInhbXpogpYPDY1bp.jpg
1179684,Amsterdamned II (2025),"{""subtitulado"":{""url"":""https://ok.ru/videoembed/13265181936291?autoplay=1"",""quality"":""HD""}}",/jfVZZ8vzpGTEWuBCrQlIXr4ijOD.jpg,2026-03-20 00:17:00-03,"[28,53]",5.6,3.4612,2025-11-30,12,"Violence, Fear, Coarse Language, Drugs and/or alcohol abuse",531,"[""amsterdam, netherlands"",""cop"",""killer"",""scuba diver""]",/qV3NFmHbLiYYNBiPaG2v2iZWGM.jpg
1180390,Betty y su mala suerte en el amor (2024),"{""latino"":{""url"":""https://ok.ru/videoembed/11328851544754?autoplay=1"",""quality"":""HD""}}",/e9CMswjg1C9jLaVplu7ij1YzkVo.jpg,2026-01-25 09:58:00-03,"[10770,35,10749]",6.5,0.2355,2024-01-20,,,1342,[],/bt0MZA1q0YW92UOU9xPqV0dlfzB.jpg
1180831,Trol 2 (2025),"{""latino"":{""url"":""https://ok.ru/videoembed/11910508710578?autoplay=1"",""quality"":""HD""}}",/AisyKEN1zLKRcAPpeJ5G5DaBhyw.jpg,2026-02-26 12:50:00-03,"[28,14,53]",6.524,12.1181,2025-11-30,,,120,"[""mythical creature"",""sequel"",""troll"",""kaiju"",""oslo, norway"",""monster movie"",""norwegian folklore"",""action thriller"",""indifferent""]",/lZYMXx74pWmbj5Q5jp1QaMvmuuR.jpg
1182387,Blindado: Sin Salida (2024),"{""latino"":{""url"":""https://ok.ru/videoembed/9709816580704?autoplay=1"",""quality"":""HD""}}",/hSUmtSJOslBLULMtoYK6XlqfWu7.jpg,2026-03-30 23:39:00-03,"[28,80,53]",5.6,3.1946,2024-10-30,+13,"Legal Drugs, Inappropriate Language, Violence",578,"[""gold"",""bridge"",""alcoholism"",""heist"",""car accident"",""armored truck"",""father son relationship""]",/evFChfYeD2LqobEJf8iQsrYcGTw.jpg
1182861,Romería (2025),"{""castellano"":{""url"":""https://ok.ru/videoembed/11308389632675?autoplay=1"",""quality"":""HD""}}",/svscmm7MZml1JqBMl62REnbxhjP.jpg,2026-01-28 09:23:00-03,[18],6.529,4.6386,2025-09-05,16,,358,"[""scholarship"",""heroin"",""surrealism"",""family drama"",""nostalgic"",""2000s"",""hiv/aids epidemic"",""melodramatic""]",/kohW6AcOSH2tHGNO60HGBHlaIFh.jpg
1184918,Robot Salvaje (2024),"{""latino"":{""url"":""https://streaam-660fef271516.herokuapp.com/watch/67ae65dc265c9891b0b20e53"",""quality"":""HD""}}",/a0a7RC01aTa7pOnskgJb3mCD2Ba.jpg,2026-01-20 12:36:45.887344-03,"[16,878,10751,12,18]",8.313,24.9275,2024-09-12,PG,"Threat, Stressful Scenes",53,"[""villain"",""robot"",""based on children's book"",""female villain"",""aftercreditsstinger"",""duringcreditsstinger"",""kids"",""adopted son"",""grand"",""understated"",""traditional parenting"",""intense"",""audacious"",""awestruck"",""cheerful"",""comforting""]",/mQZJoIhTEkNhCYAqcHrQqhENLdu.jpg
1186274,Ricitos de oro y los tres osos muerte y papilla (2024),"{""latino"":{""url"":""https://ok.ru/videoembed/12284680276545?autoplay=1"",""quality"":""HD""},""subtitulado"":{""url"":""https://ok.ru/videoembed/12284680145473?autoplay=1"",""quality"":""HD""}}",/w3xZSNGOCgoXOMtyhjcZM99oqOw.jpg,2026-02-27 10:21:00-03,"[27,53]",4.077,2.0098,2024-06-05,18,,779,"[""based on fairy tale"",""goldilocks & the three bears"",""independent film"",""low budget""]",
1187294,¿Quién es quién? (2024),"{""castellano"":{""url"":""https://streaam-660fef271516.herokuapp.com/watch/67ae6070265c9891b0b20e23"",""quality"":""HD""}}",/o4T0QAgm9bBWaU7kHWGD3o5b4M2.jpg,2026-01-20 12:36:46.193763-03,"[35,10751]",5.75,0.8906,2024-12-05,7,,1105,"[""remake"",""family"",""wishes come true"",""body switch""]",/khOuNCWIlYQyjmwg2NNC25qqmwQ.jpg
1187308,El silencio de Julie (2024),"{""castellano"":{""url"":""https://ok.ru/videoembed/11570627152431?autoplay=1"",""quality"":""HD""}}",/5eZzcKl6MZ9tE8HI14GxUwpWgyI.jpg,2026-01-26 12:24:00-03,[18],6,4.705,2024-10-16,12,"Self-harm, Language",349,"[""tennis"",""tennis player"",""coach"",""tennis court"",""abuse""]",/yXwJzc6beR82pg6R3BMaurH4lwq.jpg
1188714,A Dark Way Out (2023),"{""latino"":{""url"":""https://ok.ru/videoembed/11201189710401?autoplay=1"",""quality"":""HD""},""subtitulado"":{""url"":""https://ok.ru/videoembed/11201189644865?autoplay=1"",""quality"":""HD""}}",/h1HG3ZFEHYPgslHULTCLs6i3aMe.jpg,2026-01-27 10:21:00-03,"[9648,53]",2.8,0.1721,2023-08-17,14,,1358,[],/bmF3nl2OxDf2TvV7Da74BjBq7Wp.jpg
1191890,Justicia para mi hijo (2023),"{""latino"":{""url"":""https://ok.ru/videoembed/12285201287802?autoplay=1"",""quality"":""HD""}}",/dUzjimFziU3Nuig188kW9E8Xkyo.jpg,2026-03-23 19:45:00-03,"[18,53]",6.889,0.9783,2023-10-20,14,,1065,[],/v9VOFP352XjVnf5ZChMOGXAwbUK.jpg
1193115,Acosada (2025),"{""castellano"":{""url"":""https://ok.ru/videoembed/11174611716670?autoplay=1"",""quality"":""HD""}}",/dz1vbU1ExgGB1rcWTNHB1wzTCjA.jpg,2026-04-06 18:07:00-03,"[18,53]",5.77,1.4886,2025-02-19,12,,906,[],/ch2fz27m2R0qj8P3Kv992mhjNzh.jpg
1196067,Worldbreaker (2025),"{""subtitulado"":{""url"":""https://ok.ru/videoembed/13373728688653?autoplay=1"",""quality"":""HD""}}",/5BGBc8tBrSg3yD9uTSjNdpIdqo0.jpg,2026-04-03 22:32:00-03,"[878,28,27]",5.8,19.808,2025-10-30,R,,70,"[""monster"",""climate change"",""global warming"",""dystopian sci-fi""]",/gMItMzDOyrfQGZsMWRM9tdxq5cV.jpg
1196207,La Navidad en sus manos 2 (2025),"{""latino"":{""url"":""https://ok.ru/videoembed/11813551671986?autoplay=1"",""quality"":""HD""}}",/76ZIgt8seQ0fdXdXg1tyAYK2ZIf.jpg,2026-02-09 17:48:00-03,"[35,10751]",5.375,1.5623,2025-12-05,7,,892,"[""christmas""]",/X5N8GliuEHrKBydQnKcztqT7AV.jpg
1196791,Alma en llamas (2025),"{""latino"":{""url"":""https://ok.ru/videoembed/10785555548734?autoplay=1"",""quality"":""HD""}}",/soOVFNyB2ioIYFWsRNfGNt3LCoI.jpg,2026-01-21 14:32:00-03,[18],7.25,0.9382,2025-10-10,PG,,1081,"[""based on novel or book"",""faith"",""based on true story"",""burn victim"",""st. louis, missouri"",""independent film""]",/bZMZu3af1BMEj4AigsccjMAPk6J.jpg
1198754,(Pri)sons (2024),"{""latino"":{""url"":""https://ok.ru/videoembed/11076741433921?autoplay=1"",""quality"":""HD""},""subtitulado"":{""url"":""https://ok.ru/videoembed/11076741368385?autoplay=1"",""quality"":""HD""}}",/27hJ7aMgxVIU3l8BENL1kZA1tmK.jpg,2026-01-26 17:04:00-03,"[28,80,53]",6.048,0.2493,2024-02-09,18,"contains violence, may cause anxiety",1337,[],/kRoPqRW3kTcXyIEazet5zOsIwdF.jpg
1198984,We Bury the Dead (2026),"{""subtitulado"":{""url"":""https://ok.ru/videoembed/12072602438307?autoplay=1"",""quality"":""HD""}}",/zXSgwwchjmRHjfkcwdCGRqds4Mf.jpg,2026-02-07 00:22:00-03,"[27,53]",6.1,13.2711,2026-01-01,R,,107,"[""australia"",""undead"",""zombie"",""missing person"",""military"",""tasmania"",""aggressive"",""somber"",""experiment gone awry"",""apocalyptic"",""quarantine zone""]",/vbkW4KerpshPZnP84w9qwSfYrhu.jpg
1198994,¡Ayuda! (2026),"{""latino"":{""url"":""https://ok.ru/videoembed/12870754044478?autoplay=1"",""quality"":""HD""},""castellano"":{""url"":""https://ok.ru/videoembed/13201525312254?autoplay=1"",""quality"":""HD""}}",/xzM7ixyJvqvW4le3SHYq8JsqGMK.jpg,2026-04-03 21:59:00-03,"[27,53,35]",7.072,321.0363,2026-01-22,B-15,"Violence, Threat, Injury",2,"[""bullying"",""role reversal"",""survival"",""struggle for survival"",""survival horror"",""deserted island"",""power struggle"",""colleagues"",""bullying in the workplace"",""plane crash"",""gender inequality"",""comedy thriller"",""comedy horror""]",/gCmfeKmEAZBP5gcXpiqb0gii9rS.jpg
1199193,Sesión fatal (2026),"{""latino"":{""url"":""https://ok.ru/videoembed/12187961068161?autoplay=1"",""quality"":""HD""},""subtitulado"":{""url"":""https://ok.ru/videoembed/11342352419491?autoplay=1"",""quality"":""HD""}}",/h6qerkxz26qpIs8uTq9BdyemXKW.jpg,2026-03-05 21:10:00-03,[53],7.625,10.6015,2026-02-25,14,,143,[],/bAFnjhweXxHUWjmFzMTuX12Ud3b.jpg
1199974,Párvulos: Hijos del Apocalipsis (2024),"{""latino"":{""url"":""https://ok.ru/videoembed/9957576673995?autoplay=1"",""quality"":""HD""}}",/pHehmoG3gbTb5RsKWOdxqLmnhpD.jpg,2026-02-26 17:54:00-03,"[27,14]",6.5,0.957,2024-10-18,C,,1074,"[""possesion"",""zombie apocalypse""]",/mSIp4SUvsFOjA2vKnLTS5AnyR1A.jpg
1200320,Miradas asesinas (2025),"{""castellano"":{""url"":""https://ok.ru/videoembed/12151611722403?autoplay=1"",""quality"":""HD""}}",/bNHlTTdpdDv8xxrXF3krVghyCcj.jpg,2026-02-07 17:10:00-03,"[53,37]",4.8,2.6174,2025-10-03,R,,667,"[""possessed"",""devil"",""demonic possession"",""sickness"",""19th century"",""supernatural horror"",""1850s""]",
1200894,Conflicto de Amor (2024),"{""latino"":{""url"":""https://ok.ru/videoembed/12210598775423?autoplay=1"",""quality"":""HD""}}",/ng1Pi1vk9b1gha51mU3abdSdejL.jpg,2026-03-05 22:20:00-03,"[10770,35,10749]",2,0.2871,2024-04-08,,,1322,[],/lGD4oHpxgO8g9vAlfTP8gFkrnuQ.jpg
1201176,Conejos asesinos (2024),"{""latino"":{""url"":""https://ok.ru/videoembed/9389913803388?autoplay=1"",""quality"":""HD""}}",/eIP7uV0ESQIU5UY038t6YP2Tnz1.jpg,2026-02-14 00:13:00-03,"[27,35,14]",4.731,1.3535,2024-03-25,16,,949,"[""small town"",""easter bunny"",""jackalope""]",/difJwBZryh45ZlLOX4MaUQPSK5u.jpg
1201262,Grafted (2024),"{""castellano"":{""url"":""https://ok.ru/videoembed/12298520889921?autoplay=1"",""quality"":""HD""},""subtitulado"":{""url"":""https://ok.ru/videoembed/12298520693313?autoplay=1"",""quality"":""HD""}}",/xc0jVnqhRVvoMOg8eP4SDYs1M1u.jpg,2026-02-27 16:00:00-03,[27],5.7,4.4629,2024-09-12,,,386,"[""new zealand"",""body horror"",""student"",""horror""]",
1202306,Hell House LLC: Lineage (2025),"{""subtitulado"":{""url"":""https://ok.ru/videoembed/11147245783758?autoplay=1"",""quality"":""HD""}}",/vFZo2cUEF16gsY5lhewOLFA7CBC.jpg,2026-01-21 09:34:00-03,"[27,9648]",4.529,2.5202,2025-08-22,18+,,679,"[""clown"",""state fair"",""haunted"",""carnival worker"",""baffled""]",/lKGUaVHu6QX4vnfjxXIWcogeUR1.jpg
1205225,Las Puertas del Infierno (2025),"{""latino"":{""url"":""https://ok.ru/videoembed/11793053321857?autoplay=1"",""quality"":""HD""}}",/ewX4PCrmnPUXH7LkDYKdGsdDtlS.jpg,2026-02-24 17:25:00-03,"[27,53,28]",6.227,7.7915,2025-04-08,14,,178,"[""apocalypse"",""demonic possession"",""abandoned church""]",/5arE7ysejlE2byGyakuUrR5TmUt.jpg
1206008,Ella McCay (2025),"{""latino"":{""url"":""https://ok.ru/videoembed/11202276297278?autoplay=1"",""quality"":""HD""}}",/dzSSqQTH9FwOrmias839JoA329L.jpg,2026-02-07 15:10:00-03,"[35,18]",5.7,5.0848,2025-12-11,PG-13,,295,"[""politics"",""aunt"",""dysfunctional family"",""political scandal"",""governer"",""absurd"",""ambiguous"",""baffled"",""woman""]",/9cd1zsxcOAcBW01WDOWz8EODTS0.jpg
1207162,El Último Conquistador (2026),"{""latino"":{""url"":""https://ok.ru/videoembed/13713257073267?autoplay=1"",""quality"":""1080P""},""subtitulado"":{""url"":""https://ok.ru/videoembed/13713428318835?autoplay=1"",""quality"":""1080P""}}",/oBKLdMvotFzZyaG39hRwJUJRzfJ.jpg,2026-04-24 22:48:00-03,"[36,28,12,10752]",0,28.8378,2026-04-09,16,Violence / Horror,42,"[""historical drama"",""warrior"",""physical disability"",""uzbekistan"",""14th century"",""historical epic"",""central asia"",""based on real person""]",/qV42S4n6HC1kz97yJKSpAZjiQ6j.jpg
1208284,El gran golpe del este (2024),"{""latino"":{""url"":""https://ok.ru/videoembed/12294560418399?autoplay=1"",""quality"":""HD""}}",/1CmrueLuJqoDCqo8l1BMrYwUg7p.jpg,2026-03-22 21:59:00-03,"[35,18,80,10749]",6.3,1.982,2024-07-25,12,"Criminal Acts, Legal Drugs, Violence",786,"[""german democratic republic"",""money laundering"",""east germany"",""1990s"",""german reunification""]",
1208561,Art of Eight Limbs (2024),"{""latino"":{""url"":""https://ok.ru/videoembed/11328936807090?autoplay=1"",""quality"":""HD""}}",/fMN3YAtIb8MgkGs46fhjxC7f5JG.jpg,2026-01-23 14:19:00-03,"[28,53]",6.357,3.6274,2024-08-16,R,,504,"[""martial arts"",""undercover agent"",""action thriller""]",/cVzAhirOhKh91AB1TFcGn0Rh5c3.jpg
1212662,A Scottish Love Scheme (2024),"{""castellano"":{""url"":""https://ok.ru/videoembed/10916442737281?autoplay=1"",""quality"":""HD""}}",/mU27y1agaBDnDWgc3ypm1b2qNC0.jpg,2026-02-07 19:35:00-03,"[10770,10749]",6.8,0.2759,2024-01-04,7,,1326,[],/vG25UlRgxKVYxfQsSVFwBFaHZB9.jpg
1212742,La ley de Jenny Pen (2025),"{""castellano"":{""url"":""https://ok.ru/videoembed/11369186724481?autoplay=1"",""quality"":""HD""}}",/5JclbA9aFQmkipu2S2b80FfwRPj.jpg,2026-02-04 15:40:00-03,"[27,53,9648]",6,5.4489,2025-03-07,R,"Violence, Fear, Coarse Language",265,"[""sadism"",""dementia"",""doll"",""based on short story"",""retirement community"",""disturbed"",""supernatural horror""]",/eftVUg9R1lys3wT8kHJqMaK64m7.jpg
1212855,Fight or Flight (Sicarios en el aire) (2025),"{""latino"":{""url"":""https://ok.ru/videoembed/11201191217729?autoplay=1"",""quality"":""HD""},""castellano"":{""url"":""https://ok.ru/videoembed/11201191152193?autoplay=1"",""quality"":""HD""}}",/c8yjsPIZV4PLTzlb4G8LFMJT7gt.jpg,2026-01-27 07:46:00-03,"[28,35,53]",6.25,4.2149,2025-04-03,R,"Violence / Horror, Negative examples",417,"[""mercenary"",""dark comedy"",""frantic"",""fight or flight""]",
1213898,Violencia En La Frontera 2 (2026),"{""latino"":{""url"":""https://ok.ru/videoembed/13353459583584?autoplay=1"",""quality"":""HD""}}",/uOgPx1Yvxk4Iy76OKSNs9cXq7cW.jpg,2026-03-29 23:54:00-03,"[28,18,10752]",6.7,6.6681,2026-01-23,R,"Violence, Fear, Coarse Language",208,"[""1970s"",""based on true story"",""sequel"",""indian army"",""historical drama"",""india pakistan war"",""historical epic"",""war drama"",""indian air force"",""india pakistan conflict"",""epic drama""]",/fzo85eKFEjfmJ781gubJQjpQAwF.jpg
1214684,El beso de la mujer araña (2025),"{""latino"":{""url"":""https://ok.ru/videoembed/12879762557618?autoplay=1"",""quality"":""HD""}}",/zaoU72Plta8MY9K6PVEx0LSyuts.jpg,2026-03-28 11:21:00-03,"[10749,10402,18,53]",5.912,2.4692,2025-10-09,B-15,,693,"[""prison"",""based on novel or book"",""politics"",""homophobia"",""male friendship"",""musical"",""based on play or musical"",""male homosexuality"",""argentina"",""torture"",""informant"",""fantasy sequence"",""revolutionary"",""lgbt"",""political corruption"",""non conformity"",""dirty war"",""window dresser"",""political prisoner"",""1980s"",""film within a film"",""latin america"",""gay theme"",""musical adaptation"",""transgender"",""political drama"",""audacious"",""bold"",""quid pro quo"",""musical drama""]",/o6ZPIWSnNWqoTjy8lSgGc1KHkLv.jpg
1215020,Red tóxica (2025),"{""latino"":{""url"":""https://ok.ru/videoembed/13524278381171?autoplay=1"",""quality"":""1080P""},""subtitulado"":{""url"":""https://ok.ru/videoembed/13524320520819?autoplay=1"",""quality"":""1080P""}}",/1ATqivj1tU15mqYYCGGutHQmopR.jpg,2026-04-21 21:39:00-03,"[53,9648]",5.51,7.1378,2025-09-19,16,,191,"[""obsession"",""justice"",""social media"",""woman director"",""cyber thriller"",""dating app"",""social media influencer"",""dark web"",""dark"",""cyberviolence"",""psychological"",""hate"",""content creators"",""content moderation"",""violence"",""declining mental health""]",/y8vFE8zsOJkUud6ea0uVaOVPo6y.jpg
1216780,Tonterías de amor,"{""latino"":{""url"":""https://ok.ru/videoembed/10775560784446?autoplay=1"",""quality"":""HD""}}",/nAI8kxnjQS0YBj0EBy2yYkadM6K.jpg,2026-01-21 08:24:00-03,"[10749,35,18]",6.019,1.0265,2025-03-01,PG-13,,1043,[],/lFz7HFWLmBVoa7kITzWEsT9tsEL.jpg
1217483,El tesoro de Keops (2025),"{""latino"":{""url"":""https://ok.ru/videoembed/11295938775617?autoplay=1"",""quality"":""HD""},""castellano"":{""url"":""https://ok.ru/videoembed/11295938710081?autoplay=1"",""quality"":""HD""},""subtitulado"":{""url"":""https://ok.ru/videoembed/11295938906689?autoplay=1"",""quality"":""HD""}}",/4sic9AsYo2dyIUQdSKzw9XpuW03.jpg,2026-01-26 12:28:00-03,"[12,35]",5.941,1.6659,2025-03-05,12,,867,"[""egypt"",""treasure"",""paris, france"",""louvre museum"",""archeology"",""quest"",""french family"",""ancient treasures""]",
1219533,冒险王 (2023),"{""latino"":{""url"":""https://ok.ru/videoembed/11329298893490?autoplay=1"",""quality"":""HD""}}",/8U8xcPEnAU6qeqNDUha7tMkqOb3.jpg,2026-01-21 22:09:00-03,"[28,53]",6.2,0.1045,2023-12-17,12,,1366,[],/dQXb9ShGAOncuCKtwKFQRjiGsu3.jpg
1221673,Buscando al señor Darcy (2024),"{""latino"":{""url"":""https://ok.ru/videoembed/11304260078142?autoplay=1"",""quality"":""HD""},""castellano"":{""url"":""https://ok.ru/videoembed/10916442409601?autoplay=1"",""quality"":""HD""}}",/jQYAtQdzIWQUTQxsFCSb1LlM0HX.jpg,2026-04-06 18:04:00-03,"[10770,35,10749]",6.3,0.6755,2024-02-03,G,,1187,"[""loveuary"",""hallmark""]",/dwMt89gMCzIIWdcuyNSTLFXVkWW.jpg
1223601,Sisu: Camino a la venganza (2025),"{""latino"":{""url"":""https://ok.ru/videoembed/10305180732000?autoplay=1"",""quality"":""HD""},""castellano"":{""url"":""https://ok.ru/videoembed/11167634819699?autoplay=1"",""quality"":""HD""}}",/mM92ShBRS17LdUemUY2ca79EyMo.jpg,2026-03-30 23:09:00-03,"[28,10752]",7.344,26.4783,2025-10-21,C,"Violence, Injury",48,"[""sequel"",""karelia"",""venganza"",""secuela""]",
1224327,Regresa a casa (2024),"{""latino"":{""url"":""https://ok.ru/videoembed/11296766888513?autoplay=1"",""quality"":""HD""},""subtitulado"":{""url"":""https://ok.ru/videoembed/11296766757441?autoplay=1"",""quality"":""HD""}}",/9Go4QokXsLBOdwB087Py9DJUI0a.jpg,2026-02-03 16:27:00-03,"[53,18,27]",8,3.2363,2024-10-01,,,567,[],/7iISIc8El8PLePBDa9WjC3Acae8.jpg
1225572,Screamboat La Masacre Del Ratón (2025),"{""latino"":{""url"":""https://ok.ru/videoembed/12202368830081?autoplay=1"",""quality"":""HD""},""castellano"":{""url"":""https://ok.ru/videoembed/13330869979811?autoplay=1"",""quality"":""HD""},""subtitulado"":{""url"":""https://ok.ru/videoembed/10570498509377?autoplay=1"",""quality"":""HD""}}",/yiEHqG7CE8Eaar95qDeFSDDmbaJ.jpg,2026-03-23 20:50:00-03,"[27,35]",5.102,5.4405,2025-03-20,C,"Extreme Violence, Drugs, Sexual Content",268,"[""based on cartoon"",""independent film"",""slasher horror"",""fight for survival""]",/n6IPjfSwyKqLungH8EHX3ZldodS.jpg
1226306,Katas (2024),"{""subtitulado"":{""url"":""https://ok.ru/videoembed/12914838276729?autoplay=1"",""quality"":""HD""}}",/A4STltM7G30jZmagHnfmoXHzqi0.jpg,2026-04-03 23:11:00-03,"[18,53]",5.2,5.0478,2024-02-09,19,,299,"[""sexy""]",/jhELS7ytRJYeGZkWp25UHa0CKBx.jpg
1226863,Super Mario Galaxy: La película (2026),"{""latino"":{""url"":""https://ok.ru/videoembed/12834355874475?autoplay=1"",""quality"":""HDCAM""}}",/eEfzkiW28Y3BaHjjgFNkFERNKiK.jpg,2026-04-02 16:40:00-03,"[12,16,35,10751,14]",6.92,589.0971,2026-04-01,A,Threat,1,"[""galaxy"",""friendship"",""sibling relationship"",""space travel"",""turtle"",""sequel"",""slapstick comedy"",""magic mushroom"",""robot"",""based on video game"",""nostalgic"",""buddy comedy"",""aftercreditsstinger"",""duringcreditsstinger"",""globetrotting"",""space adventure"",""frantic"",""children's adventure"",""father son relationship"",""parallel universe"",""brother brother relationship"",""talking animal"",""magic land"",""fictional country""]",/kxQiIJ4gVcD3K6o14MJ72p5yRcE.jpg
1229563,La Ola (2025),"{""latino"":{""url"":""https://ok.ru/videoembed/11813552065202?autoplay=1"",""quality"":""HD""}}",/8rpaTm7G3bg2DiPOXEamfazsMTO.jpg,2026-02-09 19:07:00-03,"[10402,18]",4.2,0.5665,2025-08-28,14,,1227,"[""musical"",""sexual harassment"",""protest march"",""campus life""]",/R8ohCHYFJfjqj33o6sKFKQGJbB.jpg
1231623,A Christmas Castle Proposal: A Royal in Paradise II (2024),"{""latino"":{""url"":""https://ok.ru/videoembed/12210237868671?autoplay=1"",""quality"":""HD""}}",/f1vhK5Lz3N7OIETraPjnTqZtZkN.jpg,2026-03-05 21:44:00-03,"[10749,35]",7.409,2.819,2024-10-26,,,630,"[""romcom"",""sequel""]",/fs3PFWJW8K4YTBVv9a0D7usIjgs.jpg
1232827,La chica de la aguja (2024),"{""castellano"":{""url"":""https://ok.ru/videoembed/10948631857910?autoplay=1"",""quality"":""HD""}}",/7AXkSJ9zVSTL7vzTeBryx22kYDa.jpg,2026-01-30 10:32:00-03,"[18,36]",7.6,3.7524,2024-09-06,16,"Violence, Self-harm",484,"[""based on true story"",""tribunal"",""post world war i"",""black and white"",""dramatic"",""pessimistic"",""assassino em série"",""gravidez""]",/uwACVNL5OpiI3oT72DVGxnU4SRV.jpg
1233506,El hombre menguante (2025),"{""latino"":{""url"":""https://ok.ru/videoembed/13524597869171?autoplay=1"",""quality"":""1080P""},""castellano"":{""url"":""https://ok.ru/videoembed/13524557302387?autoplay=1"",""quality"":""1080P""},""subtitulado"":{""url"":""https://ok.ru/videoembed/13524651739763?autoplay=1"",""quality"":""1080P""}}",/S0oh1bdA1zbhuqgbSSAQcY50U5.jpg,2026-04-21 21:25:00-03,"[12,878]",5.958,23.164,2025-10-22,12,"Threat, Stressful Scenes",57,"[""based on novel or book"",""shrinking"",""remake"",""survival"",""philosophical""]",/pgvn1tazqI9mZaRCNQUqNr3umvG.jpg
1234731,Anaconda (2025),"{""castellano"":{""url"":""https://ok.ru/videoembed/11194483870337?autoplay=1"",""quality"":""HD""}}",/zX1KJPiGTrzpFcjfOWlmqdRgpQd.jpg,2026-02-04 20:22:00-03,"[12,35,27]",5.861,74.9808,2025-12-24,PG-13,"Drugs, Inappropriate Language, Violence",20,"[""snake"",""animal attack"",""amazon rainforest"",""film in film"",""jungle"",""reptile"",""anaconda"",""reboot"",""animal horror"",""meta"",""hilarious"",""amused"",""awestruck"",""bold""]",/swxhEJsAWms6X1fDZ4HdbvYBSf9.jpg
1235192,Wormtown (2025),"{""subtitulado"":{""url"":""https://ok.ru/videoembed/11515489159886?autoplay=1"",""quality"":""HD""}}",/9sZZ8dOHlpEVVH5JOLjGlUykQ8h.jpg,2026-02-20 19:00:00-03,"[878,27,12]",4.5,0.7442,2025-09-27,NR,,1158,[],/wfGDy0KVZsiQpGgYoxObUGgccwk.jpg
1235299,El día que todo cambió (2024),"{""latino"":{""url"":""https://ok.ru/videoembed/13362369399459?autoplay=1"",""quality"":""HD""}}",/691eg5Ao7RKkr2QxwHcN2lQ37Dg.jpg,2026-03-20 00:12:00-03,"[28,53]",7.25,0.6817,2024-02-22,C,,1185,[],/5mdYD3zHqMHHROcAKAT6lG6kyS0.jpg
1235499,La Última Gran Actuación (2024),"{""castellano"":{""url"":""https://ok.ru/videoembed/12284671035969?autoplay=1"",""quality"":""HD""},""subtitulado"":{""url"":""https://ok.ru/videoembed/12284674443841?autoplay=1"",""quality"":""HD""}}",/erDp5Pj6JbMVtUGWCfVAEtPNKBz.jpg,2026-02-27 10:14:00-03,[18],6.4,1.9045,2024-12-13,R,"Threat, Language",802,"[""female friendship"",""female protagonist"",""las vegas"",""audition"",""showgirl"",""woman director"",""mother daughter relationship""]",/sfhhJmKJBidavKSnCd8ZIMFOOup.jpg
1235746,Muerte en la nieve (2025),"{""castellano"":{""url"":""https://ok.ru/videoembed/11342556367523?autoplay=1"",""quality"":""HD""}}",/Ac0Lm6Pj5LT2joGfMWmmLf5hRi9.jpg,2026-01-26 17:38:00-03,"[53,28]",6.463,7.9723,2025-09-23,R,"Violence, Coarse Language",176,"[""kidnapping"",""minnesota"",""fisherman"",""snow"",""cabin"",""kurdistan"",""hard"",""frozen lake"",""fisherwoman"",""bitter"",""admiring"",""antagonistic"",""snow storm""]",/81T9IcPK3bF2RbJyKURa4rF4sxM.jpg
1236153,Sin piedad (2026),"{""latino"":{""url"":""https://ok.ru/videoembed/11968571509344?autoplay=1"",""quality"":""HD""}}",/9zBNg8koM3fjUTPT7QeJHuGG2r9.jpg,2026-03-30 22:27:00-03,"[878,28,53]",7.016,36.9772,2026-01-20,B,"Threat, Injury",34,"[""race against time"",""mission"",""artificial intelligence (a.i.)"",""bomb"",""kidnapping"",""los angeles, california"",""false accusations"",""innocent suspect"",""father daughter relationship"",""criminal justice system"",""evidence room"",""near future"",""screenlife"",""crime"",""dystopian sci-fi""]",/gIClklFGYBe0uiOoiP2vtocJbss.jpg
1236470,Laberinto en llamas (2025),"{""subtitulado"":{""url"":""https://ok.ru/videoembed/11295930518081?autoplay=1"",""quality"":""HD""}}",/8n0kkUc4wKknqEJfq8eErWrvvUL.jpg,2026-01-27 07:38:00-03,"[18,9648,53]",7.097,6.1019,2025-09-19,R,,229,"[""california"",""based on novel or book"",""based on true story"",""struggle for survival"",""single father"",""school bus"",""schoolteacher"",""2010s"",""firemen"",""children in danger"",""harrowing""]",
1237082,31 Minutos: Calurosa Navidad (2025),"{""latino"":{""url"":""https://ok.ru/videoembed/11199680744114?autoplay=1"",""quality"":""HD""}}",/dv9UrOoicRiMGkzr2oj2YwSFY2K.jpg,2026-01-24 17:27:00-03,"[10751,35,12,10402]",7.766,2.5322,2025-11-19,PG,,677,"[""puppet"",""saving christmas"",""chile"",""christmas"",""chilean"",""sock puppet"",""latin america"",""31 minutos""]",/3NNoi1GC26017b40g38QBQDZCe5.jpg
1238188,El cautivo (2025),"{""castellano"":{""url"":""https://ok.ru/videoembed/10999447030526?autoplay=1"",""quality"":""HD""},""subtitulado"":{""url"":""https://ok.ru/videoembed/11481429838582?autoplay=1"",""quality"":""HD""}}",/2vfxMQ3WEA8goCH7LXlAzED9aed.jpg,2026-01-24 11:33:00-03,"[18,36]",6.7,4.5147,2025-09-12,16,,379,"[""lgbt"",""gay theme""]",
1241231,Rehenes en la noche (2024),"{""latino"":{""url"":""https://ok.ru/videoembed/11329297779378?autoplay=1"",""quality"":""HD""}}",/AkLm7bLUP2pauP6i6zdktzf9iPt.jpg,2026-01-23 06:53:00-03,"[53,28]",5.821,0.6242,2024-02-23,16,,1210,[],/hKIWpQlHgbMGvt1p9GptL3Q7k5l.jpg
1241674,El último aliento (2024),"{""castellano"":{""url"":""https://ok.ru/videoembed/7328800180805?autoplay=1"",""quality"":""HD""}}",/aC892vhMsNwcIUX5UfrsTSy9IL9.jpg,2026-03-28 00:32:00-03,"[27,53]",6,1.69,2024-06-28,B,,861,[],/4wXTv2LhZrVWIyIHG4dVIsjxCon.jpg
1241693,"Nosotros, lejos del ruido (2026)","{""castellano"":{""url"":""https://ok.ru/videoembed/13570596145779?autoplay=1"",""quality"":""1080P""},""subtitulado"":{""url"":""https://ok.ru/videoembed/13570913471091?autoplay=1"",""quality"":""1080P""}}",/9sDm6gfWbjDD1QphiOOqiCrvec9.jpg,2026-04-21 21:55:00-03,"[10749,18,35]",5.6,11.8146,2026-02-20,PG-13,,123,[],/tAh0dkZiOSICkRlv9wXOsvcNl4s.jpg
1241921,Un gran viaje atrevido y maravilloso (2025),"{""latino"":{""url"":""https://ok.ru/videoembed/11076739861057?autoplay=1"",""quality"":""HD""}}",/7Ja9exbCZBl3TEHRTWPESHoiln0.jpg,2026-01-27 07:33:00-03,"[10749,14,18]",6.3,5.6145,2025-09-17,R,"Stressful Scenes, Language",252,"[""door"",""journey"",""memories""]",/2ha0wAOqrUcLScStWQcgeOOXapQ.jpg
1241934,Policías de la mafia (2025),"{""latino"":{""url"":""https://ok.ru/videoembed/12505177590450?autoplay=1"",""quality"":""HD""}}",/6bPAC4sHupPb7Kr8e2T2Ltnhdpn.jpg,2026-03-11 20:16:00-03,"[80,18]",5.95,1.4944,2025-04-25,R,,904,"[""dirty cop"",""nypd"",""mob"",""retired cop"",""book""]",/2Iv6b4fvgn1dfCW2jbcrpJhqNOp.jpg
1241982,Moana 2,"{""latino"":{""url"":""https://stek57-bb2b53411dc1.herokuapp.com/watch/67c52c8307884f0f91e567f6"",""quality"":""HD""}}",/bit1B5F7IQydiWqdwAAD8f9TkXs.jpg,2026-01-20 12:36:46.434715-03,"[16,12,10751,35,14]",6.998,25.8119,2024-11-21,PG,Fear,51,"[""sea"",""ocean"",""villain"",""musical"",""sequel"",""coming of age"",""explorer"",""duringcreditsstinger"",""polynesia"",""seafarer"",""hopeful"",""female explorer""]",/zo8CIjJ2nfNOevqNajwMRO6Hwka.jpg
1242404,Steve (2025),"{""latino"":{""url"":""https://ok.ru/videoembed/11560429423169?autoplay=1"",""quality"":""HD""},""castellano"":{""url"":""https://ok.ru/videoembed/11560429488705?autoplay=1"",""quality"":""HD""},""subtitulado"":{""url"":""https://ok.ru/videoembed/11560429357633?autoplay=1"",""quality"":""HD""}}",/wmLoMyofbseLfxiGgk1Iz5H97c3.jpg,2026-02-04 15:23:00-03,[18],6.4,3.5181,2025-09-19,,,514,"[""based on novel or book"",""teacher"",""reform school"",""aggressive"",""1990s"",""direct"",""matter of fact""]",/sb8Aq1RohASXyjT0uEOUUZJi5oI.jpg
1242426,Momentos para recordar (2025),"{""castellano"":{""url"":""https://ok.ru/videoembed/12683521952430?autoplay=1"",""quality"":""HD""},""subtitulado"":{""url"":""https://ok.ru/videoembed/12157774531133?autoplay=1"",""quality"":""HD""}}",/t3f2wjbmoBICLtqC6q1lQice6Pk.jpg,2026-03-11 17:31:00-03,"[35,18]",6.5,3.3744,2025-09-17,12,,547,[],/jLIo4hsxGUZI0Qi724rw4MRQmGd.jpg
1242898,Depredador: Tierras salvajes (2025),"{""latino"":{""url"":""https://ok.ru/videoembed/13118768679486?autoplay=1"",""quality"":""HD""}}",/ef2QSeBkrYhAdfsWGXmp0lvH0T1.jpg,2026-03-30 23:50:00-03,"[28,878,12]",7.7,69.3161,2025-11-05,B,Violence,22,"[""survival"",""outcast"",""alien planet"",""team up"",""intense"",""hostile alien wilderness"",""relentless hunt"",""intense creature combat""]",/82lM4GJ9uuNvNDOEpxFy77uv4Ak.jpg
1242937,Espantoso (2026),"{""latino"":{""url"":""https://ok.ru/videoembed/13713559521907?autoplay=1"",""quality"":""1080P""},""subtitulado"":{""url"":""https://ok.ru/videoembed/13713767271027?autoplay=1"",""quality"":""1080P""}}",/ycYv5bhMLJG3wt0I5xFY13Z7PsU.jpg,2026-04-24 22:46:00-03,[27],6.169,6.9014,2026-02-20,R,,199,"[""angry"",""dreary""]",/fAF3VGFBpItWNROmiGob60n0y5.jpg
1243800,Baja de paternidad (2025),"{""castellano"":{""url"":""https://ok.ru/videoembed/11440856107567?autoplay=1"",""quality"":""HD""}}",/4zEzivNNh0FhKkHjEtohmMuIe51.jpg,2026-01-27 20:17:00-03,[18],6.011,3.38,2025-05-15,12,"Self-harm, Threat, Stressful Scenes",546,[],
1244361,Operación Zombi (2024),"{""castellano"":{""url"":""https://ok.ru/videoembed/11346357717633?autoplay=1"",""quality"":""HD""}}",/CmoQBKGLt8bWSlVjLL57TbQ3WR.jpg,2026-02-03 16:41:00-03,"[27,28,53,10752]",4.6,1.6778,2024-07-20,18,,865,[],
1244876,El molino (2024),"{""castellano"":{""url"":""https://ok.ru/videoembed/11780255189667?autoplay=1"",""quality"":""HD""}}",/azfWMAZoTmGIGO55R23a7uuMPRp.jpg,2026-02-07 17:21:00-03,[18],5,3.9136,2024-03-06,7,,463,[],
1244880,Invasión (2024),"{""castellano"":{""url"":""https://ok.ru/videoembed/8301089131048?autoplay=1"",""quality"":""HD""}}",/poZZC9PNg554tLA4nJWvc3gYIaJ.jpg,2026-03-28 00:22:00-03,"[878,18]",6.4,1.0111,2024-06-28,16,,1049,"[""based on play or musical""]",/fagaywgTkMpIdoRLtJF2GvwrqXI.jpg
1244890,La casa al final de la curva (2025),"{""castellano"":{""url"":""https://ok.ru/videoembed/11168473418355?autoplay=1"",""quality"":""HD""}}",/Bl1zwN2akWJr5mvwIy9R0caQq8.jpg,2026-01-26 17:54:00-03,"[53,35]",5.759,1.2823,2025-05-09,NR,,967,"[""paranoid""]",/oYS8CgjoMXoYtLm6mg1TF1c4NAV.jpg
1244975,Los huérfanos (2025),"{""latino"":{""url"":""https://ok.ru/videoembed/12106999466558?autoplay=1"",""quality"":""HD""}}",/vPz9HVmzi9Lwllpmac4aKauwNlp.jpg,2026-03-30 22:22:00-03,[28],6.216,4.7701,2025-08-20,B-15,Injury,337,"[""exhilarated""]",/z4hZZQ1GRuNGdeeWfKZIt8PXrmX.jpg
1247593,La llegada del hijo (2025),"{""latino"":{""url"":""https://ok.ru/videoembed/13670666078835?autoplay=1"",""quality"":""1080P""}}",/c1Hx2dIiYT1D0bdlRBIJ86rCkNM.jpg,2026-04-24 22:41:00-03,[18],6.3,1.0432,2025-05-09,+16,,1037,[],/rGOq3jxazN65C2rMaSK8Od3Ta74.jpg
1248226,Juegos de niños (2025),"{""latino"":{""url"":""https://ok.ru/videoembed/11329794935474?autoplay=1"",""quality"":""HD""}}",/sWhglhFoGA0T7n5U6Yi0t8LBGjA.jpg,2026-01-25 10:09:00-03,"[28,35,10751]",6,13.0707,2025-11-05,PG-13,"Violence, Threat, Injury",109,"[""stay-at-home dad"",""accountant"",""human cloning"",""father son relationship"",""action comedy"",""clinical"",""cliché"",""disapproving""]",/5lQ4euO30sDin5nCifvi0vURFNd.jpg
1251717,Regalo maldito (2025),"{""latino"":{""url"":""https://ok.ru/videoembed/11329990757042?autoplay=1"",""quality"":""HD""}}",/qYCA7XkLRUNS1DC7c8ehtj6W4XM.jpg,2026-01-24 13:54:00-03,"[27,53]",5.979,4.7441,2025-09-19,R,,342,"[""bewildered""]",/da1mXvCrQrFcw6BxovCavBFbIvz.jpg
1251875,Una abogada brillante (2025),"{""latino"":{""url"":""https://ok.ru/videoembed/11076743203393?autoplay=1"",""quality"":""HD""},""castellano"":{""url"":""https://ok.ru/videoembed/11076743268929?autoplay=1"",""quality"":""HD""},""subtitulado"":{""url"":""https://ok.ru/videoembed/11076743137857?autoplay=1"",""quality"":""HD""}}",/rWwfU4etugzsAiMJVvMdqM8DRVC.jpg,2026-01-26 20:36:00-03,[35],6.519,0.4459,2025-03-06,12,"Sexual Content, Legal Drugs, Inappropriate Language",1269,[],/4xYENgnMKVWqPGgLC5oHA6Sl5RG.jpg
1252309,Pídeme lo que quieras (2024),"{""castellano"":{""url"":""https://ok.ru/videoembed/11328264735294?autoplay=1"",""quality"":""HD""}}",/5rtaLwyKAjbceww4J1ro8aA8BNB.jpg,2026-02-04 21:34:00-03,"[10749,18]",6.122,15.8773,2024-11-29,,,94,"[""spain"",""based on novel or book"",""woman director"",""erotic romance"",""cine español""]",/kHJlXiwxcMAf9R934f0ncEBAMXg.jpg
1252382,En busca de Joy (2025),"{""latino"":{""url"":""https://ok.ru/videoembed/11199825185458?autoplay=1"",""quality"":""HD""}}",/bCDQwZ3oKJp8JuxN9AeszbW4ho9.jpg,2026-01-23 14:26:00-03,[18],5.9,2.1195,2025-11-05,R,,759,"[""wyoming, usa"",""unrequited love"",""christmas romance""]",/ss8aaeGyPRmOs9l9o9lL7FvcmbQ.jpg
1252428,Anaconda (2024),"{""subtitulado"":{""url"":""https://ok.ru/videoembed/11982120487587?autoplay=1"",""quality"":""HD""}}",/pPfsEXzfk2URkQ1OxhUShAXdxMr.jpg,2026-02-01 15:10:00-03,"[12,27,53]",7,8.0041,2024-03-01,,,174,"[""animal attack"",""giant snake"",""thailand"",""remake"",""survival"",""python"",""rainforest""]",/gSVk4r8Q4R8aeGY0hhEG3bE0QzL.jpg
1252552,Model House La muerte te da follow (2024),"{""latino"":{""url"":""https://ok.ru/videoembed/12391428459186?autoplay=1"",""quality"":""HD""}}",/vRxDIoDLpYZUNumLenhSYOuL2nN.jpg,2026-03-06 19:01:00-03,"[27,53]",4.6,0.7952,2024-04-05,15,,1136,"[""social media influencer"",""horror""]",/wZ0c0MV1tecC5Lp3CPy6ejCCPwc.jpg
1253000,Deathstalker (2025),"{""castellano"":{""url"":""https://ok.ru/videoembed/13062209079971?autoplay=1"",""quality"":""HD""},""subtitulado"":{""url"":""https://ok.ru/videoembed/12353643219571?autoplay=1"",""quality"":""HD""}}",/ePpEZavm379yDhx92ekbDnpGa9a.jpg,2026-03-10 20:17:00-03,"[14,28,12]",6.1,6.8469,2025-10-10,R,,202,"[""reboot"",""macabre"",""hopeless"",""satirical"",""sword and sorcery"",""crowdfunded film"",""whimsical"",""cliché"",""sarcastic"",""tragic""]",/7aiQebqYUHbs2wZPhsTznuMWyeH.jpg
1254624,La noche siempre llega (2025),"{""latino"":{""url"":""https://ok.ru/videoembed/12870366136894?autoplay=1"",""quality"":""HD""}}",/wlzOYuQ8uurwAeb0N64mcoMX0eE.jpg,2026-04-03 23:19:00-03,"[53,18,80]",6.033,3.724,2025-08-15,C,,490,"[""gentrification"",""eviction"",""homeless"",""aggressive"",""nervous"",""absurd"",""pretentious""]",/cVqQdzqo0ymSFJqU87bIiHV8bA7.jpg
1254754,¿Quién quiere casarse con un astronauta? (2025),"{""latino"":{""url"":""https://ok.ru/videoembed/11671281470014?autoplay=1"",""quality"":""HD""}}",/8kyqyI6mQmIVdLPRvIaFskVIcQW.jpg,2026-02-23 22:33:00-03,"[35,10749]",5.4,2.7107,2025-06-26,12,,645,"[""lgbt"",""gay theme""]",/q2tUReeNgsYTs7tIJ98I4450QeM.jpg
1255674,Vieja loca,"{""latino"":{""url"":""https://ok.ru/videoembed/11085606292214?autoplay=1"",""quality"":""HD""}}",/a2EdW8sk22fNCvrpOiaHbR2hOuZ.jpg,2026-01-21 08:21:00-03,"[27,53,35]",5.417,5.2853,2025-10-10,+16,,278,[],/A1prqBBKiwfnahBnNgM1t5y5vmA.jpg
1255718,Incógnito (2025),"{""castellano"":{""url"":""https://ok.ru/videoembed/10896806251137?autoplay=1"",""quality"":""HD""}}",/bSU2fRDirVJQ3PnQUz3GoR56lCW.jpg,2026-02-07 17:19:00-03,"[18,10749,80]",7.325,3.2738,2025-01-26,16,Sexuality,563,"[""entrapment"",""ex-girlfriend"",""based on true story"",""death of father"",""grief"",""undercover cop"",""sexual confusion"",""mall"",""lgbt"",""sting operation"",""shame"",""hookup"",""1990s"",""syracuse, new york"",""closeted homosexual"",""mother son relationship"",""gay theme"",""suspenseful"",""intense""]",
1255795,Putin (2025),"{""latino"":{""url"":""https://ok.ru/videoembed/11560159676993?autoplay=1"",""quality"":""HD""},""subtitulado"":{""url"":""https://ok.ru/videoembed/11560159545921?autoplay=1"",""quality"":""HD""}}",/j3Q2MrpmaOrKfN2pInNvRNhYa4G.jpg,2026-02-04 15:25:00-03,"[53,10752,80]",6,1.5313,2025-01-09,R,,898,"[""artificial intelligence (a.i.)"",""1970s"",""troubled childhood"",""revisionist history"",""rise to power"",""historical drama"",""vladimir putin"",""1980s"",""1960s"",""1990s"",""2000s"",""independent film"",""fictionalized history"",""political drama"",""cgi effects""]",
1257009,Primitive War (2025),"{""subtitulado"":{""url"":""https://ok.ru/videoembed/11814581635790?autoplay=1"",""quality"":""HD""}}",/x6hE2N6ouFgtVDatFk7vkjUCt5X.jpg,2026-02-20 19:10:00-03,"[28,27,10752,878]",6.681,9.8864,2025-08-21,NR,,155,"[""vietnam war"",""based on novel or book"",""survival"",""prehistory"",""prehistoric creature"",""dinosaur"",""survival horror"",""horror novel"",""war"",""adaptation"",""antagonistic"",""audacious"",""celebratory""]",/bWF5ImUscXXYia8owpm8coadR4m.jpg
1260487,Vuelos Prohibidos (2015),"{""latino"":{""url"":""https://ok.ru/videoembed/9242413566523?autoplay=1"",""quality"":""HD""}}",,2026-02-14 00:01:00-03,[],0,0.0286,2015-03-17,,,1373,[],
1261188,El vínculo sueco (2026),"{""latino"":{""url"":""https://ok.ru/videoembed/12886611069618?autoplay=1"",""quality"":""HD""}}",/kzW6hR4aWpNZPP1PNZhFzEK3t29.jpg,2026-03-28 11:30:00-03,"[18,36,10752]",7.708,3.4521,2026-02-13,+13,,534,"[""world war ii""]",/56VfTGANetZ5IIYQsXuciNePM28.jpg
1261825,Oh. What. Fun. (2025),"{""latino"":{""url"":""https://ok.ru/videoembed/11813500553906?autoplay=1"",""quality"":""HD""}}",/uNmyZChmLKqxROmbsylj5sbzGUR.jpg,2026-02-09 13:45:00-03,[35],5.598,4.0861,2025-12-03,PG-13,,442,"[""holiday"",""family"",""christmas"",""bitter"",""mean spirited""]",/haAekI7zBtffqILr90DkviTe9fk.jpg
1262815,The Choral (2025),"{""latino"":{""url"":""https://ok.ru/videoembed/11444266797697?autoplay=1"",""quality"":""HD""}}",/yQtms7CSM0CE0W6dYbLLAATb5rL.jpg,2026-02-07 16:40:00-03,"[35,18,10402]",6.3,2.9155,2025-11-07,R,,615,"[""world war i"",""choir"",""yorkshire"",""period drama"",""frantic"",""1910s"",""teenager"",""choral""]",/4zyeIE8ceP95gehaPsgqamEYRuy.jpg
1262983,MadS (2024),"{""castellano"":{""url"":""https://ok.ru/videoembed/11201054640705?autoplay=1"",""quality"":""HD""},""subtitulado"":{""url"":""https://ok.ru/videoembed/11201054509633?autoplay=1"",""quality"":""HD""}}",/dOqLy0T37nXYbAzMhRguAt09jBT.jpg,2026-01-25 11:06:00-03,"[27,53]",6.5,5.5595,2024-10-25,+16,,257,"[""paranoia"",""surreal"",""drugs"",""phone call"",""bad trip"",""party"",""teenager"",""violence""]",/8lL13GCrlOii2KvMaSom2rC16Zr.jpg
1263249,Sentinel (2024),"{""latino"":{""url"":""https://ok.ru/videoembed/13503169956467?autoplay=1"",""quality"":""1080P""},""subtitulado"":{""url"":""https://ok.ru/videoembed/13503445535347?autoplay=1"",""quality"":""1080P""}}",/eLNKQqkZiIL1CCG0cxRjQOiHiKw.jpg,2026-04-21 20:55:00-03,"[878,28]",3.808,2.2946,2024-03-22,18A,,733,[],/15alKdhk7Mn2GRmRBKBDAU9eJOu.jpg
1264573,Lurker (2025),"{""latino"":{""url"":""https://ok.ru/videoembed/12743717358209?autoplay=1"",""quality"":""HD""}}",/3rbY3fjXQpt4sQLQvKD7CT6oJsS.jpg,2026-03-21 12:34:00-03,"[18,53]",6.388,5.2008,2025-08-22,R,"Violence, Drugs",286,"[""pop star"",""affectation"",""los angeles, california"",""ambiguous"",""baffled""]",/hBkXSnKqv0qP89t6vTWe3wxC0G3.jpg
1265344,Match: La reina de las apps de citas (2025),"{""latino"":{""url"":""https://ok.ru/videoembed/11076375087681?autoplay=1"",""quality"":""HD""},""castellano"":{""url"":""https://ok.ru/videoembed/11076375218753?autoplay=1"",""quality"":""HD""}}",/3Fyouhu5GY9okg794Qy0qa03p3d.jpg,2026-01-26 20:52:00-03,"[36,18]",6.433,2.6092,2025-09-09,R,,669,"[""based on true story"",""questioning"",""online dating"",""woman director"",""instructive""]",/ehX2ljRmDLyKS44rZz2kt4BkwkJ.jpg
1267217,Sugar baby (2024),"{""latino"":{""url"":""https://ok.ru/videoembed/13293795347059?autoplay=1"",""quality"":""1080P""},""subtitulado"":{""url"":""https://ok.ru/videoembed/13294016596595?autoplay=1"",""quality"":""1080P""}}",/uLbDZIDAbN6SIiBr7Z2eMZ9212S.jpg,2026-04-15 23:54:00-03,"[10749,18]",7.103,4.3344,2024-04-25,19,,403,"[""eccentric millionaire"",""russia"",""strangers to lovers"",""sugar baby""]",/gscL9tqxpkmAMmbeRLLzLZPyJXb.jpg
1267905,Los Rose (2025),"{""latino"":{""url"":""https://ok.ru/videoembed/10855675791937?autoplay=1"",""quality"":""HD""}}",/lXumhtgMOxA3aqocplC8YIMwOv8.jpg,2026-01-26 20:59:00-03,"[35,18]",6.7,5.0792,2025-08-27,R,"Drugs, Inappropriate Language, Violence",296,"[""husband wife relationship"",""based on novel or book"",""dark comedy"",""remake"",""failing marriage"",""aspiring architect"",""jealous of someone's success"",""female chef"",""critical"",""intense""]",/3CPQc1pgYu0iWr1UNk2nwy2ylDE.jpg
1268609,Pavana (2026),"{""latino"":{""url"":""https://ok.ru/videoembed/11845926980159?autoplay=1"",""quality"":""HD""}}",/A1zFat9HYHRdorJqpVhVRxg78AJ.jpg,2026-03-11 23:52:00-03,"[10749,18]",6.938,4.0955,2026-02-19,C,,440,"[""based on novel or book"",""forbidden love"",""social prejudice"",""emotional healing"",""melodrama"",""unpopular heroine"",""outsider romance"",""beauty vs judgment"",""public gaze"",""quiet resilience"",""love against odds"",""fate and misunderstanding"",""fragile happiness"",""eccentric ally""]",
1268784,Cradle of Deception (2024),"{""latino"":{""url"":""https://ok.ru/videoembed/12808960608883?autoplay=1"",""quality"":""HD""}}",/ygdS6n6Y6VfrBtFefRinDKWTeFb.jpg,2026-03-29 22:58:00-03,"[10770,53]",8,1.6193,2024-04-29,,,875,[],/3AivPfAirRdSCTfjVys0YJ8jBOz.jpg
1271895,96 Minutos (2025),"{""latino"":{""url"":""https://ok.ru/videoembed/11458840431166?autoplay=1"",""quality"":""HD""}}",/4XpYp1yrNI49OY8lz4qZuI7baeQ.jpg,2026-02-10 12:01:00-03,"[28,80,10749]",5.5,5.5154,2025-09-05,12,,260,[],/lAtuFCx6cYkNBmTMSNnLE0qlCLx.jpg
1272149,Bridget Jones: Loca por él (2025),"{""latino"":{""url"":""https://ok.ru/videoembed/12282601802364?autoplay=1"",""quality"":""HD""},""castellano"":{""url"":""https://ok.ru/videoembed/12283708246652?autoplay=1"",""quality"":""HD""},""subtitulado"":{""url"":""https://ok.ru/videoembed/12285654665852?autoplay=1"",""quality"":""HD""}}",/9K4xBef7N7YZTnke23FiNTHBGNU.jpg,2026-03-02 12:01:00-03,"[10749,35,18]",6.406,4.7921,2025-02-12,B,"Sexual Content, Legal Drugs, Inappropriate Language",333,"[""based on novel or book"",""female friendship"",""romcom"",""sequel""]",/zwSDvbnN51JqU1ULzPnEc22DkqV.jpg
1272166,Maldita suerte (2025),"{""castellano"":{""url"":""https://ok.ru/videoembed/12577441123062?autoplay=1"",""quality"":""HD""}}",/jJrbw1rzLFq8GqMvRcQBrdPYQaB.jpg,2026-03-29 11:19:00-03,"[80,18]",5.817,3.2501,2025-10-15,+16,"Legal Drugs, Violence, Criminal Acts",566,"[""based on novel or book"",""gambler"",""duringcreditsstinger"",""macau""]",/cc48kfehVAkgG73BsPcFLMoxa8h.jpg
1272586,La batalla de Oslo (2025),"{""latino"":{""url"":""https://ok.ru/videoembed/13711656487539?autoplay=1"",""quality"":""1080P""},""subtitulado"":{""url"":""https://ok.ru/videoembed/11690390915827?autoplay=1"",""quality"":""1080P""}}",/x5bJdRN93mgtS6LmjMIN3gdO8n6.jpg,2026-04-24 22:55:00-03,"[10752,28,36]",6.6,6.031,2025-09-26,16,,237,"[""world war ii"",""based on true story"",""oslo, norway"",""1940s"",""luftwaffe"",""based on real person""]",/9DWvNSqPqeFC1tVjfeYK3SnNQIS.jpg
1272837,Exterminio: El templo de huesos (2026),"{""latino"":{""url"":""https://ok.ru/videoembed/12064729598670?autoplay=1"",""quality"":""HD""}}",/6yUxfwcDYR0RRfbxwGA7rhwreWU.jpg,2026-02-20 10:37:00-03,"[27,53,878]",7.224,50.1557,2026-01-14,C,"Violence, Injury",27,"[""england"",""post-apocalyptic future"",""satanism"",""satanist"",""sequel"",""satan"",""survival"",""zombie"",""death"",""crucifix"",""survival horror"",""satanic cult"",""zombie apocalypse"",""northumberland""]",/hHDNOlATHhre4eZ7aYz5cdyJLik.jpg
1275978,El Cuchillo (2025),"{""latino"":{""url"":""https://ok.ru/videoembed/12391182633650?autoplay=1"",""quality"":""HD""}}",/1fFYouvRYqSPgy3KBJjP6jGrXwb.jpg,2026-03-06 19:56:00-03,"[18,53]",7.4,1.1715,2025-08-15,R,,997,[],/zTh1HBgTDsAZ3QKgb5X2JQ0J7r4.jpg
1277988,Caramelo (2025),"{""latino"":{""url"":""https://ok.ru/videoembed/12057762597441?autoplay=1"",""quality"":""HD""}}",/ur3H6g9xmrLQX2Ioh9z3P904ZSC.jpg,2026-02-20 14:06:00-03,"[35,18]",7.717,5.0175,2025-10-07,,,303,"[""caramelo"",""καραμελο""]",/wBV11KLQcp5pyxl8JW1lBaDshqr.jpg
1279596,El Encanto de la Sirena (2025),"{""latino"":{""url"":""https://ok.ru/videoembed/11328937659058?autoplay=1"",""quality"":""HD""}}",/wqzIXix00y0mRbGPhreDvIaQdg1.jpg,2026-01-24 11:59:00-03,"[27,14]",6.4,0.3637,2025-05-22,R,,1291,[],
1279947,Sunray: Fallen Soldier (2025),"{""latino"":{""url"":""https://ok.ru/videoembed/11910508055218?autoplay=1"",""quality"":""HD""}}",/frBZoyLnQNuSLrZukOZjOsiKE8g.jpg,2026-02-20 23:48:00-03,"[28,53]",6.122,1.1157,2025-01-24,16,,1010,"[""army"",""post-traumatic stress disorder (ptsd)"",""soldier"",""mental health"",""military"",""royal marines""]",
1280465,Transmitzvah (2024),"{""latino"":{""url"":""https://ok.ru/videoembed/8231869942398?autoplay=1"",""quality"":""HD""}}",/iIytaofTcCgGT5RU1Mg3v1DIC30.jpg,2026-03-10 19:07:00-03,"[18,35]",6.5,0.5826,2024-10-10,R,,1224,"[""bar mitzvah"",""trans woman""]",/abGzmgVwXR7XxdAp5s4DSUH7N58.jpg
1280684,Corina (2024),"{""latino"":{""url"":""https://ok.ru/videoembed/8919796025921?autoplay=1"",""quality"":""HDCAM""}}",/nZviAfnhXylrYpjPznmhHCBeKWx.jpg,2026-01-20 12:36:45.887344-03,"[18,35]",7.294,2.6366,2025-01-09,B,,663,[],
1284120,La hermanastra fea (2025),"{""latino"":{""url"":""https://ok.ru/videoembed/10639118633599?autoplay=1"",""quality"":""HD""}}",/uI8ho9i1Dl6LUyyJ8ZqkE7SxVq4.jpg,2026-01-25 13:52:00-03,"[27,35,14,18]",7.3,18.8761,2025-03-07,+16,"Violence, Sexual Content, Nudity, Explicit Sex, Legal Drugs, Shocking Content",75,"[""satire"",""based on fairy tale"",""beauty standards"",""desperate"",""stepmother stepdaughter relationship"",""independent film"",""body horror"",""psychological horror"",""horror"",""cinderella story"",""baffled"",""bold"",""exuberant"",""forceful""]",/kG8bBajeSTUxJGmS47WujcraZUk.jpg
1284460,Alpha (2025),"{""castellano"":{""url"":""https://ok.ru/videoembed/12869204904563?autoplay=1"",""quality"":""HD""},""subtitulado"":{""url"":""https://ok.ru/videoembed/12869130652275?autoplay=1"",""quality"":""HD""}}",/89rX9774vG6GzE128Varjy6rKOl.jpg,2026-03-31 23:59:00-03,"[27,18,878]",6.4,11.2238,2025-08-20,R,"Violence, Fear, Drugs and/or alcohol abuse, Coarse Language",130,"[""coming of age"",""disease"",""pandemic"",""mother daughter relationship"",""body horror"",""depressing""]",/rakS8RAhKOMIplBi4RbluQg4Xqn.jpg
1285406,Enemigos (2025),"{""latino"":{""url"":""https://ok.ru/videoembed/11150715587134?autoplay=1"",""quality"":""HD""}}",/931RWObebU1Y4EUS2fpwmZQRGPs.jpg,2026-02-07 19:36:00-03,[18],7.738,2.3445,2025-05-09,R,,721,"[""cine quinqui""]",/fem2Q5hHroXEYsGWHOC7VMpj1cK.jpg
1285479,La Doncella Del Lago (2025),"{""castellano"":{""url"":""https://ok.ru/videoembed/11273313782401?autoplay=1"",""quality"":""HD""},""subtitulado"":{""url"":""https://ok.ru/videoembed/11704053467788?autoplay=1"",""quality"":""HD""}}",/nRbarih3ib4mUbjMG1FXNXhQSt5.jpg,2026-02-26 13:06:00-03,"[18,14]",6.833,4.0506,2025-03-22,,,443,"[""1950s""]",/nAyfXvvVlvQAnhEbFD49wlpttLS.jpg
1286185,El Hijo Del Carpintero (2025),"{""latino"":{""url"":""https://ok.ru/videoembed/11575887268447?autoplay=1"",""quality"":""HD""}}",/3BSDrV3NJRXf00sQDclPlLwwK26.jpg,2026-03-07 21:40:00-03,[27],5.576,5.8368,2025-11-13,R,"Sexual Content, Fear, Extreme Violence",246,"[""faith"",""greece"",""crete"",""carpenter"",""temptation"",""attica"",""temptation of christ"",""jesus christ"",""supernatural horror"",""biblical"",""natural horror"",""baffled"",""inflammatory"",""supernatural thriller"",""faith based"",""roman egypt""]",/aP7w2JPEDyIukrYxIGHmTrmYOWJ.jpg
1287322,Christy: el combate de su vida (2025),"{""latino"":{""url"":""https://ok.ru/videoembed/12052555172417?autoplay=1"",""quality"":""HD""},""subtitulado"":{""url"":""https://ok.ru/videoembed/12355598813859?autoplay=1"",""quality"":""HD""}}",/ssy1uHGZkuXLkIWJWrtsBczPvVC.jpg,2026-02-20 14:38:00-03,"[36,18]",7.316,6.0349,2025-11-06,,,235,"[""attempted murder"",""based on true story"",""west virginia"",""domestic violence"",""female boxing"",""boxing"",""1990s"",""boxe"",""sports drama"",""assertive"",""empathetic"",""based on real person"",""biographical drama""]",
1289893,Somnium (2025),"{""castellano"":{""url"":""https://ok.ru/videoembed/12053290027649?autoplay=1"",""quality"":""HD""},""subtitulado"":{""url"":""https://ok.ru/videoembed/12153829788373?autoplay=1"",""quality"":""HD""}}",/cPUeMJkPLDWSOA6OU862EdZhylS.jpg,2026-03-06 19:28:00-03,"[27,878,53,18]",5.6,5.1114,2025-08-28,NR,,294,"[""night shift"",""unsettling"",""sleep clinic""]",/xM2dUqkpaSHOR87ojZ538DGQqcD.jpg
1290213,Corre de la habitación 404 (2024),"{""latino"":{""url"":""https://ok.ru/videoembed/12298518202945?autoplay=1"",""quality"":""HD""},""subtitulado"":{""url"":""https://ok.ru/videoembed/12298518137409?autoplay=1"",""quality"":""HD""}}",/79WPryCJZj4Nh38yOZU6ud5RYz7.jpg,2026-03-02 20:21:00-03,"[35,27]",7.8,2.4727,2024-11-28,13+,,690,"[""hotel"",""supernatural"",""swindler"",""luxury hotel"",""haunted hotel"",""haunted"",""supernatural horror"",""comedic""]",/1jJBdjGMwoosm7MqgHVT4e5KNR5.jpg
1290417,Embestida (2026),"{""latino"":{""url"":""https://ok.ru/videoembed/13841531669054?autoplay=1"",""quality"":""1080P""}}",/2ZO1nzANssYCyPph8w2ocwq2Bfb.jpg,2026-04-16 01:06:00-03,"[27,53]",5.934,116.7267,2026-04-10,B-15,"Violence, Fear, Coarse Language",11,"[""hurricane"",""shark attack"",""animal attack"",""survival"",""storm"",""shark"",""survival horror"",""flood"",""animal horror"",""playful"",""cliché"",""foreboding"",""ridiculous""]",/3ooXDVaz4xHKtwe4lkmF1gNopOC.jpg
1290432,Vida privada (2025),"{""latino"":{""url"":""https://ok.ru/videoembed/12869125868147?autoplay=1"",""quality"":""1080P""},""castellano"":{""url"":""https://ok.ru/videoembed/13364395510387?autoplay=1"",""quality"":""1080P""},""subtitulado"":{""url"":""https://ok.ru/videoembed/13364859439731?autoplay=1"",""quality"":""1080P""}}",/xKU9M7rmOqYOvcNZUGyyESEwRde.jpg,2026-04-16 00:19:00-03,"[18,9648,80]",5.679,4.6266,2025-09-27,R,"Sexuality, Negative examples",361,"[""suicide"",""paranoia"",""suspicion of murder"",""private investigator"",""psychiatrist""]",/3fZ5HvkrjaS34sZERshWm9koXdF.jpg
1290821,El Guardián: Último refugio (2026),"{""subtitulado"":{""url"":""https://ok.ru/videoembed/12089033820787?autoplay=1"",""quality"":""HD""}}",/j1knvM0CSG1TWWEdgz4AVqb5CXP.jpg,2026-03-09 15:08:00-03,"[28,80,53]",6.7,174.2039,2026-01-28,R,"Violence, Fear",6,"[""ghosts of the past"",""apologetic"",""solitary life""]",/nHxWyy18SvAZ8jJeemtS8k1UNjM.jpg
1291335,Solo Mio (2026),"{""latino"":{""url"":""https://ok.ru/videoembed/12747491641951?autoplay=1"",""quality"":""HD""}}",/efSsZJaddeq0LOABZqpCXdMxv9P.jpg,2026-03-21 23:53:00-03,"[10749,35]",7.079,9.5523,2026-02-05,PG,,160,"[""rome, italy"",""italy"",""honeymoon"",""romcom"",""relaxed"",""left at the altar"",""romantic""]",/fTG8itSb1a4O2BgUMjXdwO64qTz.jpg
1291608,Patriotismo (2025),"{""latino"":{""url"":""https://ok.ru/videoembed/12505177131698?autoplay=1"",""quality"":""HD""}}",/kOLkpkS2T4HAdA6J7uq4eipNTup.jpg,2026-03-11 17:30:00-03,"[28,80,53]",6.9,18.0465,2025-12-05,NR,,81,"[""asia"",""patriotism"",""nationalism"",""controversy"",""gore"",""pakistan"",""torture"",""terrorism"",""india"",""terrorist attack"",""gun violence"",""bloodshed"",""political corruption"",""1990s"",""spy thriller"",""indian"",""racial discrimination"",""2000s"",""serious"",""thriller"",""intense"",""action"",""chase scene"",""cruel"",""excited""]",
1294457,Singular (2025),"{""castellano"":{""url"":""https://ok.ru/videoembed/12140945083043?autoplay=1"",""quality"":""HD""}}",/4M5wYvRvPGldNqbyQ7sVJ6f5awH.jpg,2026-02-07 16:51:00-03,"[53,878]",0,2.5563,2025-11-28,,,672,"[""artificial intelligence (a.i.)""]",/dQ3mxctZ7zC5wcFy1lzPxVvnIS8.jpg
1295026,100 metros lisos (2025),"{""latino"":{""url"":""https://ok.ru/videoembed/10831078427198?autoplay=1"",""quality"":""HD""}}",/ftUHKZfXONnjuOGGpNeFCeAXbYF.jpg,2026-01-21 14:31:00-03,"[16,18]",7.737,7.1591,2025-09-19,7,,190,"[""competition"",""rivalry"",""coming of age"",""based on manga"",""track and field"",""school life"",""athletics"",""anime"",""sportsmanship"",""running""]",/hKy4J8jbiOBmSKs0NlcHP1hLWYl.jpg
1295144,Dead Teenagers (2024),"{""latino"":{""url"":""https://ok.ru/videoembed/11969698531967?autoplay=1"",""quality"":""HD""}}",/x01hXgoOFd9UP5kIJVcsfYHHwMB.jpg,2026-02-26 12:42:00-03,[27],3.7,0.3591,2024-09-10,16,,1293,[],/gZoKGUR1d5iLZhgDYOSCKPuBsfD.jpg
1295415,Mutante Destino sombrío (2024),"{""latino"":{""url"":""https://ok.ru/videoembed/11608537303681?autoplay=1"",""quality"":""HD""}}",/lKhOLSU0XlvPVE4m0hCMuJ2fFc4.jpg,2026-02-13 23:31:00-03,"[878,10749,10752]",6.4,1.8075,2024-05-25,12,,828,[],
1297222,Una jirafa en el balcón (2024),"{""latino"":{""url"":""https://ok.ru/videoembed/8714266937982?autoplay=1"",""quality"":""HD""}}",/8csZdgUBVTDZ8XOIjoRVngwOvOq.jpg,2026-03-10 19:03:00-03,[53],7.1,4.4285,2024-09-05,,,391,[],/2yNCG5mCDqijnNg7hFhYU0XejtW.jpg
1297842,GOAT: La cabra que cambió el juego (2026),"{""latino"":{""url"":""https://ok.ru/videoembed/12756400474739?autoplay=1"",""quality"":""HD""},""subtitulado"":{""url"":""https://ok.ru/videoembed/12756676905587?autoplay=1"",""quality"":""HD""}}",/jBQqQfeduhwFiHGQPHGPbs3Wdyt.jpg,2026-03-27 23:35:00-03,"[16,35,10751]",7.669,140.9838,2026-02-11,A,"Threat, Language",8,"[""underdog"",""friendship"",""sports"",""allies"",""ambition"",""bullying"",""challenge"",""basketball"",""rivalry"",""coming of age"",""anthropomorphism"",""animals"",""intimidation"",""stereotype"",""basketball team"",""basketball player"",""big dreams"",""imaginary world"",""sneakers"",""vulture"",""playful"",""talking animal"",""anthropomorphic animal"",""athlete"",""inspirational"",""enemy"",""courage"",""feel good"",""heartwarming"",""exciting"",""fantasy sports"",""admiring"",""amused"",""joyful"",""sports comedy""]",/tq3h43fZy0H80vzf47MAY7R9Mxo.jpg
1297953,Mi amiga Eva (2025),"{""castellano"":{""url"":""https://ok.ru/videoembed/11168797624961?autoplay=1"",""quality"":""HD""}}",/dolwe6cReEg3zRnIAIPr7C17vqx.jpg,2026-02-03 16:31:00-03,"[10749,35]",6.222,3.7409,2025-09-18,0,,486,[],/xxU0ttSVJ3iHpMzZNfN1yb09MZt.jpg
1298257,Exodus (2025),"{""latino"":{""url"":""https://ok.ru/videoembed/10709682752065?autoplay=1"",""quality"":""HD""}}",/jpF4yQeuA9WUiiaWuxB2zkzXIB7.jpg,2026-01-28 09:12:00-03,[18],6.667,1.624,2025-06-20,12,,874,[],/bCtVfHS3gXst3PsrIZuAlKFQegj.jpg
1299209,El hijo de mil hombres (2025),"{""latino"":{""url"":""https://ok.ru/videoembed/11199716264626?autoplay=1"",""quality"":""HD""}}",/yfkecTToGVoq7hUE1xlay7ccM9e.jpg,2026-01-27 20:12:00-03,[18],7.398,2.4551,2025-10-30,R,"Sexual Content, Sensitive Themes, Violence",695,[],
1299655,Blue Moon (2025),"{""latino"":{""url"":""https://ok.ru/videoembed/11199685593778?autoplay=1"",""quality"":""HD""}}",/p7pfJYxB1dpfAWkKSrnFjRhTmIG.jpg,2026-01-23 09:36:00-03,"[36,18,35]",6.663,6.2946,2025-10-17,16,"Drugs and/or alcohol abuse, Coarse Language",221,"[""lyricist"",""1940s"",""witty""]",/28PLbMHktbX8TnuEWSiTrRbI4p8.jpg
1301122,Nazi Supelsodier (2024),"{""latino"":{""url"":""https://ok.ru/videoembed/13524479380083?autoplay=1"",""quality"":""1080P""},""castellano"":{""url"":""https://ok.ru/videoembed/13524442483315?autoplay=1"",""quality"":""1080P""},""subtitulado"":{""url"":""https://ok.ru/videoembed/13524523747955?autoplay=1"",""quality"":""1080P""}}",/4pD0LZheVnXsV4rLYpfmf2jCw3J.jpg,2026-04-21 21:31:00-03,"[27,28,878]",5,3.5022,2024-10-13,18,,521,"[""world war ii"",""woods"",""super soldier"",""iron mask"",""secret laboratory"",""secret experiment"",""axe""]",/j3OksPD3jY3vhqf1sKOWXWLQEMB.jpg
1301214,Atena (2025),"{""latino"":{""url"":""https://ok.ru/videoembed/9886103374432?autoplay=1"",""quality"":""HD""}}",/kgH8uEmzV3qt911gnptXQiz4jRz.jpg,2026-03-30 23:25:00-03,"[28,53,9648]",6.3,0.5634,2025-07-31,12,,1232,"[""journalist"",""childhood trauma"",""revenge"",""domestic violence"",""rapist"",""police investigation"",""montevideo, uruguay"",""rio grande do sul""]",
1302318,Una mujer sin filtros (2025),"{""latino"":{""url"":""https://ok.ru/videoembed/12306331011649?autoplay=1"",""quality"":""HD""},""subtitulado"":{""url"":""https://ok.ru/videoembed/12306330815041?autoplay=1"",""quality"":""HD""}}",/irqKQvpIR1wiAj5jmB78NiA1zzt.jpg,2026-03-01 12:03:00-03,[35],6.4,1.3687,2025-08-21,,,942,"[""feminism"",""amused""]",/sBAYs1KC4SPwQjnjmpiFCF41EKA.jpg
1304533,Padres (2024),"{""latino"":{""url"":""https://ok.ru/videoembed/11329290177202?autoplay=1"",""quality"":""HD""}}",/zF6FRpP8ZPDyrsy1C4jdiDIfdrX.jpg,2026-01-24 11:48:00-03,[35],7.667,4.3079,2024-09-26,NR,,408,"[""lgbt"",""gay theme""]",/5jjX8xvmhmXzmVL5D7BDgIRRbWf.jpg
1305273,Tierra de nadie (2025),"{""latino"":{""url"":""https://ok.ru/videoembed/11162333547104?autoplay=1"",""quality"":""HD""}}",/7GO6vjOFA4Uft5USA1j2NnJ5Zcl.jpg,2026-03-30 22:50:00-03,"[53,80]",6.4,1.8689,2025-03-28,16,,809,"[""drug smuggling"",""police"",""war on drugs"",""drugs"",""suspenseful"",""amused""]",/h0HMzt2uFBsgXRUvC5cMNBT70Ll.jpg
1305717,Zona de caza (2025),"{""latino"":{""url"":""https://ok.ru/videoembed/11546921667134?autoplay=1"",""quality"":""HD""},""castellano"":{""url"":""https://ok.ru/videoembed/12201534491299?autoplay=1"",""quality"":""HD""}}",/7201s8pMIpCbz5Czbm1i1iNTtEv.jpg,2026-04-06 17:52:00-03,"[28,53]",6.8,4.9456,2025-05-16,16,,310,[],/1leYKN0DPNffpldGnCWnbXaiWoD.jpg
1306061,Grand Maison Paris (2024),"{""subtitulado"":{""url"":""https://ok.ru/videoembed/11441023486525?autoplay=1"",""quality"":""HD""}}",/n7ohquT4wyXPW7mNXgmQqQIBt51.jpg,2026-02-07 17:15:00-03,[18],7.6,1.3925,2024-12-30,PG,,930,"[""cooking"",""restaurant"",""french cuisine"",""paris""]",/mCl0SILqkRCsBAxegP6pZDhE5mL.jpg
1306368,El botín (2026),"{""latino"":{""url"":""https://ok.ru/videoembed/10952602946110?autoplay=1"",""quality"":""HD""}}",/55C5loKFkw7Cj0nMLWux4FJCRHI.jpg,2026-01-21 12:02:00-03,"[28,53,80]",7.022,40.6007,2026-01-13,R,,31,"[""miami, florida"",""police"",""investigation"",""shootout"",""dirty cop"",""trust"",""attic"",""sting operation"",""angry"",""cartel"",""hidden money"",""anxious"",""fbi agent"",""drug money"",""violence""]",/3F2EXWF1thX0BdrVaKvnm6mAhqh.jpg
1310568,Asesinato en la Embajada (2025),"{""castellano"":{""url"":""https://ok.ru/videoembed/12052551633473?autoplay=1"",""quality"":""HD""},""subtitulado"":{""url"":""https://ok.ru/videoembed/11211566811709?autoplay=1"",""quality"":""HD""}}",/vW5pt7wPbY2mtsGd26IqV39zRJa.jpg,2026-02-20 14:38:00-03,"[9648,53,28]",5.868,11.6628,2025-11-14,,,124,"[""whodunit"",""u.s. embassy"",""murder mystery""]",
1310830,La Vida Fuera (2025),"{""castellano"":{""url"":""https://ok.ru/videoembed/13712916548211?autoplay=1"",""quality"":""1080P""},""subtitulado"":{""url"":""https://ok.ru/videoembed/13713087793779?autoplay=1"",""quality"":""1080P""}}",/xj85RIHSG71bOaAvTYbGOuIbXIt.jpg,2026-04-24 22:50:00-03,"[18,36]",6.523,2.7004,2025-05-22,16,,646,[],/k9Oe0KXL1qYnEddxr1WR4VkB8eW.jpg
1311550,La dinastía Ga'a (2024),"{""latino"":{""url"":""https://ok.ru/videoembed/7328707578437?autoplay=1"",""quality"":""HD""}}",/gxZxaCN07rIZxiMlpXsPbWUJYIZ.jpg,2026-03-28 00:34:00-03,"[28,36]",5.6,1.1817,2024-07-26,C,,993,[],/c3rwwFFVbkyEI6wPtpPd9lvovPW.jpg
1313003,Muero por ella (2025),"{""castellano"":{""url"":""https://ok.ru/videoembed/11712469863075?autoplay=1"",""quality"":""HD""},""subtitulado"":{""url"":""https://ok.ru/videoembed/10973386967613?autoplay=1"",""quality"":""HD""}}",/qlNGrq9npnRZHC3wln9AzXLybFl.jpg,2026-01-21 12:46:00-03,"[10749,53]",5.8,2.472,2025-03-20,16,,691,[],/jHDczXDoze03wW8tiextMCk5REA.jpg
1314369,Bangkok Dog (2024),"{""latino"":{""url"":""https://ok.ru/videoembed/11329036421810?autoplay=1"",""quality"":""HD""}}",/jw0WIqKukzCJoxdYbxeKWyDqtla.jpg,2026-01-26 12:26:00-03,"[28,80,53]",5.844,1.0991,2024-12-06,NR,"Violence / Horror, Negative examples",1017,[],/dez48MfvRrMvTu5H47c5qaE0IPm.jpg
1314398,El Caso Frieda (2025),"{""castellano"":{""url"":""https://ok.ru/videoembed/12284662385217?autoplay=1"",""quality"":""HD""},""subtitulado"":{""url"":""https://ok.ru/videoembed/12284662319681?autoplay=1"",""quality"":""HD""}}",/1lAsVqtqt29JwKVhsNcox7P8OHk.jpg,2026-02-27 10:11:00-03,[18],6.5,0.7798,2025-10-30,12,,1147,"[""switzerland"",""based on true story"",""misogyny"",""illegitimate child"",""seamstress"",""infanticide"",""courtroom drama"",""1900s"",""death of a child"",""20th century"",""systemic corruption"",""based on real person""]",
1314786,Zeta (2026),"{""castellano"":{""url"":""https://ok.ru/videoembed/12577412942582?autoplay=1"",""quality"":""HD""}}",/tEFMZGcmxBDCodbLAqmrjdjCTwm.jpg,2026-03-28 01:28:00-03,"[18,53]",6.697,18.3157,2026-03-20,+16,,78,"[""spy thriller""]",/ptcyGmBonW6mDQmrPhXbt6Rjrlp.jpg
1315303,Primate (2026),"{""latino"":{""url"":""https://ok.ru/videoembed/11546984057406?autoplay=1"",""quality"":""HD""}}",/gKGHvtkZRULisq9qb0laQgcpD6i.jpg,2026-02-20 18:42:00-03,"[27,53]",6.7,24.4007,2026-01-01,C,"Violence, Injury",55,"[""hawaii"",""pet"",""animal attack"",""gore"",""survival"",""monkey"",""survival horror"",""chimpanzee"",""rabies"",""primate"",""aggressive"",""mongoose"",""animal horror"",""pool party"",""pool"",""party"",""teen horror"",""horror"",""animal""]",
1316092,“Cumbres Borrascosas” (2026),"{""latino"":{""url"":""https://ok.ru/videoembed/12903086885491?autoplay=1"",""quality"":""HD""}}",/tHEUPDaoE9qZHNT6d6Bo4jKedbr.jpg,2026-03-31 23:32:00-03,"[10749,18]",6.407,49.3662,2026-02-11,B-15,Sexuality,28,"[""dying and death"",""infidelity"",""based on novel or book"",""forbidden love"",""grief"",""orphan"",""period drama"",""biting"",""sexual sadism"",""kinky"",""foster child"",""18th century"",""woman director"",""gothic romance"",""whitewashing"",""passion and romance"",""romantic drama"",""dramatic"",""violence"",""conceited"",""ghoulish"",""gothic period"",""pettiness"",""period romance"",""sensual""]",/vSQSYd2zZTqc0zmHImwWEGGluMI.jpg
1317134,Sara: Amor y Revolución (2024),"{""latino"":{""url"":""https://ok.ru/videoembed/11329664518834?autoplay=1"",""quality"":""HD""}}",/jcrhdmLIznx3kXPYNrkqUZrlFV9.jpg,2026-01-21 22:12:00-03,[36],4,0.4566,2024-06-28,,,1267,[],
1317288,Marty Supremo (2025),"{""latino"":{""url"":""https://ok.ru/videoembed/13410747812447?autoplay=1"",""quality"":""HD""}}",/xGszJUMKgmdzB16mn6xqhOWursY.jpg,2026-04-07 18:10:00-03,"[18,53]",7.4,18.5684,2025-12-19,B-15,"Sexual Content, Inappropriate Language, Violence",77,"[""new york city"",""sports"",""capitalism"",""hustler"",""narcissism"",""ping pong"",""scheming"",""1950s"",""dedication"",""american businessman"",""table tennis"",""amused"",""bewildered"",""oscar nominee"",""best picture nominee""]",/3iMoYSbI72Nwsvi7uSpqReLJVa6.jpg
1317672,"Love Me, Love Me (2026)","{""latino"":{""url"":""https://ok.ru/videoembed/12505156029106?autoplay=1"",""quality"":""HD""}}",/xmoO861IKm1ycJ52mLGc3nwINKV.jpg,2026-03-10 23:36:00-03,"[10749,18]",5.528,17.1098,2026-02-12,+16,,88,"[""based on novel or book"",""desperate"",""embarrassed""]",/ohUhHOqW8cM59Ay5UjqplLzJbH3.jpg
1318691,Los Muértimer (2025),"{""castellano"":{""url"":""https://ok.ru/videoembed/11150784399934?autoplay=1"",""quality"":""HD""}}",/6WJQY3fHypDR481HzWRbbuGHgiU.jpg,2026-04-06 18:12:00-03,"[35,27,9648,10751]",6.673,3.0106,2025-08-14,12,,603,"[""dark comedy"",""based on comic"",""paranormal investigation""]",/90Tcb25LL1CgJJ2xk9vccNBJvor.jpg
1319504,Boot Camp,"{""castellano"":{""url"":""https://downloader.f2lp.workers.dev/watch/536684?hash=AgADXg"",""quality"":""HD""}}",/2OcKL5OkT84j1AK3kdS3NpLtpL1.jpg,2026-01-20 12:36:45.887344-03,"[10749,35]",6.338,0.7342,2024-08-02,NR,,1163,"[""based on novel or book""]",/5XaXMFgcecAzAtfOCu7WlHhQJRK.jpg
1319895,Cazando al Asesino (2025),"{""latino"":{""url"":""https://ok.ru/videoembed/11012931783263?autoplay=1"",""quality"":""HD""}}",/AvAgo0AHVAFAPr0vZLAzHPq0ftL.jpg,2026-01-30 11:19:00-03,"[28,35,53]",7.016,7.4189,2025-08-08,NR,,180,[],/tIfLu82gSgcgsXS6jvNFjwMqcKp.jpg
1319969,Sketch. Cuidado con lo que dibujas (2025),"{""castellano"":{""url"":""https://ok.ru/videoembed/10896276720257?autoplay=1"",""quality"":""HD""}}",/3iA0yPEZWxrVrW4zDBVVaTEXCz.jpg,2026-02-03 16:46:00-03,"[12,14,35,10751]",7.129,3.049,2025-08-06,PG,"Fear, Sensitive Themes, Violence",598,"[""based on short film"",""serene"",""amused"",""awestruck""]",/3htgvJ6d0GV633oHYueeISk8J7w.jpg
1319972,No nos dejes caer esta noche (2025),"{""latino"":{""url"":""https://ok.ru/videoembed/12391432850098?autoplay=1"",""quality"":""HD""}}",/loCToXfo1tB58ZtVzsQyiAZclTE.jpg,2026-03-06 19:13:00-03,[18],7,3.1969,2025-07-11,R,"Violence, Language May Offend",577,[],/LbLP1yi4WHI3HZO7iQW43B5FZU.jpg
1320917,Subsuelo (2025),"{""castellano"":{""url"":""https://ok.ru/videoembed/12685992397566?autoplay=1"",""quality"":""HD""}}",/ctW0xFUhjNJfKypBwXKczENr84h.jpg,2026-03-22 22:52:00-03,"[53,18]",5.5,2.0267,2025-11-07,,,775,"[""based on novel or book"",""revenge"",""twins"",""accident"",""secrets""]",/bmfmhhmPUMCJjVttB7dsSlRgcYg.jpg
1321439,El otro París (2025),"{""castellano"":{""url"":""https://ok.ru/videoembed/10856342751809?autoplay=1"",""quality"":""HD""}}",/voSMS4SpnvRuDYovWosVDuz4eUo.jpg,2026-01-27 18:51:00-03,"[10749,35]",6.654,3.1152,2025-09-11,NR,,589,"[""dating show"",""dramatic""]",
1321624,731 (2025),"{""subtitulado"":{""url"":""https://ok.ru/videoembed/10638826015359?autoplay=1"",""quality"":""HD""}}",/alNUuyYisn5IB3b2gWqDyLtMKQr.jpg,2026-01-25 08:12:00-03,"[18,10752]",5.267,3.4494,2025-09-18,NR,,536,"[""based on true story"",""history"",""conceited""]",
1321656,Miss Carbón (2025),"{""castellano"":{""url"":""https://ok.ru/videoembed/12284678638145?autoplay=1"",""quality"":""HD""}}",/fOqlr3OXH5H4eFtfkf1ykWTLgCA.jpg,2026-02-27 10:16:00-03,[18],7.063,0.5881,2025-06-12,ATP,,1221,"[""coal mining"",""transwoman""]",/sW1GJaDtMrbT2phMNgIk4Zwje7b.jpg
1321952,Tu Sangre (2024),"{""castellano"":{""url"":""https://ok.ru/videoembed/13295437351539?autoplay=1"",""quality"":""HD""}}",/zavwSwdJ1tOaL57wlWmuFu3uLqT.jpg,2026-04-15 21:11:00-03,[27],6.048,1.4233,2024-10-31,C,,921,"[""boarding school"",""murder"",""female child abuser"",""loss of mother""]",/QNo0appKGKLAsBXVkU64fXwOtj.jpg
1323625,Patrulla Nocturna (2026),"{""latino"":{""url"":""https://ok.ru/videoembed/12870567529022?autoplay=1"",""quality"":""HD""},""castellano"":{""url"":""https://ok.ru/videoembed/12722175609473?autoplay=1"",""quality"":""HD""}}",/rNqLzACU9ez2ehDalTFDPjZiC4G.jpg,2026-04-03 23:18:00-03,"[27,9648,28]",5.221,5.6098,2026-01-16,R,,253,"[""police"",""vampire"",""gang"",""los angeles, california"",""satirical"",""supernatural horror"",""secret"",""negative"",""callous""]",/vHvVt2Lovn4G6of9u3pHEQE2CxI.jpg
1327819,Hoppers: Operación castor (2026),"{""latino"":{""url"":""https://ok.ru/videoembed/12719058389619?autoplay=1"",""quality"":""HDCAM""}}",/1yEP6ye1QxLJMrwSv91UWhdmhy2.jpg,2026-03-27 23:57:00-03,"[16,10751,878,35,12]",7.6,166.7708,2026-03-04,A,Threat,7,"[""human vs nature"",""beaver"",""transhumanism"",""consciousness"",""aftercreditsstinger"",""duringcreditsstinger"",""human becoming an animal"",""robotic animal"",""3d animation"",""lighthearted"",""whimsical"",""oregon""]",/u53UYu5XG2hNgWGvs3xGhAVzypl.jpg
1328803,Prisionero de guerra (2025),"{""latino"":{""url"":""https://ok.ru/videoembed/11329294305970?autoplay=1"",""quality"":""HD""}}",/6paGLyOAvY95XxjfdiTcatwI7dJ.jpg,2026-01-21 12:56:00-03,"[28,10752,53,36]",7.14,9.7315,2025-09-19,NR,,158,"[""world war ii"",""prisoner of war"",""internment camp"",""1940s""]",/yGByIyqgJerCw7AAphTrTAlrdkJ.jpg
1329189,Leo & Lou (2025),"{""castellano"":{""url"":""https://ok.ru/videoembed/12036777118269?autoplay=1"",""quality"":""HD""}}",/xCvaBdv8f9fDMNoBhm0hbQ2nZan.jpg,2026-03-06 21:02:00-03,"[18,35]",5.833,4.3004,2025-11-07,7,,409,"[""road movie""]",/66Pg2wfKvnKYR9akKoA5RlOKHyf.jpg
1337636,"Autos, Mota y Rocanrol (2025)","{""latino"":{""url"":""https://ok.ru/videoembed/10890449848897?autoplay=1"",""quality"":""HD""}}",/hAasOVaSrKDqnPoOkExRQ5pcDVy.jpg,2026-01-28 09:35:00-03,"[10402,36]",5.8,2.6726,2025-09-11,B-15,,653,[],
1339853,Lies and Ex Wives: Secrets on Maple Street (2024),"{""latino"":{""url"":""https://ok.ru/videoembed/13670850366067?autoplay=1"",""quality"":""1080P""}}",/mzItGC23w5COWP8CbKHiJO0vWbQ.jpg,2026-04-24 22:40:00-03,"[10770,53,9648]",0,0.825,2024-07-14,,,1127,[],/hrp4GdjLi632bHU48MNKjZCyfen.jpg
1339876,La mujer policía 3 (2026),"{""latino"":{""url"":""https://ok.ru/videoembed/12894965860979?autoplay=1"",""quality"":""HD""}}",/4YxXQGmhfMvxM85H2P9GWhzzYgv.jpg,2026-03-31 23:35:00-03,"[28,80,53]",7.2,29.9081,2026-01-30,B-15,,39,[],/pfcyWSaPKGagqdunfBXQYCqZHxx.jpg
1340110,Matar Vengar Repetir (2026),"{""latino"":{""url"":""https://ok.ru/videoembed/12442846038590?autoplay=1"",""quality"":""HD""}}",/xzuvCZNKF2jnZ6amc0SP5AjclNK.jpg,2026-04-03 23:32:00-03,"[878,9648,53]",6.4,3.0822,2026-02-20,R,,593,"[""revenge"",""grieving mother"",""multiverse"",""mother-daughter""]",/nBTUocp7lHmyrTmD8mTBOYem4ok.jpg
1352706,Bodegón con fantasmas (2025),"{""latino"":{""url"":""https://ok.ru/videoembed/12543363386099?autoplay=1"",""quality"":""HD""}}",/ipaGA6cLhY2dd4u87EcuH0nwWyn.jpg,2026-03-11 12:22:00-03,"[35,14]",7.1,0.46,2025-02-07,7,,1266,[],/c8bdRo3a5fhq8Ki4FhuBrjJdiiT.jpg
1352755,Mantenimiento requerido (2025),"{""latino"":{""url"":""https://ok.ru/videoembed/12058581600833?autoplay=1"",""quality"":""HD""}}",/wdhUHVEwpfsutJ7gJPqsOTOf2i2.jpg,2026-02-20 13:57:00-03,"[10749,35]",6.028,3.4692,2025-10-07,PG-13,,530,"[""car mechanic""]",/uxRCrEMJlfCILQhkcDuDpadkQC9.jpg
1357449,Ídolos (2026),"{""castellano"":{""url"":""https://ok.ru/videoembed/13574030953075?autoplay=1"",""quality"":""1080P""}}",/j2gYxk9EQXh2hz1jNZQOe9WOUXU.jpg,2026-04-21 21:53:00-03,"[18,10749]",6.789,12.9593,2026-01-23,12,,111,"[""racing"",""estranged father"",""motorsport"",""motorbike"",""motor racing"",""romantic drama""]",/hUJKuKdF7aBgsCYQdDou3SJOC8t.jpg
1359153,El diario (2024),"{""latino"":{""url"":""https://ok.ru/videoembed/10856421853758?autoplay=1"",""quality"":""HD""}}",/plqa8Eyd4r3aWH5xk7vMPC3IUvr.jpg,2026-01-21 14:30:00-03,"[53,18]",5.912,0.5881,2024-10-04,B,,1222,"[""suspense thriller""]",
1359388,La bala (2025),"{""castellano"":{""url"":""https://ok.ru/videoembed/13119547312894?autoplay=1"",""quality"":""HD""}}",/CMpTHqfuqPYfUC4CsTPrsZlF7t.jpg,2026-04-03 22:05:00-03,[53],5,4.045,2025-11-21,12,,445,[],/x4OcwAj80xMccpTGpZnvR08mbef.jpg
1360841,"Sun, Rosé and Romance (2024)","{""latino"":{""url"":""https://ok.ru/videoembed/11329793821362?autoplay=1"",""quality"":""HD""}}",/k3xqbaASN4xIuKtg0G2mImrSF62.jpg,2026-01-26 16:37:00-03,"[10749,35]",6.7,0.1875,2024-11-01,,,1352,"[""spain"",""wine cellar"",""ibiza"",""archaeologist"",""balearic islands"",""archaeology"",""winemaking""]",/txktaoYlwhSOl6myK7T4H2iTwKI.jpg
1361248,Navidad bajo las luces (2024),"{""latino"":{""url"":""https://ok.ru/videoembed/11329038125746?autoplay=1"",""quality"":""HD""}}",/zf14A7CCxgxvO6SBK8rwT3ivLeY.jpg,2026-01-25 21:24:00-03,"[18,10770]",5.933,0.6852,2024-11-27,,,1182,[],/6sjpWeRcx3xEIa5kzgY9ZWcuMzs.jpg
1361253,Todo lo que deseo para Navidad (2024),"{""latino"":{""url"":""https://ok.ru/videoembed/11329789430450?autoplay=1"",""quality"":""HD""}}",/u7LDQzTsmiDFfCEPLlV29LLMH25.jpg,2026-01-25 08:10:00-03,"[35,10749]",6.177,1.0395,2024-12-12,NR,,1040,"[""christmas""]",/xXJ2KWQeC8PPHVOBsyRVXxYLi3D.jpg
1362101,La cueva azul (2024),"{""latino"":{""url"":""https://ok.ru/videoembed/8308726106664?autoplay=1"",""quality"":""HD""}}",/5zlbRu9X2FCSkDxV4ZhrPrJDgg8.jpg,2026-03-28 00:20:00-03,"[18,10749]",7,1.927,2024-10-17,16,,798,[],/69zQPqavgtWhpvWS5dOU0sInjez.jpg
1362315,La mano que mece la cuna (2025),"{""latino"":{""url"":""https://ok.ru/videoembed/11329031965362?autoplay=1"",""quality"":""HD""}}",/lRe1CQugJcj5ZA3WSaQnFIDPoK5.jpg,2026-01-23 14:24:00-03,"[27,53]",5.717,4.3932,2025-10-16,16,,395,"[""nanny"",""remake"",""psychological thriller"",""paranoid"",""newborn baby"",""baffled"",""callous""]",/lK1zWi7EpBIFaGJBf0Y7jjemZe2.jpg
1362514,House on Eden (2025),"{""latino"":{""url"":""https://ok.ru/videoembed/12482238876275?autoplay=1"",""quality"":""HD""},""castellano"":{""url"":""https://ok.ru/videoembed/12866129300083?autoplay=1"",""quality"":""HD""},""subtitulado"":{""url"":""https://ok.ru/videoembed/12869130652275?autoplay=1"",""quality"":""HD""}}",/raNYVB5UF3uzKEZEEcNMilzwD8S.jpg,2026-03-31 23:53:00-03,[27],4.793,4.1357,2025-07-25,R,,432,"[""abandoned house"",""woods"",""paranormal investigation"",""found footage"",""hopeless"",""supernatural horror"",""evil spirits"",""pathetic""]",/qMV1paVi1WiHkmKH5uzIBDDh4Gf.jpg
1363123,Plan en familia 2 (2025),"{""latino"":{""url"":""https://ok.ru/videoembed/11329292470962?autoplay=1"",""quality"":""HD""}}",/sxoN17pPyL6SiqD8F6DXmTPILwJ.jpg,2026-01-23 06:53:00-03,"[28,35]",6.531,14.8824,2025-11-11,PG-13,,98,"[""europe vacation""]",
1363224,Fear Cabin: The Last Weekend of Summer (2024),"{""latino"":{""url"":""https://ok.ru/videoembed/13524390972019?autoplay=1"",""quality"":""1080P""},""castellano"":{""url"":""https://ok.ru/videoembed/13524349225587?autoplay=1"",""quality"":""1080P""},""subtitulado"":{""url"":""https://ok.ru/videoembed/13524411550323?autoplay=1"",""quality"":""1080P""}}",/gaSqrnpSnTq5oYno0KnDyDXAF5r.jpg,2026-04-21 21:36:00-03,[27],5.9,1.2556,2024-09-27,18,,978,[],/xfVqUIwm1fgp2lAImhegmWWqpFv.jpg
1363282,El misterio de la familia Carman (2025),"{""latino"":{""url"":""https://ok.ru/videoembed/11328938969778?autoplay=1"",""quality"":""HD""}}",/kehV1PgXItaiPJS9o3YZPIVJcPT.jpg,2026-01-24 17:36:00-03,"[99,80]",6.797,1.6912,2025-11-18,PG-13,,859,"[""based on true story"",""true crime"",""new england"",""murder investigation"",""homicide investigation""]",/7BzlM1VAL4lSoX93KmL9JKk8Vnc.jpg
1364904,ผีใช้ได้ค่ะ (2025),"{""subtitulado"":{""url"":""https://ok.ru/videoembed/11441009199677?autoplay=1"",""quality"":""HD""}}",/t1TwPiXtkE3WlkU5r7cqKwTth0C.jpg,2026-02-07 16:47:00-03,"[35,18,14]",6.882,1.8244,2025-08-27,B,"Sexual Content, Nudity, Violence",821,"[""dark comedy"",""mysterious"",""political history"",""mischievous"",""playful"",""thailand protest"",""hilarious"",""inflammatory"",""powerful"",""thailand history"",""black comedy""]",
1364992,Perdóname Papá (2024),"{""latino"":{""url"":""https://ok.ru/videoembed/12306959895105?autoplay=1"",""quality"":""HD""},""subtitulado"":{""url"":""https://ok.ru/videoembed/12306960026177?autoplay=1"",""quality"":""HD""}}",/b9FLi1lsg267ki2siw4wmXtUUHT.jpg,2026-03-01 12:02:00-03,"[53,27,80]",6.781,4.0033,2024-11-04,15,,455,[],/ym19HiZFtyCLlPIj1ZwUCoDkxCz.jpg
1365302,"Chavín de Huántar, el rescate del siglo (2025)","{""latino"":{""url"":""https://ok.ru/videoembed/13711397620339?autoplay=1"",""quality"":""1080P""}}",/pu7F7SErM1l6xxViRFZm34kaZaS.jpg,2026-04-24 22:56:00-03,"[18,28,36]",7.4,2.3032,2025-10-30,,,729,[],
1366745,Papá x dos (2025),"{""latino"":{""url"":""https://ok.ru/videoembed/11384961370686?autoplay=1"",""quality"":""HD""}}",/gclIrK0PYAVXhROFQuH6ju15k8h.jpg,2026-03-23 19:59:00-03,"[10751,35,10749]",4.679,3.5132,2025-09-18,TE+7,,518,[],/y6MgDckBAzPfvRDCR093UNaWItQ.jpg
1367125,Gaua (2025),"{""castellano"":{""url"":""https://ok.ru/videoembed/11767375334051?autoplay=1"",""quality"":""HD""}}",/uKSS2AnpX5jiQM4xUrNEjFjd2pn.jpg,2026-01-26 20:53:00-03,"[18,27,14]",6.333,5.5765,2025-11-14,,,254,"[""basque country, spain"",""based on myths, legends or folklore"",""17th century""]",/i23UST9JNv8Dtz2Hzqf9f2tj9ch.jpg
1367642,No te olvidaré (2026),"{""latino"":{""url"":""https://ok.ru/videoembed/13382884002419?autoplay=1"",""quality"":""1080P""},""subtitulado"":{""url"":""https://ok.ru/videoembed/13382931712627?autoplay=1"",""quality"":""1080P""}}",/iPJ4V6o5PttdBmHoehdOtWqQ6gx.jpg,2026-04-16 00:30:00-03,"[10749,18]",6.977,59.2352,2026-03-11,B,"Violence, Threat, Injury",24,"[""wyoming, usa"",""based on novel or book"",""loss of loved one"",""release from prison"",""mistake"",""car accident"",""second chance"",""ex-con"",""child custody"",""return to hometown"",""romantic drama"",""cliché"",""forgiveness and reconciliation""]",/5rxEnsgriw8z065q51lrvPKYmCL.jpg
1367763,Lilly Lives Alone (2025),"{""castellano"":{""url"":""https://ok.ru/videoembed/13421952371363?autoplay=1"",""quality"":""HD""}}",/w6aIZIGNlGqTvfRaRG1p2FlBXJl.jpg,2026-03-23 20:17:00-03,"[27,53]",4,6.0948,2025-08-22,,,231,[],/gz0egUOuOk9EWQEMaFUvKewDKU0.jpg
1368166,La asistenta (2025),"{""latino"":{""url"":""https://ok.ru/videoembed/11384277699134?autoplay=1"",""quality"":""HD""},""subtitulado"":{""url"":""https://ok.ru/videoembed/11859074550358?autoplay=1"",""quality"":""HD""}}",/cFnGVbQQPhhq7wJsAczJt48MsiS.jpg,2026-02-03 17:10:00-03,"[9648,53]",7.141,86.662,2025-12-18,,,18,"[""based on novel or book"",""psychological thriller"",""housekeeper"",""attic"",""housemaid"",""adaptation"",""mystery"",""suspense thriller""]",/zTnAnYIn0Iv3cn0ZHlzLhou3ybm.jpg
1369679,Velocidad total (2024),"{""subtitulado"":{""url"":""https://ok.ru/videoembed/10854887983681?autoplay=1"",""quality"":""HD""}}",/kK0ZgJINxy50AkVbCsTRIX0DvbZ.jpg,2026-01-27 10:30:00-03,"[28,80,53]",5.9,3.6989,2024-12-12,R,,494,"[""kidnapping"",""heist"",""thief"",""orphan"",""drug lord"",""cars""]",/JMlVj6X2F1PuDz9OyHShThzpa2.jpg
1371185,Song Sung Blue - Canción para dos (2025),"{""latino"":{""url"":""https://ok.ru/videoembed/10831224441406?autoplay=1"",""quality"":""HD""}}",/iACF4iWIDxMQnEB48DMtbgE9jnQ.jpg,2026-01-21 14:30:00-03,"[18,10402,10749]",7.6,6.9893,2025-12-25,ATP,"Fear, Coarse Language",194,"[""wisconsin"",""based on true story"",""based on movie"",""milwaukee wisconsin"",""tribute band"",""sentimental"",""biographical drama"",""based on documentary""]",/wLauNnJYmvVLN0MiOv0tjdiPs0J.jpg
1371511,La leyenda del castillo (2024),"{""castellano"":{""url"":""https://ok.ru/videoembed/12685779340030?autoplay=1"",""quality"":""HD""}}",/doz7atgFLWogKj0dPXuZCQnJHKv.jpg,2026-03-22 22:59:00-03,"[18,36,28]",5.3,0.6825,2024-11-27,16,,1184,[],/uDiIlteKEl8M3DyFe9Of82xLFAB.jpg
1373276,Eran brujas (2025),"{""latino"":{""url"":""https://ok.ru/videoembed/11488622414422?autoplay=1"",""quality"":""HD""}}",/85rlLCjpHbY0puR1FSL7jYyN1cu.jpg,2026-02-03 16:30:00-03,[27],4.667,3.8977,2025-09-08,,,466,[],/f2SUTv6qGGQK9k8gInnG0z9mBN3.jpg
1375831,Diabolic (2025),"{""subtitulado"":{""url"":""https://ok.ru/videoembed/12941860932259?autoplay=1"",""quality"":""HD""}}",/3qikoc12LQH6upkLZZlJY8wEZvN.jpg,2026-03-05 12:37:00-03,[27],7.341,8.7148,2025-11-20,NR,"Violence, Injury",167,"[""witch"",""evil spirit"",""demon"",""latter day saints"",""demonic"",""supernatural horror"",""horror"",""horrified"",""tragic""]",/jwRbJMGO3OZCwFLoJXn8tEbatJ2.jpg
1377413,El día de la masacre (2025),"{""latino"":{""url"":""https://ok.ru/videoembed/12306309581377?autoplay=1"",""quality"":""HD""},""subtitulado"":{""url"":""https://ok.ru/videoembed/12306309646913?autoplay=1"",""quality"":""HD""}}",/vKW4eNf2Zc8vlwF6RHM98f1VMUT.jpg,2026-02-27 16:06:00-03,[27],4.667,1.3282,2025-03-10,15,,955,"[""serial killer"",""st. patrick's day"",""revenge murderer""]",/1Ee5HiQNK6kJkfwdWBNqW88oRGi.jpg
1378803,"Más allá de la fuerza, más allá de la fe (2024)","{""subtitulado"":{""url"":""https://ok.ru/videoembed/10854884903489?autoplay=1"",""quality"":""HD""}}",/2Lqmf6PWcC6ofGbnLbid5FpcxFs.jpg,2026-02-01 05:30:00-03,[18],6.7,4.1136,2024-10-15,,,437,[],/8yKcNPF2PmNlEVSwSPbSzt5wjSd.jpg
1380405,The Chosen: Last Supper (2025),"{""subtitulado"":{""url"":""https://ok.ru/videoembed/9104258632320?autoplay=1"",""quality"":""HD""}}",/sADRlqLn9na8p7S1mLWMOU04uit.jpg,2026-01-20 12:36:46.662574-03,"[18,36,12]",8.1,0.7927,2025-03-27,NR,Violence,1138,"[""jesus christ"",""marie"",""jesus"",""chosen""]",/5s3vOMorPo0F7NQHt6XL4dfq27E.jpg
1380682,El Último Rodeo (2025),"{""latino"":{""url"":""https://ok.ru/videoembed/12520691206751?autoplay=1"",""quality"":""HD""}}",/qzSGyF8Zd3Tsph8732zZJpqvZul.jpg,2026-03-22 21:31:00-03,[18],7.6,3.7375,2025-05-22,B,"Legal Drugs, Violence",487,"[""bullfighting"",""matador (bullfighter)"",""bull riding"",""contests and competitions"",""estranged friend"",""christian faith"",""independent film"",""faith and religion""]",/9MuwxjnVPGweFwo4cZPbXM2iRX9.jpg
1380983,Renovation Romance (2024),"{""latino"":{""url"":""https://ok.ru/videoembed/11329663666866?autoplay=1"",""quality"":""HD""}}",/uIqcgTHf5RRLQR3D4weJKfRcagb.jpg,2026-01-23 10:25:00-03,"[10770,10749,35]",6.773,0.4697,2024-11-01,,,1259,[],
1382180,Bloody Mary (2024),"{""latino"":{""url"":""https://ok.ru/videoembed/11789508676182?autoplay=1"",""quality"":""HD""}}",/eNpY5iiCv2sRXYmEeHA9SHT9Th2.jpg,2026-02-01 11:58:00-03,[27],7,1.9812,2024-10-22,,,788,[],/3dpVbQBYlirAPHxczHr8vErDaL3.jpg
1386128,La fianza (2024),"{""latino"":{""url"":""https://ok.ru/videoembed/11328953191090?autoplay=1"",""quality"":""HD""}}",/3CknYu11R1wZslUQ07G1hNcPUUJ.jpg,2026-01-25 13:25:00-03,[53],5.5,0.1806,2024-12-05,,,1355,"[""organized crime"",""colombia"",""secret""]",
1386792,Lefter: La historia de un maestro del fútbol (2025),"{""latino"":{""url"":""https://ok.ru/videoembed/11199830428338?autoplay=1"",""quality"":""HD""}}",/kPxiquXDXroiSJ6dmikbPISpIps.jpg,2026-01-24 11:49:00-03,"[18,36]",6.7,1.5447,2025-11-13,12,,895,"[""based on true story""]",
1388694,El asesino del calendario (2025),"{""latino"":{""url"":""https://ok.ru/videoembed/8598031764064?autoplay=1"",""quality"":""HD""}}",/p6ALxjTM4YUdiCRmHCkZLE6r2pG.jpg,2026-01-20 12:36:46.193763-03,"[80,53]",6.235,1.4489,2025-01-15,16,Violence,913,"[""based on novel or book"",""serial killer"",""phone call""]",/haX32ZQxOgDWcJO5sTiTUEE1Ulr.jpg
1388808,Into the Deep (2025),"{""latino"":{""url"":""https://ok.ru/videoembed/11421615196801?autoplay=1"",""quality"":""HD""}}",/tHkFVhZji6o9UyHXezAeFma8IOW.jpg,2026-02-07 19:18:00-03,"[27,28,53]",5.7,3.218,2025-01-23,R,,575,"[""shark attack"",""treasure hunter"",""sea pirates""]",
1389149,Acusada (2026),"{""latino"":{""url"":""https://ok.ru/videoembed/12463612037858?autoplay=1"",""quality"":""HD""}}",/3FAQTMv64JINU5Pk6mePXQbze4M.jpg,2026-03-11 23:58:00-03,"[53,9648,18]",5,5.0028,2026-02-27,+16,,306,[],/8QRMlkCMFNKZM2ApnIaut5t4snf.jpg
1389730,Estimados señores (2024),"{""latino"":{""url"":""https://ok.ru/videoembed/12116016106162?autoplay=1"",""quality"":""HD""}}",/11glKZCdAMGHqHqukpWZBHdkKFb.jpg,2026-02-23 01:23:00-03,"[18,36]",6.4,2.103,2024-11-28,,,761,"[""women's rights"",""latin american history"",""feminist activism"",""women's voting rights"",""colombia"",""voting rights""]",/nCveeo0LwRejNG9op6qMV759mN9.jpg
1390390,The Naughty List of Mr. Scrooge (2024),"{""subtitulado"":{""url"":""https://ok.ru/videoembed/10695556729471?autoplay=1"",""quality"":""HD""}}",/tWkjPi69XT4YvGoU2aZn6UZOXO8.jpg,2026-01-25 21:22:00-03,"[27,35]",5.6,0.1033,2024-12-20,R,,1367,"[""serial killer"",""slasher"",""christmas reunion""]",/yzlsn3p1VpB35NgJ0qc7LymyRdE.jpg
1391047,Control Room,"{""castellano"":{""url"":""https://ok.ru/videoembed/11113719990990?autoplay=1"",""quality"":""HD""}}",/1oPW1RuTy3CgJ1Nlv06AleOHz7a.jpg,2026-01-21 10:15:50.616711-03,"[878,53,27]",5.2,1.5808,2025-04-16,NR,,886,[],/ekrIgeHkpjUPMAhXEI9YK9CTp4f.jpg
1393382,La venganza de Popeye (2025),"{""castellano"":{""url"":""https://ok.ru/videoembed/12989071231651?autoplay=1"",""quality"":""HD""}}",/AqBieJrkR9htALulMmwzTPIuqvJ.jpg,2026-03-06 21:46:00-03,[27],4.905,2.3042,2025-02-12,R,,728,"[""gore"",""based on cartoon"",""slasher"",""re-imagining"",""blood"",""topless women"",""popeye""]",/kSKC5GilSW3IXejH7Pp4sp2lzF1.jpg
1397462,The Tiger (2025),"{""castellano"":{""url"":""https://ok.ru/videoembed/10845486844662?autoplay=1"",""quality"":""HD""}}",/be9jyH6arqy7mlRtgA7XPv2lYDu.jpg,2026-01-28 09:26:00-03,"[28,18,53]",0,0.7909,2025-12-02,17+,,1141,"[""martial arts"",""silat""]",/aBQjLC3VuDrm2JG1mcdGvAG8m7A.jpg
1399462,Calle Málaga (2025),"{""castellano"":{""url"":""https://ok.ru/videoembed/12615162464981?autoplay=1"",""quality"":""HD""}}",/xRtfRDIe8u5h1wKKUtT2vN8VKb9.jpg,2026-03-21 13:22:00-03,[18],7,2.7653,2025-10-31,+13,,634,"[""sexual desire"",""mother daughter relationship"",""loss of home"",""old people"",""parents home""]",/81jteI5xIztDCFPhMXBTmT5MdW9.jpg
1400214,Maspalomas (2025),"{""castellano"":{""url"":""https://ok.ru/videoembed/11044483172925?autoplay=1"",""quality"":""HD""}}",/cMyPcoQk3mfWOweDQzaBdtsvicO.jpg,2026-02-12 00:53:00-03,[18],6.522,3.7793,2025-09-26,16,,480,"[""lgbt"",""elderly man"",""closeted homosexual"",""gay theme"",""introspective"",""elderly lgbt"",""homosexuality"",""festival chéries chéris""]",/sEnwVITx3kufohbDqTqnpsQbola.jpg
1400743,DJ Ahmet (2025),"{""subtitulado"":{""url"":""https://ok.ru/videoembed/11851132701245?autoplay=1"",""quality"":""HD""}}",/n5OYq5veVaU2hRmOTZhUgl99VH5.jpg,2026-02-22 14:10:00-03,"[18,10402,35]",7.4,5.0378,2025-08-28,PG-13,"Violence, Coarse Language",302,"[""arranged marriage"",""teenage boy"",""macedonia""]",/nJuvjdbdCOwosvnOyPrcNmJr97h.jpg
1400757,Rey del ring (2025),"{""latino"":{""url"":""https://ok.ru/videoembed/11851128310333?autoplay=1"",""quality"":""HD""}}",/bMyEsGXWP3XjS3D4VAMY794NPx.jpg,2026-02-22 00:43:00-03,[18],8,1.7656,2025-10-02,,,836,"[""new york city"",""dancer"",""love triangle"",""american dream"",""1940s"",""boxing"",""independent film""]",/agqVFKOpswAhyqESGgdsUB0mNSi.jpg
1400784,Selena y Los Dinos (2025),"{""latino"":{""url"":""https://ok.ru/videoembed/9742491322976?autoplay=1"",""quality"":""HD""}}",/m1GyfEvcsFrvJq1e9vxpx8vpYWn.jpg,2026-03-30 23:32:00-03,"[99,10402]",8.9,0.8785,2025-01-26,PG,,1109,"[""portrait of an artist"",""music documentary"",""women singer""]",/wOXCi4Kp3c2YkvPPIonTlsjkMfP.jpg
1401318,Una Navidad ex cepcional (2025),"{""latino"":{""url"":""https://ok.ru/videoembed/11329926924978?autoplay=1"",""quality"":""HD""}}",/aCh3KvC7abbNex2d4dKMnIeQs3Q.jpg,2026-01-21 13:17:00-03,"[10749,35]",6.104,1.9382,2025-11-12,PG,,795,"[""small town"",""holiday"",""marital separation"",""christmas"",""handyman"",""small town doctor"",""christmastime"",""family traditions"",""teenage children"",""new girlfriend""]",/2GHJGnF2jgnzeqT3XTHjHXgk5Fx.jpg
1401778,Turbulencia: Pánico en el aire (2025),"{""latino"":{""url"":""https://ok.ru/videoembed/13368744610419?autoplay=1"",""quality"":""1080P""},""castellano"":{""url"":""https://ok.ru/videoembed/12539260308083?autoplay=1"",""quality"":""1080P""},""subtitulado"":{""url"":""https://ok.ru/videoembed/13368984013427?autoplay=1"",""quality"":""1080P""}}",/kdCiVGBmk9IVMT0BPf030hkQB41.jpg,2026-04-16 00:01:00-03,"[53,28,12,18,14]",6.348,12.9779,2025-11-26,+16,,110,"[""italy"",""married couple"",""pilot"",""hot air balloon"",""couple"",""dolomites"",""survival thriller""]",/vOV4Qy3g791OTzEndiSGoJwuI2M.jpg
1404175,Home Sweet Home (2025),"{""latino"":{""url"":""https://ok.ru/videoembed/12992726895219?autoplay=1"",""quality"":""HD""},""subtitulado"":{""url"":""https://ok.ru/videoembed/12992594709107?autoplay=1"",""quality"":""HD""}}",/6taCCZMyA46YOooit2XH0MhNXLt.jpg,2026-04-09 00:35:00-03,[18],6.9,0.3324,2025-06-19,11,,1305,[],/2K1svnj3Gx7rFwp0j2CP9iNBipd.jpg
1404629,Raising the Bar: The Alma Richards Story (2025),"{""subtitulado"":{""url"":""https://ok.ru/videoembed/13943838018143?autoplay=1"",""quality"":""HD""}}",/rLv3mXh8TA4ipvLZjG1xrMB8Sm5.jpg,2026-04-22 21:56:00-03,"[18,36,10751]",8.2,0.6741,2025-04-30,,,1189,"[""olympic games"",""based on true story"",""drop-out"",""family drama"",""inspiring story"",""historical drama"",""1910s"",""1900s"",""independent film"",""20th century"",""sports drama"",""high jumper"",""famous athlete"",""gold medalist""]",/xHqDFG3828IHxNQD7h0P29xYUBt.jpg
1406657,Scarlet (2025),"{""castellano"":{""url"":""https://ok.ru/videoembed/13449225374371?autoplay=1"",""quality"":""HD""}}",/cB3no81UOBzs7k77gCaOpq4oBud.jpg,2026-03-21 12:24:00-03,"[16,28,18,878]",6.276,12.4667,2025-11-21,B,"Violence, Threat, Injury",115,"[""princess"",""time travel"",""revenge"",""anime""]",/4ZZiOP4Imzv6ULF9QczvfQ1VdEO.jpg
1407635,La buena letra (2025),"{""castellano"":{""url"":""https://ok.ru/videoembed/10703106476609?autoplay=1"",""quality"":""HD""}}",/3bVMsq7jOsBAY2mlAkzkeQkf4M8.jpg,2026-01-24 11:29:00-03,[18],6.765,0.9718,2025-04-30,12,,1069,"[""based on novel or book""]",
1410399,Susurros mortales 3 (2025),"{""latino"":{""url"":""https://ok.ru/videoembed/11411305400961?autoplay=1"",""quality"":""HD""},""subtitulado"":{""url"":""https://ok.ru/videoembed/12280780163747?autoplay=1"",""quality"":""HD""}}",/tQaeGKJ0g4oKoq0UU1JNayDg8FW.jpg,2026-02-13 23:25:00-03,"[27,28,53]",4.9,2.7479,2025-09-30,16,,637,[],/4r7onhOb1exn1d3wTWr6bx5JCsQ.jpg
1412598,Killer Whale (2026),"{""subtitulado"":{""url"":""https://ok.ru/videoembed/11636143164067?autoplay=1"",""quality"":""HD""}}",/zuo6itkTkmklIJpLGiNrxDCQDsD.jpg,2026-02-04 21:50:00-03,"[53,27,28,9648,878]",5.91,19.8732,2026-01-16,,,68,"[""biting"",""survival horror"",""killer whale"",""orca"",""aquatic horror"",""absurd"",""stranded at sea""]",/ykigHs1OIyqqV04zfFqIlSHp546.jpg
1417854,సంతాన ప్రాప్తిరస్తు (2025),"{""subtitulado"":{""url"":""https://ok.ru/videoembed/10695357762175?autoplay=1"",""quality"":""HD""}}",/o35sT4PsRIQthzcNwgRV5uCJVIW.jpg,2026-01-25 21:19:00-03,"[35,10751,10749]",5.5,1.2652,2025-11-14,,,973,[],
1418657,The Yeti (2026),"{""latino"":{""url"":""https://ok.ru/videoembed/13279207623283?autoplay=1"",""quality"":""1080P""}}",/qW22SucWPODisKufindxiI5Frxm.jpg,2026-04-15 21:02:00-03,"[27,53]",6.804,66.2854,2026-04-04,R,,23,"[""yeti"",""alaska"",""creature feature"",""based on short film"",""missing"",""horror""]",/13iSfmlqlMBAAYVlfrxj84qrQPP.jpg
1419406,Escuadrón letal (2025),"{""castellano"":{""url"":""https://ok.ru/videoembed/12179038341872?autoplay=1"",""quality"":""HD""},""subtitulado"":{""url"":""https://ok.ru/videoembed/12324405971571?autoplay=1"",""quality"":""HD""}}",/yf9x88fdtTB8E0XIfmgWLWKt8wy.jpg,2026-03-09 16:10:00-03,"[28,80,18,53]",7.2,84.6148,2025-08-16,,,19,"[""excited""]",
1422096,Good Boy (2025),"{""latino"":{""url"":""https://ok.ru/videoembed/11130041535103?autoplay=1"",""quality"":""HD""}}",/te9RRIEXCdj882BDnsBzES8emAz.jpg,2026-02-09 19:00:00-03,[27],6.725,7.9462,2025-10-01,PG-13,"Threat, Injury",177,"[""human animal relationship"",""haunted house"",""terminal illness"",""woods"",""evil spirit"",""curse"",""dog"",""death"",""ghost"",""family curse"",""pov (point of view)"",""supernatural horror"",""independent film""]",/mPtPJzBkwksUoMEKpkZqxBrlKpZ.jpg
1424965,Infierno bajo cero (2026),"{""castellano"":{""url"":""https://ok.ru/videoembed/13365208025715?autoplay=1"",""quality"":""1080P""},""subtitulado"":{""url"":""https://ok.ru/videoembed/13365391133299?autoplay=1"",""quality"":""1080P""}}",/dQyyx00wZSiJlJEAT0oIo9NZVjn.jpg,2026-04-16 00:15:00-03,"[18,53]",4.719,34.2885,2026-02-24,12,,36,"[""lost at sea"",""ice skater"",""arctic survival""]",/6xVAbjvUWKJlPSVYduQgkRzEQNy.jpg
1425045,El muro negro (2025),"{""latino"":{""url"":""https://ok.ru/videoembed/10856469760574?autoplay=1"",""quality"":""HD""}}",/ubKnIdUWNfpKUgkfdOPJvcGXO2G.jpg,2026-01-21 14:29:00-03,"[53,878]",5.785,3.4533,2025-07-02,R,,533,"[""conspiracy theory"",""trapped"",""estranged couple"",""brick wall"",""secret military program"",""huis clos"",""cliché""]",
1426297,Finge Estar Muerta (2025),"{""castellano"":{""url"":""https://ok.ru/videoembed/12722173119105?autoplay=1"",""quality"":""HD""}}",/5THjBLt4vE9lAnLODqXFf5qEwxa.jpg,2026-03-19 19:43:00-03,[27],5.853,3.8702,2025-03-29,18,,470,"[""kidnapping"",""serial killer"",""survival horror""]",/lZ3vcm5HtPX8BeHs4axZABJrYJa.jpg
1426792,Mango (2025),"{""latino"":{""url"":""https://ok.ru/videoembed/11199832132274?autoplay=1"",""quality"":""HD""}}",/AqqpXEBk5c2EuDgA6EVMxkrdh9I.jpg,2026-01-23 09:39:00-03,"[10749,18]",6.459,2.8707,2025-11-06,12,,625,[],
1426964,Aviso general: Hermandad (2026),"{""latino"":{""url"":""https://ok.ru/videoembed/11548645198397?autoplay=1"",""quality"":""HD""}}",/xdyCFS4jUzp7kghoptaiYqir48X.jpg,2026-02-11 20:06:00-03,"[28,53,80,18]",1,2.6485,2026-02-11,+16,,659,"[""romantic""]",/1Xdsq7U7bvJJd2X7Jg4qNaKVkYO.jpg
1428213,Academia de villanos (2025),"{""latino"":{""url"":""https://ok.ru/videoembed/10856505739841?autoplay=1"",""quality"":""HD""},""castellano"":{""url"":""https://ok.ru/videoembed/10856342620737?autoplay=1"",""quality"":""HD""}}",/lRIvhKw058RFYHdXpdAPROTdWpx.jpg,2026-01-26 20:48:00-03,"[35,14]",6.974,3.5297,2025-09-10,PG-13,,511,"[""hope"",""revenge"",""oppression""]",
1428862,Cortafuego (2026),"{""castellano"":{""url"":""https://ok.ru/videoembed/12879666678450?autoplay=1"",""quality"":""HD""}}",/gJFTLShjozMdgg3nSJCzzs9R5XU.jpg,2026-03-29 11:22:00-03,"[53,18]",6.465,5.9126,2026-02-19,C,,244,"[""forest fire""]",/thgemkoLauZxcqe6KX8wxqEc70z.jpg
1428990,This Is Not a Test (2026),"{""subtitulado"":{""url"":""https://ok.ru/videoembed/12457823111893?autoplay=1"",""quality"":""HD""}}",/oZqxDDByIei1UVDgw7ZBXJCHHtI.jpg,2026-03-15 00:25:00-03,"[53,27]",6.455,5.4475,2026-02-20,R,,266,"[""high school"",""based on novel or book"",""post-apocalyptic future"",""survival"",""suicidal"",""school"",""zombie"",""survival horror"",""zombie apocalypse""]",
1429348,El extranjero (2025),"{""castellano"":{""url"":""https://ok.ru/videoembed/13365724252787?autoplay=1"",""quality"":""1080P""}}",/n7frRF1nA8JLoGk4enOSlgpH27R.jpg,2026-04-16 00:11:00-03,"[18,80]",6.829,4.733,2025-10-29,12,"Violence, Sexuality, Threat",344,"[""based on novel or book"",""algiers, algeria"",""philosophical"",""1930s""]",/aTjFGxR7K32HPxrdvJOVeXX1UCe.jpg
1429747,El mismo día contigo (2025),"{""latino"":{""url"":""https://ok.ru/videoembed/11076369189441?autoplay=1"",""quality"":""HD""}}",/lqYyrLLLpvfQLay7Q2ttUYa1wGj.jpg,2026-01-26 17:55:00-03,"[10749,35,14]",7.571,0.993,2025-09-17,PG-13,,1057,"[""fiancé"",""romcom"",""time loop"",""break-up""]",/9ibwr02TiPvxN1jqLufKXvFVD1Y.jpg
1429750,Todos te quieren cuando has muerto (2025),"{""latino"":{""url"":""https://ok.ru/videoembed/12298560145985?autoplay=1"",""quality"":""HD""},""castellano"":{""url"":""https://ok.ru/videoembed/12298559949377?autoplay=1"",""quality"":""HD""},""subtitulado"":{""url"":""https://ok.ru/videoembed/12298560014913?autoplay=1"",""quality"":""HD""}}",/uimZ60ToXqVIgpX9jOTy8QEnEir.jpg,2026-03-02 21:05:00-03,"[53,80,18]",6.577,1.1799,2025-10-10,C,,995,[],
1429834,Casi familia (2025),"{""latino"":{""url"":""https://ok.ru/videoembed/11687578307212?autoplay=1"",""quality"":""HD""}}",/fgk4rtDNlP9LZql9rtC3Huil1ob.jpg,2026-02-24 17:32:00-03,[35],6.33,1.1588,2025-07-17,PG,,1000,"[""regionalism"",""family vacation"",""trip to argentina"",""brazilian comedy"",""family rivalry""]",/lP5kcBL67k4aduIEzlSTVRR4RBh.jpg
1433680,La cena (2025),"{""castellano"":{""url"":""https://ok.ru/videoembed/11956075760250?autoplay=1"",""quality"":""HD""}}",/8Ct1yY0ClGwgQpnsipRcaFC27xF.jpg,2026-03-23 19:58:00-03,"[35,36]",6.791,5.3409,2025-10-17,12,,274,"[""franco regime (francoism)"",""post spanish civil war"",""cheerful""]",/9C10gUV5uR1UZtvGs8uQtb6xi7Z.jpg
1433842,La Meta es el Amor (2026),"{""latino"":{""url"":""https://ok.ru/videoembed/11458247985726?autoplay=1"",""quality"":""HD""}}",/4UE5pQOuuANo17V3TjXBbHYvutj.jpg,2026-02-09 22:26:00-03,"[10749,35]",5.548,5.8004,2026-02-04,PG-13,,249,"[""based on novel or book"",""romcom""]",/dFdFQaffaBNBNM5hzinc6Q0oWDZ.jpg
1441563,El secreto de Papá Noel (2025),"{""latino"":{""url"":""https://ok.ru/videoembed/11813551082162?autoplay=1"",""quality"":""HD""}}",/mWla8Ndd7YjTdRKqfbdTneoMRPz.jpg,2026-02-09 13:50:00-03,"[35,10749]",6.3,2.3799,2025-12-02,PG,,713,"[""santa claus"",""resort"",""single mother"",""ski resort"",""christmas spirit"",""ski"",""christmas"",""holiday resort"",""secret santa"",""alpine skiing"",""christmas romance""]",/bXZcSDQoyXlzzUw9qxjZjiUSYov.jpg
1443762,El falsificador (2026),"{""castellano"":{""url"":""https://ok.ru/videoembed/11789269666467?autoplay=1"",""quality"":""HD""}}",/bJFvxY8S3kM7h2ScWhfVozROstF.jpg,2026-01-26 20:56:00-03,"[53,80,18]",6.627,5.4467,2025-10-19,R,,267,"[""based on novel or book"",""art"",""crime""]",/uHavtqbnMDcwqVK9Y94ZQSWxtCw.jpg
1444358,Burning Butterflies (2024),"{""latino"":{""url"":""https://ok.ru/videoembed/9729880623712?autoplay=1"",""quality"":""HD""}}",/7MVwpdRprhVzxTsgaRuqNP34za2.jpg,2026-03-30 23:35:00-03,"[27,53,9648]",6.5,0.3191,2024-09-06,14,,1310,[],/vFzwfjm8cyICCDiCqTXfUq2m99f.jpg
1445488,El beso de Judas (2025),"{""latino"":{""url"":""https://ok.ru/videoembed/12384080693886?autoplay=1"",""quality"":""HD""}}",/eX7sEsILS1F9vRGB99sCXvORfr5.jpg,2026-03-13 23:43:00-03,[53],10,0.2951,2025-03-27,,,1321,[],/qOIminpBmCFBrKvfn5kvz8sIItm.jpg
1446616,El último depredador (2026),"{""latino"":{""url"":""https://ok.ru/videoembed/13383100992115?autoplay=1"",""quality"":""1080P""},""castellano"":{""url"":""https://ok.ru/videoembed/13383060097651?autoplay=1"",""quality"":""1080P""},""subtitulado"":{""url"":""https://ok.ru/videoembed/13383151389299?autoplay=1"",""quality"":""1080P""}}",/25AyYjTWP5KfZMG680mxdaTF9Hx.jpg,2026-04-16 00:23:00-03,"[53,10749]",6.75,93.2151,2026-02-11,R,,17,"[""hip-hop"",""rapper"",""creature feature"",""based on movie"",""content creators"",""survival thriller"",""official adaptation""]",/zIOBTZAqGwdKnOb5c6SvzxP7x86.jpg
1447457,Golpes (2025),"{""castellano"":{""url"":""https://ok.ru/videoembed/13201564895998?autoplay=1"",""quality"":""HD""}}",/ikHvxnP8L5nFn5zkTENMpxBHA6H.jpg,2026-04-03 21:58:00-03,"[80,28,18]",5.625,4.8783,2025-10-22,16,,318,"[""heist"",""cine quinqui"",""1980s""]",/40d0I1BkbzxkoUj2ClqTWq1oXvy.jpg
1448014,Dishing Up Love (2025),"{""latino"":{""url"":""https://ok.ru/videoembed/11328850627250?autoplay=1"",""quality"":""HD""}}",/aERt7hv8bSPLuZ31Di3mUIT0wEr.jpg,2026-01-26 16:37:00-03,[10749],5.5,0.9016,2025-08-08,,,1097,[],/6ngT1alQRnXU42tuZdrB2LOkeUs.jpg
1448353,Thám Tử Kiên: Kỳ Án Không Đầu (2025),"{""subtitulado"":{""url"":""https://ok.ru/videoembed/11398515591766?autoplay=1"",""quality"":""HD""}}",/51aFpeW0cxIiI5XPrDXo6jTTDKT.jpg,2026-02-01 05:40:00-03,"[27,80,36]",7.893,0.8013,2025-04-25,15,,1132,[],/rmhmfqVVUWV4xjoC0uBnelARFmT.jpg
1448560,Instinto salvaje (2025),"{""latino"":{""url"":""https://ok.ru/videoembed/11491977136736?autoplay=1"",""quality"":""HD""}}",/cv09iyQhL9jqYQ7G0p9KE7ccwCZ.jpg,2026-03-30 22:33:00-03,"[28,53]",6.191,20.3369,2025-11-19,R,,66,"[""playful"",""embarrassed""]",/pAyImoslSnpMgjRwhaS5ZEdl8UI.jpg
1450529,Gatillero (2025),"{""latino"":{""url"":""https://ok.ru/videoembed/11076738746945?autoplay=1"",""quality"":""HD""}}",/moiLQPK2YjritOYG674DrWHvlgp.jpg,2026-01-21 08:50:00-03,"[53,28]",6.4,3.1609,2025-06-12,+16,,585,[],/nJLp4dBD29fwWopoaranezJ26bo.jpg
1457705,Nuestras hijas (2025),"{""castellano"":{""url"":""https://ok.ru/videoembed/12677280959037?autoplay=1"",""quality"":""HD""}}",/sx4sNJsVlftP9ij31WVmoUCoptF.jpg,2026-03-20 10:22:00-03,[18],7.5,2.7358,2025-10-02,12,"Fear, Coarse Language",641,"[""parent child relationship"",""country house"",""family drama"",""dead daughter"",""quad"",""accident"",""loss of child"",""disheartening""]",/oSG5OOrS5nmuwwyjscduRZnSVTF.jpg
1460448,Cuerpos locos (2025),"{""castellano"":{""url"":""https://ok.ru/videoembed/12010025585274?autoplay=1"",""quality"":""HD""}}",/oerSVMe58ULacCDM2SSnbItLeuu.jpg,2026-03-23 19:56:00-03,"[35,10751]",5.15,4.84,2025-10-31,,,324,[],/vG6DVxzey4NKE1B5X5aGglpdHNK.jpg
1466115,Aunque nuestro amor se desvanezca esta noche (2025),"{""latino"":{""url"":""https://ok.ru/videoembed/11345306716799?autoplay=1"",""quality"":""HD""}}",/lawtchSE4FQch7kNTA5OiMTZ4F3.jpg,2026-02-05 19:03:00-03,"[10749,18]",6.8,6.599,2025-12-24,PG-13,,212,"[""amnesia"",""based on novel or book"",""remake"",""tearjerker"",""high school romance"",""slow burn"",""pure love"",""emotional growth"",""emotional"",""melancholic"",""youth melodrama"",""fear of goodbye"",""warm tragedy"",""bittersweet ending"",""tears guaranteed""]",/iL5eGI9ctHdUOV4yG6dyGKctSEX.jpg
1469354,Cazadores de fronteras (2025),"{""latino"":{""url"":""https://ok.ru/videoembed/11263835441791?autoplay=1"",""quality"":""HD""}}",/2dtuv0VpyQvrwM9mlcBrsgbNmsv.jpg,2026-02-10 12:04:00-03,"[28,53]",6.4,8.2472,2025-10-20,R,,171,"[""absurd""]",/tRdorrIjlybrGsebXOzgF7vRyYy.jpg
1471345,Homo Argentum (2025),"{""latino"":{""url"":""https://ok.ru/videoembed/10952507198014?autoplay=1"",""quality"":""HD""}}",/21WlZtv1GZgiD2qAVHOkg63LRmU.jpg,2026-01-21 14:33:00-03,[35],5.563,5.2933,2025-08-14,14,"Inappropriate Language, Nudity, Violence",277,"[""dreary""]",/3GLkzqIXENA0qFfxKzmm1oKApDo.jpg
1475189,Desastre en familia (2025),"{""latino"":{""url"":""https://ok.ru/videoembed/10830430210682?autoplay=1"",""quality"":""HD""}}",/4xElszx6rphaMQHoX4T5CCCM2cV.jpg,2026-03-23 19:01:00-03,"[18,35,10751]",7.625,1.2234,2025-09-25,,,983,[],/zSNiaXDZVKoRIdimZbeeiel632T.jpg
1477476,Savage Flowers (2025),"{""subtitulado"":{""url"":""https://ok.ru/videoembed/11570533042901?autoplay=1"",""quality"":""HD""}}",/8MuzZokOBarqNltzGVW7AqQ0Swc.jpg,2026-03-05 21:50:00-03,"[53,27]",5.3,0.721,2025-05-07,,,1168,[],/2jYcLigYIkSeED1I50myEHamCEK.jpg
1478178,Los bárbaros (2025),"{""castellano"":{""url"":""https://ok.ru/videoembed/10889884666433?autoplay=1"",""quality"":""HD""}}",/xm6rilitqrlvnPThzJpLBSCreVg.jpg,2026-01-24 11:47:00-03,[18],7.333,0.6408,2025-06-20,,,1202,"[""squatting"",""housing crisis"",""social drama""]",/qlgjhx4lubpHpXZbAXinphCVJnk.jpg
1480387,undertone (2026),"{""subtitulado"":{""url"":""https://ok.ru/videoembed/14025533098509?autoplay=1"",""quality"":""1080P""}}",/2PFgFMnrdCPXWiZl1PUvky7Mo9D.jpg,2026-04-21 22:54:00-03,"[27,9648]",6.579,95.7112,2026-03-12,R,Frightening Scenes,16,"[""supernatural"",""haunted house"",""evil spirit"",""fear"",""demon"",""entity"",""death"",""caregiver"",""dying mother"",""evil"",""found footage"",""demonic spirit"",""supernatural horror"",""psychological"",""podcast"",""pregnant"",""psychological horror"",""suspenseful"",""horror"",""intense"",""horrified"",""hybrid found footage""]",/qXxFWyur7jFkg2aQgENcXuyYeHF.jpg
1484061,El fantasma de la quinta (2025),"{""castellano"":{""url"":""https://ok.ru/videoembed/10637682543233?autoplay=1"",""quality"":""HD""}}",/8HFU2SHcRtW6CUW4XXjhk7w7ave.jpg,2026-02-01 05:41:00-03,"[16,27]",7,0.3697,2025-06-07,,,1287,"[""villa"",""madrid, spain"",""country house"",""painting"",""artwork"",""trauma"",""descent into madness"",""art"",""gothic"",""child loss"",""19th century"",""downward spiral"",""short film"",""francisco de goya"",""declining health"",""deafness"",""declining mental health""]",/ksDr2JjVclfbkPScMuz4L4Nt2DJ.jpg
1484640,Limpia (2025),"{""latino"":{""url"":""https://ok.ru/videoembed/12284678703681?autoplay=1"",""quality"":""HD""}}",/wHK4R14rjhoDIBwmk9uwTNpopFz.jpg,2026-02-27 10:10:00-03,"[18,80]",5.375,1.2646,2025-09-25,19,,974,[],
1488685,Las Nubes (2025),"{""latino"":{""url"":""https://ok.ru/videoembed/12306326424129?autoplay=1"",""quality"":""HD""}}",/cTc5QzX7nJZOZryeC4RYWvTWfWp.jpg,2026-02-27 16:23:00-03,[53],4.333,0.3022,2025-04-29,NR,,1315,[],/eX4D4EpRsK3RgqckJSFf5l1hriM.jpg
1491902,Nunca te rindas (2025),"{""latino"":{""url"":""https://ok.ru/videoembed/10173227666016?autoplay=1"",""quality"":""HD""}}",/1kQTLtNy8A5lAWEU2LfjWxg6UQJ.jpg,2026-03-30 23:17:00-03,"[28,53]",6.7,7.3312,2025-07-11,16,,183,"[""hitman""]",/sW0X1265yuRHUorLKCrJDv9TJD7.jpg
1495013,El hada de las tinieblas (2025),"{""latino"":{""url"":""https://ok.ru/videoembed/12879765047986?autoplay=1"",""quality"":""HD""}}",/n4mCg3QogFLL5ZVLFlIoZmfxd4W.jpg,2026-03-28 11:40:00-03,"[27,53,14]",4.4,0.87,2025-07-28,,,1114,[],/44dBWCN7xoMrQgkCYOWjctynJE2.jpg
1500691,Este maldito fútbol fantasy (2025),"{""castellano"":{""url"":""https://ok.ru/videoembed/10709675870785?autoplay=1"",""quality"":""HD""}}",/hVFMmPPvG1JSkJWMMbzV1llUXM0.jpg,2026-01-24 11:37:00-03,[35],5.667,0.9846,2025-08-26,19,,1062,[],/dkpAbMdLZ6OgHZBXM6NG7fMp9mJ.jpg
1502943,La noche de la Parca (2025),"{""subtitulado"":{""url"":""https://ok.ru/videoembed/13513832794787?autoplay=1"",""quality"":""HD""}}",/aHPDlpoNuECG4bojvZiNaeYSbxJ.jpg,2026-03-23 20:17:00-03,"[27,53]",6.46,3.7988,2025-10-30,18+,,476,"[""sheriff"",""babysitter"",""murder"",""slasher"",""police officer"",""bound and gagged"",""evidence"",""slasher horror"",""babysitter in peril""]",/eO5hZJjuQRB675g2j9Y7BqDJrGd.jpg
1503187,Matadores de Aliens do Espaço Sideral (2025),"{""latino"":{""url"":""https://ok.ru/videoembed/11559745423937?autoplay=1"",""quality"":""HD""},""subtitulado"":{""url"":""https://ok.ru/videoembed/11559745620545?autoplay=1"",""quality"":""HD""}}",/7ubj6nPmJDwGPFW41USMYIs8AKc.jpg,2026-02-03 16:25:00-03,"[28,878]",5.5,0.0895,2025-07-04,,,1368,[],/qGJn08BkGkyOiA8eXssorbRCSIv.jpg
1509871,Y ella dijo quizás (2025),"{""castellano"":{""url"":""https://ok.ru/videoembed/11076743727681?autoplay=1"",""quality"":""HD""},""subtitulado"":{""url"":""https://ok.ru/videoembed/11076743596609?autoplay=1"",""quality"":""HD""}}",/zxiL8i4fxhdFFwvfkTTahQCK7dT.jpg,2026-01-27 09:30:00-03,"[35,10749,18]",5.792,1.3248,2025-09-18,PG-13,,956,"[""romcom""]",
1512581,No Tears in Hell (2025),"{""latino"":{""url"":""https://ok.ru/videoembed/11559750535745?autoplay=1"",""quality"":""HD""}}",/zPI3xK4a4oXUZVrxNWLc8Rck0Cd.jpg,2026-02-03 16:15:00-03,"[27,80]",7.9,3.1118,2025-10-29,18,,590,"[""serial killer"",""abduction"",""cannibalism""]",/j6OkZpiBZPXGGN0EFSIN1Rg7xI.jpg
1515395,LEGO Princesas Disney: Villanos unidos (2025),"{""latino"":{""url"":""https://ok.ru/videoembed/10703665629761?autoplay=1"",""quality"":""HD""}}",/12kNMnNioZYl7J6tg8xOh406bkg.jpg,2026-01-27 07:41:00-03,"[16,35,14,12,10751]",7.286,1.2055,2025-08-24,G,,987,[],
1516445,Aún es de Noche en Caracas (2025),"{""latino"":{""url"":""https://ok.ru/videoembed/13029624384061?autoplay=1"",""quality"":""HD""}}",/s41i9MQeqKqIFtCTfXKTPM9X9MG.jpg,2026-03-29 11:56:00-03,"[28,12,18]",6.333,6.2158,2025-10-26,B-15,,225,"[""dreary""]",/4UELxtN4TRgVMQY4tUJMVA5cjxR.jpg
1522377,"Dos mundos, un deseo (2025)","{""latino"":{""url"":""https://ok.ru/videoembed/9821439527520?autoplay=1"",""quality"":""HD""}}",/z3TOm0laEXLGPoH3VmzTYyHu1YR.jpg,2026-03-30 23:28:00-03,"[10749,18]",7.4,13.4007,2025-11-24,16,,105,[],/2yZmwuXiQw58GiXwJwGNYtsDrEL.jpg
1529510,Mi Perfecto Ex (2024),"{""latino"":{""url"":""https://ok.ru/videoembed/11389045574266?autoplay=1"",""quality"":""HD""}}",/zw87n0YBEicExmrr5NYSwJlT7mw.jpg,2026-03-23 18:41:00-03,"[35,10749]",8.444,0.6455,2024-10-02,,,1198,[],/uYX3KkGKtfQfax8eZk2HhZjzDzP.jpg
1530875,Todos los demonios están aquí (2025),"{""castellano"":{""url"":""https://ok.ru/videoembed/11611125320355?autoplay=1"",""quality"":""HD""}}",/8lnJCtcDkFnyWLqC4qL45ZbtYfh.jpg,2026-01-27 20:15:00-03,"[53,80,9648]",6.016,3.5211,2025-09-25,R,,513,[],/jiW3TaZtpMQgMfVnMn5Nmciqhdv.jpg
1531626,Descendientes/Zombies: Choque de mundos - Concierto especial (2026),"{""subtitulado"":{""url"":""https://ok.ru/videoembed/13417517156979?autoplay=1"",""quality"":""1080P""}}",/6jCr0ku7bBDNcYxrKDesNkZiqsl.jpg,2026-04-16 00:55:00-03,[10402],7,2.4769,2026-02-19,G,,688,"[""concert"",""live show""]",/fX19SnITb90RwMhbOWI1BWTxDzz.jpg
1548113,El Show de los Muppets (2026),"{""castellano"":{""url"":""https://ok.ru/videoembed/11382949350017?autoplay=1"",""quality"":""HD""}}",/o0o6aJQvyDXc5NHGhUpEOO2cvPX.jpg,2026-02-04 19:15:00-03,"[35,10751,10402,10770]",7.6,4.0098,2026-02-04,PG,,453,"[""duringcreditsstinger"",""special"",""variety show"",""puppet-comedy"",""tv pilot"",""tv special"",""muppets""]",/qz7B5uDspnkoz068wLbLnleotwV.jpg
1548764,El pádel es nuestro (2025),"{""latino"":{""url"":""https://ok.ru/videoembed/11076369713729?autoplay=1"",""quality"":""HD""}}",/6KFOfT40Kh0SJEEq1tuuowPEXG9.jpg,2026-02-01 05:43:00-03,[35],5.7,0.8318,2025-09-19,,,1124,[],
1550223,El tiempo que nos queda (2025),"{""castellano"":{""url"":""https://ok.ru/videoembed/12306316069441?autoplay=1"",""quality"":""HD""},""subtitulado"":{""url"":""https://ok.ru/videoembed/12306316200513?autoplay=1"",""quality"":""HD""}}",/a0Nyuk4UHr2dSqlQ8YZQdNWDX0b.jpg,2026-02-27 16:13:00-03,"[18,10749,14]",6.615,1.4317,2025-10-15,,,917,"[""vampire"",""forbidden love"",""human vampire relationship"",""supernatural being"",""vampire human love""]",
1550797,Patrulla de aterrizaje: Operación bola de nieve (2025),"{""latino"":{""url"":""https://ok.ru/videoembed/11910507858610?autoplay=1"",""quality"":""HD""}}",/nmbyvqhJE9MMSW0zYCvCsEfgY0C.jpg,2026-02-19 21:45:00-03,"[16,35,14,10751]",7.14,3.3702,2025-11-27,G,,549,"[""hijinks"",""buddy comedy"",""told in flashback"",""christmas"",""christmas special"",""elf""]",/tombkp3ir9tmm5v9QLnHaDZCWa7.jpg
1551144,Involuntary (2025),"{""subtitulado"":{""url"":""https://ok.ru/videoembed/11945376680634?autoplay=1"",""quality"":""HD""}}",/uTYaGwKFN0yMpJK301iyqhiAXOR.jpg,2026-01-27 07:43:00-03,[],0,4.1402,2025-01-01,,,430,"[""elder abuse""]",/57PAJzowiXBHULqoGnmQwhqZQaF.jpg
1561687,Un destino en Corea (2026),"{""latino"":{""url"":""https://ok.ru/videoembed/12869054630515?autoplay=1"",""quality"":""HD""},""castellano"":{""url"":""https://ok.ru/videoembed/12869038115443?autoplay=1"",""quality"":""HD""},""subtitulado"":{""url"":""https://ok.ru/videoembed/12869048535667?autoplay=1"",""quality"":""HD""}}",/8bIkhMcRg2lFKV7J5ZtbTEwU3UH.jpg,2026-03-29 23:18:00-03,[18],6.792,3.5256,2026-03-12,B-15,,512,"[""foreigner"",""south korea"",""seoul, south korea""]",/aOZlZ5ceIpUVjJaFBl0vQjGTieI.jpg
1561955,Stephen (2025),"{""latino"":{""url"":""https://ok.ru/videoembed/11910508186290?autoplay=1"",""quality"":""HD""}}",/zht2iAMV2hh99ZpXl2T9offt0tt.jpg,2026-02-24 12:47:00-03,[53],6.643,6.2197,2025-12-05,R,,224,[],/7cQjb8cRbRjF5tM5gOCnqsvC0iT.jpg
1561969,Baramulla (2025),"{""latino"":{""url"":""https://ok.ru/videoembed/11199684676274?autoplay=1"",""quality"":""HD""}}",/2raITTyjXVUcsbJ7lJAQt8HzjDK.jpg,2026-01-23 10:00:00-03,[27],5.641,4.0226,2025-11-06,R,,450,[],/fbTRgh6moAvhlkB4wPjswP9EdWz.jpg
1563506,Salvation (2025),"{""latino"":{""url"":""https://ok.ru/videoembed/11444266928769?autoplay=1"",""quality"":""HD""}}",/ldQjcwGgc0Fr3klFbWyRjafK3HR.jpg,2026-02-07 14:27:00-03,"[27,53]",5,1.2755,2025-08-19,,,969,[],/xL5eX4090b5TCfKy5wNJdAC0rZz.jpg
1565344,Parking (2025),"{""latino"":{""url"":""https://ok.ru/videoembed/11199834229426?autoplay=1"",""quality"":""HD""}}",/cZdZCT8PG1UYFPjk11XUUIDfKs3.jpg,2026-01-24 11:54:00-03,"[35,18]",3.25,0.5347,2025-10-17,,,1239,[],/9LXVLQrTedD5xpaIo4KDlVhEjyz.jpg
1570282,Ahí estoy yo (2026),"{""latino"":{""url"":""https://ok.ru/videoembed/12505069521586?autoplay=1"",""quality"":""HD""}}",/pW68uIgEJsjFtLUWIRpxcOuwivY.jpg,2026-03-10 21:17:00-03,"[18,10402]",6.8,1.9322,2026-02-10,+16,"Sexual Content, Drugs",797,"[""based on novel or book"",""osaka, japan"",""gender identity"",""aspiring artist"",""transgender rights"",""complex"",""transgender"",""compassionate"",""vibrant"",""lgbtq""]",/6aa0MMYI0cnrAw2ra3E5CmfHfUV.jpg
1571470,Las Ratas: Una historia de 'The Witcher' (2025),"{""latino"":{""url"":""https://ok.ru/videoembed/11329034324658?autoplay=1"",""quality"":""HD""}}",/7ML1ZEpWjR8IKEb2wpK3k4KMvhK.jpg,2026-01-24 11:58:00-03,"[14,18,12]",5.355,6.6118,2025-10-29,R,,210,"[""witch"",""monster"",""based on novel or book"",""magic"",""mutant"",""supernatural"",""prequel"",""spin off"",""supernatural creature"",""fantasy world"",""dark fantasy"",""supernatural being"",""fantastic realism""]",/en0NbTEjf3qKokHvwGeaq9DBPIP.jpg
1572017,Amor y vino (2025),"{""latino"":{""url"":""https://ok.ru/videoembed/11813501209266?autoplay=1"",""quality"":""HD""}}",/zf4b5f9sqzWkD675ODeLjqWAwtc.jpg,2026-02-09 13:39:00-03,"[10749,35]",6.423,3.2271,2025-12-05,12,L,573,"[""wine"",""rich kid"",""pretending to be rich"",""cape town, south africa"",""black doctor"",""pretending to be poor"",""heartfelt"",""charming"",""charming man"",""feel-good"",""playboy billionaire"",""feel good romance""]",/teRLn0uy7Ttggbi7ll5kipPrynv.jpg
1575337,La princesa Kaguya del cosmos (2026),"{""latino"":{""url"":""https://ok.ru/videoembed/11095194733118?autoplay=1"",""quality"":""HD""}}",/5qdBUtjTZIZA0vfnjb4FiQP9J5G.jpg,2026-04-06 18:19:00-03,"[16,14,10402,878]",8.445,12.0218,2026-01-22,+13,,121,"[""time travel"",""anime"",""virtual world"",""idol"",""science fantasy""]",/1jdPUUSy37Wzw3xuc8otI86X2gv.jpg
1575535,Tormento (2025),"{""latino"":{""url"":""https://ok.ru/videoembed/11810031012438?autoplay=1"",""quality"":""HD""}}",/dfJ9PqicF0cswNDsostHrGVueiq.jpg,2026-02-03 17:29:00-03,[27],6.818,2.9213,2025-11-13,B,,614,[],/vaqN5ZtKBrEEcetV75cD9imIpt8.jpg
1576166,Ojalá me lo hubieras dicho (2025),"{""latino"":{""url"":""https://ok.ru/videoembed/11910507793074?autoplay=1"",""quality"":""HD""}}",/hvrThJPIKQY6G41e7m3avEjU7Vi.jpg,2026-02-19 21:25:00-03,[18],4.6,0.7129,2025-12-04,15,,1173,"[""lgbt"",""gay theme""]",/vexA4DDCcs4Wi26IaUEEK9bU8z.jpg
1576997,Nadie sabe quién soy yo (2025),"{""latino"":{""url"":""https://ok.ru/videoembed/10747805305471?autoplay=1"",""quality"":""HD""}}",/7TNBs393l7pOKDZsk6q9BAiUTaD.jpg,2026-01-23 10:30:00-03,[35],4.3,0.1637,2025-04-12,16,,1359,[],/gZLmzuvOAhfIlQhEtCeDV023ljK.jpg
1583382,Stolen Children (2025),"{""castellano"":{""url"":""https://ok.ru/videoembed/11231346821761?autoplay=1"",""quality"":""HD""}}",/3JPrT7IWEizzt5gJOiHeR0xwZNj.jpg,2026-01-30 10:06:00-03,[99],10,0.6547,2025-12-05,7,,1195,"[""human trafficking"",""disappearance"",""child kidnapping""]",/qmUOo4HY49Fd8YwEKAUE4xlFygP.jpg
1585269,Finding Christmas (2024),"{""latino"":{""url"":""https://ok.ru/videoembed/11328942115506?autoplay=1"",""quality"":""HD""}}",/aVXhAtdJZVg4aHtaRaIzDIS8p26.jpg,2026-01-25 10:06:00-03,"[12,18,10751]",1,0.7979,2024-09-10,12,,1133,"[""gamer"",""christmas"",""christian film"",""christian faith"",""xmas""]",/mYw190IzvPJOoqfanhM9IwtZWGP.jpg
1586820,Feliz NaviDAR con Elmo y Mark Rober (2025),"{""latino"":{""url"":""https://ok.ru/videoembed/10082963425888?autoplay=1"",""quality"":""HD""}}",/p0DR6j8wwHptbHTyWRawZtXVw0d.jpg,2026-03-30 23:14:00-03,"[10751,10770]",6,0.3226,2025-12-08,A,,1308,"[""engineering"",""christmas"",""science and technology"",""puppets"",""christmas present"",""muppets"",""gifts""]",/l9Zw7G2xOIi8BVqAdqQPrl8Ms1X.jpg
1586841,El paseo 8 (2025),"{""latino"":{""url"":""https://ok.ru/videoembed/12296460831327?autoplay=1"",""quality"":""HD""}}",/oP4BuJ4toBC5KLczNy9c38cMgbr.jpg,2026-03-22 21:39:00-03,[35],7.2,5.7312,2025-12-25,,,250,[],/kXeUzmOMqdySaeknuuYUTHzMC8H.jpg
1589891,La hora de los valientes (2025),"{""latino"":{""url"":""https://ok.ru/videoembed/10817946520186?autoplay=1"",""quality"":""HD""}}",/8ZoDrAbrsSLDVjXsyvOlwjJakUK.jpg,2026-03-23 19:22:00-03,"[35,28]",7.5,5.8034,2025-12-18,C,,248,[],/gtuXARxjGdfsGFqEwggBB8zUJza.jpg
1591516,La influencer siniestra: La historia de Jodi Hildebrandt (2025),"{""latino"":{""url"":""https://ok.ru/videoembed/11151057029694?autoplay=1"",""quality"":""HD""}}",/9jFjw1jPGHSoL310iVNacwYm1xu.jpg,2026-04-06 18:11:00-03,[99],6.22,2.3983,2025-12-30,16,,706,"[""true crime"",""crime documentary"",""disgusted""]",/5lZXIkRpOJICbWYJgImdbZ1vWx6.jpg
1595481,Secuestros: Elizabeth Smart (2026),"{""latino"":{""url"":""https://ok.ru/videoembed/11695691008623?autoplay=1"",""quality"":""HD""}}",/gnhFIiNU6TlQCOsG5zClOwdnJ4e.jpg,2026-03-12 16:04:00-03,"[99,80]",7.065,1.5156,2026-01-20,C,,901,"[""kidnapping"",""utah"",""psychology"",""trauma"",""victim"",""community"",""fear"",""family"",""guilt"",""true crime"",""child kidnapping"",""silence"",""story"",""united states of america (usa)"",""true"",""reconstruction""]",/dTRZJuN9w5cW5FjuxxyJGXfwQdl.jpg
1596291,La reina del ajedrez (2026),"{""subtitulado"":{""url"":""https://ok.ru/videoembed/12426115549939?autoplay=1"",""quality"":""HD""}}",/619nyA6pyKCGrOZIJT4y4SlCayS.jpg,2026-03-06 19:53:00-03,[99],7.45,3.3563,2026-01-27,7,,551,"[""chess"",""sexism"",""child prodigy"",""chess champion"",""playing chess"",""prodigy"",""chess match"",""chess game"",""kasparov""]",/y5haKgSz1hCDatwIOMuqZ1CFKPW.jpg
1600028,La celda de los milagros (2025),"{""latino"":{""url"":""https://ok.ru/videoembed/11793053190785?autoplay=1"",""quality"":""HD""}}",/9r8cliN3yOnofSJG5La1RbZA3kw.jpg,2026-02-20 12:42:00-03,[18],7.438,7.3032,2025-12-25,,,185,[],/fIuuYkIjF9Q7W26YbIeKX5OWwiL.jpg
1601797,¿Quieres Ser Mi Novia? (2026),"{""latino"":{""url"":""https://ok.ru/videoembed/13525225048691?autoplay=1"",""quality"":""1080P""}}",/oscW8xV8EhRYj7iAhyVlBohKqxo.jpg,2026-04-21 20:59:00-03,"[35,10749]",8.528,105.0466,2026-02-12,B-15,,14,"[""amor"",""relación""]",/1ZruuRXztqC3QQybbgbVxVrdNjv.jpg
1602705,Una carta a mi juventud (2026),"{""latino"":{""url"":""https://ok.ru/videoembed/12052560349761?autoplay=1"",""quality"":""HD""},""castellano"":{""url"":""https://ok.ru/videoembed/12052560153153?autoplay=1"",""quality"":""HD""},""subtitulado"":{""url"":""https://ok.ru/videoembed/12052560480833?autoplay=1"",""quality"":""HD""}}",/cGK8JlZYwoP7enoICiawXJ5vDz.jpg,2026-02-20 14:22:00-03,[18],7.3,4.6342,2026-01-29,+13,,359,"[""melancholy"",""meditative"",""philosophical"",""reflective"",""playful"",""inspirational"",""teenager"",""bewildered"",""familiar""]",/3RaVf9MWpB74kK8AtPJ7DJmfZNA.jpg
1608982,De las cenizas: Bajo tierra (2026),"{""latino"":{""url"":""https://ok.ru/videoembed/11044611885629?autoplay=1"",""quality"":""HD""}}",/jl3reSLwDzDKAdSkMXoUAcwqeMg.jpg,2026-03-12 16:02:00-03,"[53,18]",3.9,6.3547,2026-01-21,+13,,217,"[""sequel"",""school""]",/uiSaYXR0jLLWma0EPA1tcBhX6wT.jpg
1611398,Un hombre por semana (2026),"{""latino"":{""url"":""https://ok.ru/videoembed/12465241066124?autoplay=1"",""quality"":""HD""}}",/rHwOvosfDFRsjBihdh9dIHnMgbO.jpg,2026-03-29 11:59:00-03,"[35,10749,18]",6.762,10.1327,2026-01-08,B-15,,149,"[""amused"",""mexican comedy""]",/z4rHWzEQlg4DGy3fiGeOzjmfkyP.jpg
1613798,Venganza (2026),"{""latino"":{""url"":""https://ok.ru/videoembed/13524999998067?autoplay=1"",""quality"":""1080P""}}",/ggJGx8fwwy21gEIXYusIlHcUn8z.jpg,2026-04-21 21:20:00-03,"[28,53]",6.759,214.5423,2026-02-26,B-15,"Drug Consumption, Violence, Language, Sexuality, Stressful Scenes",4,"[""revenge"",""betrayal"",""manhunt"",""vengeance"",""action thriller"",""revenge mission"",""corrupt officials"",""deadly confrontation"",""dark secrets"",""redemption quest"",""ruthless enemies"",""personal justice"",""violent retaliation"",""innocent victim""]",/jJmlCFi5EjpH5vHmOczRiVDm0qS.jpg
1618945,¡Uf! ¿Solo amigos? (2026),"{""latino"":{""url"":""https://ok.ru/videoembed/12391172213426?autoplay=1"",""quality"":""HD""},""castellano"":{""url"":""https://ok.ru/videoembed/11444270008961?autoplay=1"",""quality"":""HD""}}",/fDcHWsESmG7j8fnVbPxR6dQz0vA.jpg,2026-03-06 19:16:00-03,"[10749,35]",6.286,4.969,2026-02-06,+13,,308,[],/1EVHnzF3gescyQZSqwbx5LfQ1EN.jpg
1620991,La investigación sobre Lucy Letby (2026),"{""latino"":{""url"":""https://ok.ru/videoembed/11384268458625?autoplay=1"",""quality"":""HD""}}",/qhNThwc72GqihJhXaP29Af5hJ2A.jpg,2026-02-05 19:30:00-03,"[99,80]",7.2,5.516,2026-02-04,PG-13,,259,"[""nurse"",""serial killer"",""true crime"",""life sentence"",""life imprisonment"",""infanticide"",""female serial killer""]",/qhSfXdkrIzwYsyQ3Z9ehFmO3zjy.jpg
1620996,La caja azul (2026),"{""latino"":{""url"":""https://ok.ru/videoembed/13524696435315?autoplay=1"",""quality"":""1080P""}}",/dkIzjzfv7TbXqjbJKM51CZYORaR.jpg,2026-04-21 21:21:00-03,"[10749,53]",6.7,26.086,2026-04-16,,,50,"[""psychological thriller"",""online dating"",""romantic thriller""]",/9NyHabsIT6aVdLKw7ZYsBn7Vw6R.jpg
1623125,Una historia de gorilas contada por David Attenborough (2026),"{""latino"":{""url"":""https://ok.ru/videoembed/13570188380787?autoplay=1"",""quality"":""1080P""},""castellano"":{""url"":""https://ok.ru/videoembed/13569990134387?autoplay=1"",""quality"":""1080P""},""subtitulado"":{""url"":""https://ok.ru/videoembed/13570421623411?autoplay=1"",""quality"":""1080P""}}",/kyfsiPQsJxdgf8gOtYkUhwojN6l.jpg,2026-04-21 21:58:00-03,[99],8.6,12.5042,2026-04-16,PG,,114,"[""rwanda"",""gorilla"",""nature documentary"",""animal behaviour"",""baby gorilla"",""animal documentary"",""animal behavior""]",/hQFl9Ph7KXcRDc3BbN9mGkNivNh.jpg
1624327,Memoria de la heroína (2025),"{""latino"":{""url"":""https://ok.ru/videoembed/11225243060865?autoplay=1"",""quality"":""HD""}}",/g2F46XNUr7wQfGspKeTd5xY3uQ8.jpg,2026-02-07 15:39:00-03,[],0,0.0721,2025-12-31,,,1369,[],
1630433,La línea roja (2026),"{""latino"":{""url"":""https://ok.ru/videoembed/12808625195635?autoplay=1"",""quality"":""HD""},""castellano"":{""url"":""https://ok.ru/videoembed/12808687323763?autoplay=1"",""quality"":""HD""},""subtitulado"":{""url"":""https://ok.ru/videoembed/12808540981875?autoplay=1"",""quality"":""HD""}}",/2jZkzmwSLaWO7GTWVjUsmv2SR9F.jpg,2026-03-29 21:55:00-03,"[53,80,18]",7.357,12.2018,2026-03-22,C,,118,[],/qbbx3NDw6FrtQSrKdxn9n72xJzO.jpg
1659087,180 (2026),"{""latino"":{""url"":""https://ok.ru/videoembed/13524096518771?autoplay=1"",""quality"":""1080P""},""castellano"":{""url"":""https://ok.ru/videoembed/13524075416179?autoplay=1"",""quality"":""1080P""},""subtitulado"":{""url"":""https://ok.ru/videoembed/13524119652979?autoplay=1"",""quality"":""1080P""}}",/aQm2NXs52FNasxHawM76ybyZkRB.jpg,2026-04-21 21:50:00-03,"[53,80,18]",5.224,72.1869,2026-04-16,C,,21,"[""revenge""]",/iQSXJs6RbTumcwxMjCedDoK99rx.jpg
1669929,La huella del oro (2026),"{""latino"":{""url"":""https://ok.ru/videoembed/13417557002867?autoplay=1"",""quality"":""1080P""}}",/ldroECj55Ay4Qh4gUlbKEttly4i.jpg,2026-04-16 00:48:00-03,"[16,28,18]",10,0.9368,2026-04-13,PG,,1082,[],/tWgcmID3U63WdWcoXEPcJA81HL7.jpg